Data_Type,p,mc,TargetType,Target,Metric,Synthesis_Model,Synth_Family,matched_rel_orig,matched_delta,off_diagonal_delta,n_off_diagonal,diagonal_advantage,ceiling_constrained
hierarchical,6,1,Categorical,C1,Accuracy,bnhiersyn,bn,0.8574558048260741,0.14254419517392591,0.0074965913801337,3,0.13504760379379221,FALSE
hierarchical,6,1,Categorical,C1,Accuracy,carthiersyn,cart,1,0,-0.004720918174952179,3,0.004720918174952179,TRUE
hierarchical,6,1,Categorical,C1,Accuracy,parmhiersyn,parm,0.9557061503583435,0.0442938496416565,-0.08744368385005644,3,0.13173753349171294,FALSE
hierarchical,6,1,Categorical,C1,Accuracy,svmhiersyn,svm,0.9851353433647316,0.01373941602491673,0.0018921353458852667,3,0.011847280679031463,FALSE
hierarchical,6,1,Categorical,C1,F1,bnhiersyn,bn,0.8567218862094466,0.14327811379055344,0.007476849378739781,3,0.13580126441181367,FALSE
hierarchical,6,1,Categorical,C1,F1,carthiersyn,cart,1,0,-0.004804678128008769,3,0.004804678128008769,TRUE
hierarchical,6,1,Categorical,C1,F1,parmhiersyn,parm,0.9557218828828481,0.044278117117151905,-0.0996766879094038,3,0.14395480502655572,FALSE
hierarchical,6,1,Categorical,C1,F1,svmhiersyn,svm,0.9851271591557769,0.013685155517418779,6.275292972846167e-4,3,0.013057626220134162,FALSE
hierarchical,6,1,Categorical,C1,Specificity,bnhiersyn,bn,0.9711038749175103,0.028896125082489732,3.878260235202176e-4,3,0.028508299058969514,FALSE
hierarchical,6,1,Categorical,C1,Specificity,carthiersyn,cart,1,0,-7.51478025174531e-4,3,7.51478025174531e-4,TRUE
hierarchical,6,1,Categorical,C1,Specificity,parmhiersyn,parm,0.994954415975438,0.005045584024562011,-0.017846891559380476,3,0.022892475583942487,FALSE
hierarchical,6,1,Categorical,C1,Specificity,svmhiersyn,svm,0.9983179241719365,0.0015103288955846672,-6.421592178916356e-4,3,0.0021524881134763027,FALSE
hierarchical,6,1,Categorical,C2,Accuracy,bnhiersyn,bn,0.8453013503008397,0.1538570126453216,0.06572481409919965,3,0.08813219854612193,FALSE
hierarchical,6,1,Categorical,C2,Accuracy,carthiersyn,cart,1,0,-0.016223107517386634,3,0.016223107517386634,TRUE
hierarchical,6,1,Categorical,C2,Accuracy,parmhiersyn,parm,0.8078406305090643,0.1921593694909357,0.004695076880527757,3,0.18746429261040795,FALSE
hierarchical,6,1,Categorical,C2,Accuracy,svmhiersyn,svm,0.9830171799681116,0.016982820031888446,-0.014648788504721098,3,0.03163160853660954,FALSE
hierarchical,6,1,Categorical,C2,F1,bnhiersyn,bn,0.8201145617313861,0.1793950011691517,0.07541702248550378,3,0.10397797868364791,FALSE
hierarchical,6,1,Categorical,C2,F1,carthiersyn,cart,1,0,-0.01693587045392581,3,0.01693587045392581,TRUE
hierarchical,6,1,Categorical,C2,F1,parmhiersyn,parm,0.7770680989006802,0.22293190109931982,-0.00943948967496643,3,0.23237139077428626,FALSE
hierarchical,6,1,Categorical,C2,F1,svmhiersyn,svm,0.9838385316077479,0.016161468392252076,-0.00903292023989611,3,0.025194388632148186,FALSE
hierarchical,6,1,Categorical,C2,Specificity,bnhiersyn,bn,0.938810287967225,0.061068027569699444,0.02106582458795324,3,0.040002202981746206,FALSE
hierarchical,6,1,Categorical,C2,Specificity,carthiersyn,cart,1,0,-0.003968689413999992,3,0.003968689413999992,TRUE
hierarchical,6,1,Categorical,C2,Specificity,parmhiersyn,parm,0.9354365213369685,0.06338119860538279,0.0016750340721076581,3,0.061706164533275126,FALSE
hierarchical,6,1,Categorical,C2,Specificity,svmhiersyn,svm,0.9976033288768603,0.002396671123139682,0.003597937148713104,3,-0.0012012660255734222,FALSE
hierarchical,6,1,Categorical,C3,Accuracy,bnhiersyn,bn,0.7409156701403802,0.2588875073128112,0.09140443111354911,3,0.16748307619926206,FALSE
hierarchical,6,1,Categorical,C3,Accuracy,carthiersyn,cart,1,0,0.014400641466579949,3,-0.014400641466579949,TRUE
hierarchical,6,1,Categorical,C3,Accuracy,parmhiersyn,parm,0.7313387187498067,0.2686612812501933,0.06931746007536488,3,0.1993438211748284,FALSE
hierarchical,6,1,Categorical,C3,Accuracy,svmhiersyn,svm,0.9287923885674255,-0.17156937855979537,-0.10914812200399689,3,-0.062421256555798485,FALSE
hierarchical,6,1,Categorical,C3,F1,bnhiersyn,bn,0.7407273778847142,0.2587081144552648,0.09219844097432638,3,0.16650967348093842,FALSE
hierarchical,6,1,Categorical,C3,F1,carthiersyn,cart,1,0,0.013584487347660105,3,-0.013584487347660105,TRUE
hierarchical,6,1,Categorical,C3,F1,parmhiersyn,parm,0.7156234023193498,0.28437659768065016,-0.011809560325587241,3,0.2961861580062374,FALSE
hierarchical,6,1,Categorical,C3,F1,svmhiersyn,svm,0.9254659907580567,-0.17013758229004222,-0.11133411801648449,3,-0.05880346427355773,FALSE
hierarchical,6,1,Categorical,C3,Specificity,bnhiersyn,bn,0.920785703206935,0.07805174447782401,0.03422798639597987,3,0.04382375808184414,FALSE
hierarchical,6,1,Categorical,C3,Specificity,carthiersyn,cart,1,0,0.006132383142493469,3,-0.006132383142493469,TRUE
hierarchical,6,1,Categorical,C3,Specificity,parmhiersyn,parm,0.8873065837605774,0.11269341623942264,-0.007492025812462829,3,0.12018544205188547,FALSE
hierarchical,6,1,Categorical,C3,Specificity,svmhiersyn,svm,0.973299282640668,-0.07424874677705229,-0.06244094167734691,3,-0.01180780509970538,FALSE
hierarchical,6,1,Continuous,X1,MAE,carthiersyn,cart,1,0,-0.0236782340718229,2,0.0236782340718229,TRUE
hierarchical,6,1,Continuous,X1,MAE,parmhiersyn,parm,0.4299139740889628,0.5700860259110372,-0.004691616735458228,2,0.5747776426464954,FALSE
hierarchical,6,1,Continuous,X1,MAE,svmhiersyn,svm,0.9502746972880762,-0.4142783886246029,-0.06836277923613339,2,-0.34591560938846955,FALSE
hierarchical,6,1,Continuous,X1,RMSE,carthiersyn,cart,1,0,-0.01600877893412879,2,0.01600877893412879,TRUE
hierarchical,6,1,Continuous,X1,RMSE,parmhiersyn,parm,0.6141462573619967,0.3858537426380033,-5.540593962062648e-4,2,0.3864078020342096,FALSE
hierarchical,6,1,Continuous,X1,RMSE,svmhiersyn,svm,0.9409513707090732,-0.2784522181060308,-0.05846489097789172,2,-0.21998732712813912,FALSE
hierarchical,6,1,Continuous,X1,R_squared,carthiersyn,cart,1,0,-0.02674511057710588,2,0.02674511057710588,TRUE
hierarchical,6,1,Continuous,X1,R_squared,parmhiersyn,parm,0.37731048636719783,0.6226895136328021,-0.001123799051839014,2,0.6238133126846411,FALSE
hierarchical,6,1,Continuous,X1,R_squared,svmhiersyn,svm,0.885106863350453,-0.4450079411272355,-0.06461861971133522,2,-0.3803893214159003,FALSE
hierarchical,6,1,Continuous,X2,MAE,carthiersyn,cart,1,0,-0.002316008531879321,2,0.002316008531879321,TRUE
hierarchical,6,1,Continuous,X2,MAE,parmhiersyn,parm,0.790244429203226,0.19832825873397547,0.0874818467791991,2,0.11084641195477637,FALSE
hierarchical,6,1,Continuous,X2,MAE,svmhiersyn,svm,0.8054791244016895,0.043187414584947036,0.04312605262861617,2,6.136195633086455e-5,FALSE
hierarchical,6,1,Continuous,X2,RMSE,carthiersyn,cart,1,0,0.00655820344775968,2,-0.00655820344775968,TRUE
hierarchical,6,1,Continuous,X2,RMSE,parmhiersyn,parm,0.8670685901214547,0.13293140987854535,0.043043128223223356,2,0.08988828165532199,FALSE
hierarchical,6,1,Continuous,X2,RMSE,svmhiersyn,svm,0.8837825925779474,0.09569150085971363,0.03809265527162707,2,0.05759884558808656,FALSE
hierarchical,6,1,Continuous,X2,R_squared,carthiersyn,cart,1,0,0.01134320069688528,2,-0.01134320069688528,TRUE
hierarchical,6,1,Continuous,X2,R_squared,parmhiersyn,parm,0.7519553195017318,0.24804468049826822,0.07950978471377985,2,0.16853489578448838,FALSE
hierarchical,6,1,Continuous,X2,R_squared,svmhiersyn,svm,0.7817931441663911,0.17606383412282364,0.06993660927885978,2,0.10612722484396386,FALSE
hierarchical,6,1,Continuous,X3,MAE,carthiersyn,cart,1,0,0.04158001310181325,2,-0.04158001310181325,TRUE
hierarchical,6,1,Continuous,X3,MAE,parmhiersyn,parm,0.04409191120619911,0.9559080887938008,0.4191372279567328,2,0.536770860837068,FALSE
hierarchical,6,1,Continuous,X3,MAE,svmhiersyn,svm,0.10637303304447204,0.7921976456975417,0.19494666832364596,2,0.5972509773738958,FALSE
hierarchical,6,1,Continuous,X3,RMSE,carthiersyn,cart,1,0,0.08954200292048034,2,-0.08954200292048034,TRUE
hierarchical,6,1,Continuous,X3,RMSE,parmhiersyn,parm,0.054388936518424455,0.9456110634815755,0.42157760511380676,2,0.5240334583677688,FALSE
hierarchical,6,1,Continuous,X3,RMSE,svmhiersyn,svm,0.10131379281487833,0.7973407127857735,0.21892364616465618,2,0.5784170666211172,FALSE
hierarchical,6,1,Continuous,X3,R_squared,carthiersyn,cart,1,0,0.0241703278412636,2,-0.0241703278412636,TRUE
hierarchical,6,1,Continuous,X3,R_squared,parmhiersyn,parm,0.003019946663597954,0.996980053336402,0.4405486630079492,2,0.5564313903284528,FALSE
hierarchical,6,1,Continuous,X3,R_squared,svmhiersyn,svm,0.010471379153969623,0.7964993726277542,0.11981139537518917,2,0.676687977252565,FALSE
hierarchical,6,2,Categorical,C1,Accuracy,bnhiersyn,bn,0.8766258315866281,0.1233741684133719,0.07830123682203219,3,0.04507293159133971,FALSE
hierarchical,6,2,Categorical,C1,Accuracy,carthiersyn,cart,1,0,0.0026452950622077864,3,-0.0026452950622077864,TRUE
hierarchical,6,2,Categorical,C1,Accuracy,parmhiersyn,parm,0.7492670225472918,0.25073297745270817,-0.011603329306455645,3,0.2623363067591638,FALSE
hierarchical,6,2,Categorical,C1,Accuracy,svmhiersyn,svm,0.9707029767057083,0.008609729065784211,0.029794276823347916,3,-0.021184547757563704,FALSE
hierarchical,6,2,Categorical,C1,F1,bnhiersyn,bn,0.8766347320520301,0.12336526794796987,0.07753000649220033,3,0.045835261455769535,FALSE
hierarchical,6,2,Categorical,C1,F1,carthiersyn,cart,1,0,0.0024747968815015545,3,-0.0024747968815015545,TRUE
hierarchical,6,2,Categorical,C1,F1,parmhiersyn,parm,0.751395720278076,0.248604279721924,-0.01898351030257729,3,0.2675877900245013,FALSE
hierarchical,6,2,Categorical,C1,F1,svmhiersyn,svm,0.9707527676540072,0.008581730191680648,0.028911110932358156,3,-0.020329380740677507,FALSE
hierarchical,6,2,Categorical,C1,Specificity,bnhiersyn,bn,0.9631359763687534,0.03670257999975968,0.026001103548168075,3,0.010701476451591602,FALSE
hierarchical,6,2,Categorical,C1,Specificity,carthiersyn,cart,1,0,7.856105830962227e-4,3,-7.856105830962227e-4,TRUE
hierarchical,6,2,Categorical,C1,Specificity,parmhiersyn,parm,0.9213660799650053,0.0786339200349947,0.003251363444787507,3,0.07538255659020719,FALSE
hierarchical,6,2,Categorical,C1,Specificity,svmhiersyn,svm,0.9906771775564234,0.003759280490273764,0.011720784213354474,3,-0.00796150372308071,FALSE
hierarchical,6,2,Categorical,C2,Accuracy,bnhiersyn,bn,0.8026301180515445,0.19701900902960393,0.07536346107767178,3,0.12165554795193215,FALSE
hierarchical,6,2,Categorical,C2,Accuracy,carthiersyn,cart,1,0,0.002720697157024528,3,-0.002720697157024528,TRUE
hierarchical,6,2,Categorical,C2,Accuracy,parmhiersyn,parm,0.7633189752890501,0.23668102471094987,-0.023824782391078252,3,0.26050580710202814,FALSE
hierarchical,6,2,Categorical,C2,Accuracy,svmhiersyn,svm,0.9441169802765813,0.05588301972341869,0.05610678750667203,3,-2.237677832533369e-4,FALSE
hierarchical,6,2,Categorical,C2,F1,bnhiersyn,bn,0.8015081783890697,0.19849182161093026,0.07821456332790112,3,0.12027725828302914,FALSE
hierarchical,6,2,Categorical,C2,F1,carthiersyn,cart,1,0,0.00257384497672725,3,-0.00257384497672725,TRUE
hierarchical,6,2,Categorical,C2,F1,parmhiersyn,parm,0.75363398462500375,0.24636601537499625,-0.033555066471232756,3,0.279921081846229,FALSE
hierarchical,6,2,Categorical,C2,F1,svmhiersyn,svm,0.9436194038043346,0.05638059619566538,0.05247831224175399,3,0.003902283953911387,FALSE
hierarchical,6,2,Categorical,C2,Specificity,bnhiersyn,bn,0.9667707153875815,0.033229284612418475,0.014971973895942988,3,0.01825731071647549,FALSE
hierarchical,6,2,Categorical,C2,Specificity,carthiersyn,cart,1,0,2.6980228104900306e-4,3,-2.6980228104900306e-4,TRUE
hierarchical,6,2,Categorical,C2,Specificity,parmhiersyn,parm,0.954818396531207,0.045181603468792964,-0.0011051939134359907,3,0.046286797382228954,FALSE
hierarchical,6,2,Categorical,C2,Specificity,svmhiersyn,svm,0.9902663020374338,0.009733697962566179,0.008801865437000381,3,9.31832525565798e-4,FALSE
hierarchical,6,2,Categorical,C3,Accuracy,bnhiersyn,bn,0.8480075546548425,0.1511690842257467,0.07208180070078828,3,0.07908728352495843,FALSE
hierarchical,6,2,Categorical,C3,Accuracy,carthiersyn,cart,1,0,0.007235206148917046,3,-0.007235206148917046,TRUE
hierarchical,6,2,Categorical,C3,Accuracy,parmhiersyn,parm,0.8126909789047311,0.18730902109526892,0.052092756803394806,3,0.1352162642918741,FALSE
hierarchical,6,2,Categorical,C3,Accuracy,svmhiersyn,svm,0.951016648911585,0.048953645787114496,0.0752914215787891,3,-0.0263377757916746,FALSE
hierarchical,6,2,Categorical,C3,F1,bnhiersyn,bn,0.8512125821706561,0.14792345943294966,0.09054392279866905,3,0.05737953663428061,FALSE
hierarchical,6,2,Categorical,C3,F1,carthiersyn,cart,1,0,0.008117133692415276,3,-0.008117133692415276,TRUE
hierarchical,6,2,Categorical,C3,F1,parmhiersyn,parm,0.7649995702989967,0.23500042970100332,0.005219337508598693,3,0.22978109219240464,FALSE
hierarchical,6,2,Categorical,C3,F1,svmhiersyn,svm,0.9454282465538228,0.05457175344617715,0.08180544522650271,3,-0.02723369178032556,FALSE
hierarchical,6,2,Categorical,C3,Specificity,bnhiersyn,bn,0.9282524559390511,0.06191947585715605,0.06665141937396903,3,-0.004731943516812977,FALSE
hierarchical,6,2,Categorical,C3,Specificity,carthiersyn,cart,1,0,0.003753609636777296,3,-0.003753609636777296,TRUE
hierarchical,6,2,Categorical,C3,Specificity,parmhiersyn,parm,0.8148575148466275,0.1851424851533725,-0.024732196891727003,3,0.20987468204509951,FALSE
hierarchical,6,2,Categorical,C3,Specificity,svmhiersyn,svm,0.9548621396336024,0.04513786036639755,0.045962734417222303,3,-8.248740508247504e-4,FALSE
hierarchical,6,2,Continuous,X1,MAE,carthiersyn,cart,1,0,-0.037007964876332046,2,0.037007964876332046,TRUE
hierarchical,6,2,Continuous,X1,MAE,parmhiersyn,parm,0.5063661991099585,0.4936338008900415,-0.046572768131424226,2,0.5402065690214657,FALSE
hierarchical,6,2,Continuous,X1,MAE,svmhiersyn,svm,0.9823958878463905,-0.5538865698212359,-0.11932067691619928,2,-0.43456589290503655,FALSE
hierarchical,6,2,Continuous,X1,RMSE,carthiersyn,cart,1,0,-0.011119213640210401,2,0.011119213640210401,TRUE
hierarchical,6,2,Continuous,X1,RMSE,parmhiersyn,parm,0.6049080488006426,0.39509195119935736,0.017442699517034768,2,0.3776492516823226,FALSE
hierarchical,6,2,Continuous,X1,RMSE,svmhiersyn,svm,0.8562631602429531,-0.2930003745756728,-0.07452678308484639,2,-0.2184735914908264,FALSE
hierarchical,6,2,Continuous,X1,R_squared,carthiersyn,cart,1,0,-0.016139690943514563,2,0.016139690943514563,TRUE
hierarchical,6,2,Continuous,X1,R_squared,parmhiersyn,parm,0.3658313083964815,0.6341686916035185,0.03007846236722926,2,0.6040902292362893,FALSE
hierarchical,6,2,Continuous,X1,R_squared,svmhiersyn,svm,0.7324029144624669,-0.41369928571896303,-0.07847943760311105,2,-0.335219848115852,FALSE
hierarchical,6,2,Continuous,X2,MAE,carthiersyn,cart,1,0,0.00818746532296243,2,-0.00818746532296243,TRUE
hierarchical,6,2,Continuous,X2,MAE,parmhiersyn,parm,0.162143632620872,0.8378563673791279,0.2685376195027233,2,0.5693187478764046,FALSE
hierarchical,6,2,Continuous,X2,MAE,svmhiersyn,svm,0.40171741736052236,0.19817561338625228,0.061158951487379834,2,0.13701666189887246,FALSE
hierarchical,6,2,Continuous,X2,RMSE,carthiersyn,cart,1,0,0.00789308107912411,2,-0.00789308107912411,TRUE
hierarchical,6,2,Continuous,X2,RMSE,parmhiersyn,parm,0.2326610642257021,0.7673389357742979,0.2413105929541653,2,0.5260283428201327,FALSE
hierarchical,6,2,Continuous,X2,RMSE,svmhiersyn,svm,0.4557861873895254,0.1553860532245606,0.050852484888375606,2,0.10453356833618499,FALSE
hierarchical,6,2,Continuous,X2,R_squared,carthiersyn,cart,1,0,0.006611488912650396,2,-0.006611488912650396,TRUE
hierarchical,6,2,Continuous,X2,R_squared,parmhiersyn,parm,0.05426480400010494,0.9457351959998951,0.3357578749609327,2,0.6099773210389624,FALSE
hierarchical,6,2,Continuous,X2,R_squared,svmhiersyn,svm,0.20784490209227646,0.16631170028535128,0.028860742107585775,2,0.1374509581777655,FALSE
hierarchical,6,2,Continuous,X3,MAE,carthiersyn,cart,1,0,0.05353516124829038,2,-0.05353516124829038,TRUE
hierarchical,6,2,Continuous,X3,MAE,parmhiersyn,parm,0.04925082750759915,0.9331768743610583,0.36116563657388706,2,0.5720112377871713,FALSE
hierarchical,6,2,Continuous,X3,MAE,svmhiersyn,svm,0.23917964843605294,0.6597344480311561,0.14836027701997107,2,0.511374171011185,FALSE
hierarchical,6,2,Continuous,X3,RMSE,carthiersyn,cart,1,0,0.19940124773437345,2,-0.19940124773437345,TRUE
hierarchical,6,2,Continuous,X3,RMSE,parmhiersyn,parm,0.06282180338296549,0.9367113892815357,0.35557689785255636,2,0.5811344914289793,FALSE
hierarchical,6,2,Continuous,X3,RMSE,svmhiersyn,svm,0.26544094652408684,0.6886445958752818,0.21617161122187664,2,0.47247298465340515,FALSE
hierarchical,6,2,Continuous,X3,R_squared,carthiersyn,cart,1,0,0.14491616431031812,2,-0.14491616431031812,TRUE
hierarchical,6,2,Continuous,X3,R_squared,parmhiersyn,parm,0.0040033140288819715,0.9949938223214853,0.44122716080653873,2,0.5537666615149466,FALSE
hierarchical,6,2,Continuous,X3,R_squared,svmhiersyn,svm,0.07145603648919835,0.8373138554708928,0.12072011940490066,2,0.7165937360659921,FALSE
hierarchical,6,3,Categorical,C1,Accuracy,bnhiersyn,bn,0.986194763707022,0.01380523629297803,0.024930998895717402,3,-0.011125762602739373,FALSE
hierarchical,6,3,Categorical,C1,Accuracy,carthiersyn,cart,1,0,0.0015355286839179008,3,-0.0015355286839179008,TRUE
hierarchical,6,3,Categorical,C1,Accuracy,parmhiersyn,parm,0.9196909068479568,0.08030909315204315,-0.056973651786070986,3,0.13728274493811415,FALSE
hierarchical,6,3,Categorical,C1,Accuracy,svmhiersyn,svm,0.9988000298179907,-0.005503428412712586,-0.016603684247790195,3,0.01110025583507761,FALSE
hierarchical,6,3,Categorical,C1,F1,bnhiersyn,bn,0.9862130349583822,0.013786965041617805,0.024928133251012743,3,-0.011141168209394939,FALSE
hierarchical,6,3,Categorical,C1,F1,carthiersyn,cart,1,0,0.001526876743702643,3,-0.001526876743702643,TRUE
hierarchical,6,3,Categorical,C1,F1,parmhiersyn,parm,0.9197339537267462,0.08026604627325384,-0.05813860440176881,3,0.13840465067502267,FALSE
hierarchical,6,3,Categorical,C1,F1,svmhiersyn,svm,0.9988000916086149,-0.005503502645611858,-0.016701537741253804,3,0.011198035095641946,FALSE
hierarchical,6,3,Categorical,C1,Specificity,bnhiersyn,bn,0.9956467939807252,0.004337791617175646,0.009481259581364017,3,-0.00514346796418837,FALSE
hierarchical,6,3,Categorical,C1,Specificity,carthiersyn,cart,1,0,6.361342640881951e-4,3,-6.361342640881951e-4,TRUE
hierarchical,6,3,Categorical,C1,Specificity,parmhiersyn,parm,0.9703427661914282,0.02965723380857177,-0.018684275926295735,3,0.048341509734867505,FALSE
hierarchical,6,3,Categorical,C1,Specificity,svmhiersyn,svm,0.999564611929839,-0.0020682155990049632,-0.006558011613563242,3,0.004489796014558279,FALSE
hierarchical,6,3,Categorical,C2,Accuracy,bnhiersyn,bn,0.6918423187908582,0.2761228202590638,0.15304404302798394,3,0.12307877723107988,FALSE
hierarchical,6,3,Categorical,C2,Accuracy,carthiersyn,cart,1,0,-0.003746762855746325,3,0.003746762855746325,TRUE
hierarchical,6,3,Categorical,C2,Accuracy,parmhiersyn,parm,0.6099448036512691,0.39005519634873087,0.08719971272654832,3,0.30285548362218256,FALSE
hierarchical,6,3,Categorical,C2,Accuracy,svmhiersyn,svm,0.8695571739952498,0.1293845853354492,0.16982867493500367,3,-0.04044408959955448,FALSE
hierarchical,6,3,Categorical,C2,F1,bnhiersyn,bn,0.6795121413698003,0.28761600608230636,0.16755978500150764,3,0.12005622108079872,FALSE
hierarchical,6,3,Categorical,C2,F1,carthiersyn,cart,1,0,-0.002213220180439975,3,0.002213220180439975,TRUE
hierarchical,6,3,Categorical,C2,F1,parmhiersyn,parm,0.5824237009186479,0.4175762990813521,0.035935874220730156,3,0.38164042486062194,FALSE
hierarchical,6,3,Categorical,C2,F1,svmhiersyn,svm,0.8526931194256518,0.14725000643709404,0.16121311307953068,3,-0.013963106642436635,FALSE
hierarchical,6,3,Categorical,C2,Specificity,bnhiersyn,bn,0.9422787726245154,0.04547949411780718,0.02720346646254411,3,0.018276027655263073,FALSE
hierarchical,6,3,Categorical,C2,Specificity,carthiersyn,cart,1,0,3.207564229549043e-4,3,-3.207564229549043e-4,TRUE
hierarchical,6,3,Categorical,C2,Specificity,parmhiersyn,parm,0.9238303161235064,0.07616968387649359,0.00844693904050553,3,0.06772274483598806,FALSE
hierarchical,6,3,Categorical,C2,Specificity,svmhiersyn,svm,0.9781357705432676,0.021864229456732387,0.028935614976391997,3,-0.00707138551965961,FALSE
hierarchical,6,3,Categorical,C3,Accuracy,bnhiersyn,bn,0.6906158761975759,0.2806708707443702,0.15727430428026057,3,0.12339656646410962,FALSE
hierarchical,6,3,Categorical,C3,Accuracy,carthiersyn,cart,1,0,0.008164688522973784,3,-0.008164688522973784,TRUE
hierarchical,6,3,Categorical,C3,Accuracy,parmhiersyn,parm,0.6537538680804154,0.34624613191958464,0.08331967976871475,3,0.2629264521508699,FALSE
hierarchical,6,3,Categorical,C3,Accuracy,svmhiersyn,svm,0.8365876701788901,0.1628360725164993,0.10472785375567072,3,0.05810821876082857,FALSE
hierarchical,6,3,Categorical,C3,F1,bnhiersyn,bn,0.6472833776844309,0.32341665067583464,0.1742543945135117,3,0.14916225616232293,FALSE
hierarchical,6,3,Categorical,C3,F1,carthiersyn,cart,1,0,0.007304666626008105,3,-0.007304666626008105,TRUE
hierarchical,6,3,Categorical,C3,F1,parmhiersyn,parm,0.6094001930634154,0.3905998069365846,0.07523716070085637,3,0.3153626462357282,FALSE
hierarchical,6,3,Categorical,C3,F1,svmhiersyn,svm,0.8228755081992581,0.17624391540931478,0.12302668864443561,3,0.053217226764879166,FALSE
hierarchical,6,3,Categorical,C3,Specificity,bnhiersyn,bn,0.9446097446950904,0.04970206437120546,0.031198841391882826,3,0.018503222979322633,FALSE
hierarchical,6,3,Categorical,C3,Specificity,carthiersyn,cart,1,0,5.81024414202358e-4,3,-5.81024414202358e-4,TRUE
hierarchical,6,3,Categorical,C3,Specificity,parmhiersyn,parm,0.9243580931410823,0.0756419068589177,0.012733638938996825,3,0.06290826791992087,FALSE
hierarchical,6,3,Categorical,C3,Specificity,svmhiersyn,svm,0.9750907849884138,0.024139745390918566,0.02491410762594825,3,-7.743622350296839e-4,FALSE
hierarchical,6,3,Continuous,X1,MAE,carthiersyn,cart,1,0,-0.017515132655877813,2,0.017515132655877813,TRUE
hierarchical,6,3,Continuous,X1,MAE,parmhiersyn,parm,0.4435792838840919,0.556420716115908,-0.0010793913239747072,2,0.5575001074398828,FALSE
hierarchical,6,3,Continuous,X1,MAE,svmhiersyn,svm,0.8542006579064022,-0.29309780189632595,-0.05863603304812023,2,-0.23446176884820571,FALSE
hierarchical,6,3,Continuous,X1,RMSE,carthiersyn,cart,1,0,-0.02823746614942154,2,0.02823746614942154,TRUE
hierarchical,6,3,Continuous,X1,RMSE,parmhiersyn,parm,0.5438244697381621,0.4561755302618379,-0.005733628371683154,2,0.46190915863352106,FALSE
hierarchical,6,3,Continuous,X1,RMSE,svmhiersyn,svm,0.8617101221529007,-0.10981459118893688,-0.015626572153823702,2,-0.09418801903511317,FALSE
hierarchical,6,3,Continuous,X1,R_squared,carthiersyn,cart,1,0,-0.03847941442778085,2,0.03847941442778085,TRUE
hierarchical,6,3,Continuous,X1,R_squared,parmhiersyn,parm,0.29590081969720317,0.7040991803027968,-0.01279039891254706,2,0.7168895792153439,FALSE
hierarchical,6,3,Continuous,X1,R_squared,svmhiersyn,svm,0.7430312625066083,-0.1755155639368686,-0.016062819654389084,2,-0.15945274428247952,FALSE
hierarchical,6,3,Continuous,X2,MAE,carthiersyn,cart,1,0,1.9767099423748926e-4,2,-1.9767099423748926e-4,TRUE
hierarchical,6,3,Continuous,X2,MAE,parmhiersyn,parm,0.19193205469526056,0.8080679453047395,0.23558821450368445,2,0.572479730801055,FALSE
hierarchical,6,3,Continuous,X2,MAE,svmhiersyn,svm,0.4642811141541772,0.06442405324271522,0.005231496334501743,2,0.05919255690821348,FALSE
hierarchical,6,3,Continuous,X2,RMSE,carthiersyn,cart,1,0,0.0016957397384947254,2,-0.0016957397384947254,TRUE
hierarchical,6,3,Continuous,X2,RMSE,parmhiersyn,parm,0.1918657164650908,0.8081342835349092,0.2865084371436508,2,0.5216258463912584,FALSE
hierarchical,6,3,Continuous,X2,RMSE,svmhiersyn,svm,0.36266771031916145,0.21857656767685066,0.030483943903208865,2,0.1880926237736418,FALSE
hierarchical,6,3,Continuous,X2,R_squared,carthiersyn,cart,1,0,0.001934594320756372,2,-0.001934594320756372,TRUE
hierarchical,6,3,Continuous,X2,R_squared,parmhiersyn,parm,0.03727538338345475,0.9627246166165453,0.37067675474302614,2,0.5920478618735192,FALSE
hierarchical,6,3,Continuous,X2,R_squared,svmhiersyn,svm,0.13269616035506332,0.20562033370230784,0.013399289388226432,2,0.1922210443140814,FALSE
hierarchical,6,3,Continuous,X3,MAE,carthiersyn,cart,1,0,0.008183010104980517,2,-0.008183010104980517,TRUE
hierarchical,6,3,Continuous,X3,MAE,parmhiersyn,parm,0.052182862780809317,0.9478171372191907,0.3859417709794061,2,0.5618753662397846,FALSE
hierarchical,6,3,Continuous,X3,MAE,svmhiersyn,svm,0.13121479225982102,0.700800672326098,0.18064070805663837,2,0.5201599642694597,FALSE
hierarchical,6,3,Continuous,X3,RMSE,carthiersyn,cart,1,0,0.018321577314918597,2,-0.018321577314918597,TRUE
hierarchical,6,3,Continuous,X3,RMSE,parmhiersyn,parm,0.05796830147746211,0.9420316985225379,0.39026170586581643,2,0.5517699926567214,FALSE
hierarchical,6,3,Continuous,X3,RMSE,svmhiersyn,svm,0.11929658958880669,0.7960758164411061,0.2305316561085296,2,0.5655441603325766,FALSE
hierarchical,6,3,Continuous,X3,R_squared,carthiersyn,cart,1,0,0.004154688926471909,2,-0.004154688926471909,TRUE
hierarchical,6,3,Continuous,X3,R_squared,parmhiersyn,parm,0.0033912407231414276,0.9966087592768585,0.39624561599616165,2,0.6003631432806968,FALSE
hierarchical,6,3,Continuous,X3,R_squared,svmhiersyn,svm,0.01438110153487516,0.8249806450698339,0.13309589583085785,2,0.6918847492389761,FALSE
hierarchical,6,4,Categorical,C1,Accuracy,bnhiersyn,bn,0.7353926973340977,0.2626315471496302,0.12800725964893564,3,0.13462428750069458,FALSE
hierarchical,6,4,Categorical,C1,Accuracy,carthiersyn,cart,1,0,-0.013728227282169492,3,0.013728227282169492,TRUE
hierarchical,6,4,Categorical,C1,Accuracy,parmhiersyn,parm,0.6208628126171064,0.3791371873828936,0.0074089988148163255,3,0.37172818856807727,FALSE
hierarchical,6,4,Categorical,C1,Accuracy,svmhiersyn,svm,0.9281389149139521,0.07186108508604794,0.09300921315187957,3,-0.021148128065831634,FALSE
hierarchical,6,4,Categorical,C1,F1,bnhiersyn,bn,0.7266863469410754,0.27099919734168454,0.1371848275146396,3,0.13381436982704495,FALSE
hierarchical,6,4,Categorical,C1,F1,carthiersyn,cart,1,0,-0.014636935825419983,3,0.014636935825419983,TRUE
hierarchical,6,4,Categorical,C1,F1,parmhiersyn,parm,0.5962935381761919,0.4037064618238081,-0.04330440656964503,3,0.4470108683934531,FALSE
hierarchical,6,4,Categorical,C1,F1,svmhiersyn,svm,0.9268061383044631,0.07319386169553688,0.08367411232588157,3,-0.01048025063034469,FALSE
hierarchical,6,4,Categorical,C1,Specificity,bnhiersyn,bn,0.9357794015490833,0.06320714503519458,0.03420458291982512,3,0.029002562115369453,FALSE
hierarchical,6,4,Categorical,C1,Specificity,carthiersyn,cart,1,0,-0.00327682532603748,3,0.00327682532603748,TRUE
hierarchical,6,4,Categorical,C1,Specificity,parmhiersyn,parm,0.9021083084580223,0.09789169154197774,-0.0011395160904222438,3,0.09903120763239999,FALSE
hierarchical,6,4,Categorical,C1,Specificity,svmhiersyn,svm,0.9811623138834088,0.0188376861165912,0.030922234106922752,3,-0.01208454799033155,FALSE
hierarchical,6,4,Categorical,C2,Accuracy,bnhiersyn,bn,0.6902476170529808,0.30972629003750185,0.16976817383634155,3,0.1399581162011603,FALSE
hierarchical,6,4,Categorical,C2,Accuracy,carthiersyn,cart,1,0,-4.850996542153923e-5,3,4.850996542153923e-5,TRUE
hierarchical,6,4,Categorical,C2,Accuracy,parmhiersyn,parm,0.5441232043008156,0.4558767956991844,0.11934203306728652,3,0.33653476263189785,FALSE
hierarchical,6,4,Categorical,C2,Accuracy,svmhiersyn,svm,0.8551534735430795,0.14484652645692053,0.14333184600940038,3,0.0015146804475201503,FALSE
hierarchical,6,4,Categorical,C2,F1,bnhiersyn,bn,0.6598066732839221,0.34019332671607794,0.1772860813824349,3,0.16290724533364304,FALSE
hierarchical,6,4,Categorical,C2,F1,carthiersyn,cart,1,0,9.368043697379831e-4,3,-9.368043697379831e-4,TRUE
hierarchical,6,4,Categorical,C2,F1,parmhiersyn,parm,0.5207889671470428,0.4792110328529572,0.041785153010621,3,0.43742587984233616,FALSE
hierarchical,6,4,Categorical,C2,F1,svmhiersyn,svm,0.8483218913024823,0.15167810869751774,0.15235439384210836,3,-6.76285144590616e-4,FALSE
hierarchical,6,4,Categorical,C2,Specificity,bnhiersyn,bn,0.8930280786440496,0.10697192135595035,0.056872542900463036,3,0.050099378455487314,FALSE
hierarchical,6,4,Categorical,C2,Specificity,carthiersyn,cart,1,0,5.77916080173265e-4,3,-5.77916080173265e-4,TRUE
hierarchical,6,4,Categorical,C2,Specificity,parmhiersyn,parm,0.855102505432276,0.14489749456772405,0.03007049705207429,3,0.11482699751564976,FALSE
hierarchical,6,4,Categorical,C2,Specificity,svmhiersyn,svm,0.9569957295319022,0.04300427046809785,0.05879422192570363,3,-0.015789951457605783,FALSE
hierarchical,6,4,Categorical,C3,Accuracy,bnhiersyn,bn,0.6622872458607298,0.3104171673199682,0.16475135271126035,3,0.14566581460870787,FALSE
hierarchical,6,4,Categorical,C3,Accuracy,carthiersyn,cart,1,0,0.024730648549968842,3,-0.024730648549968842,TRUE
hierarchical,6,4,Categorical,C3,Accuracy,parmhiersyn,parm,0.6775379907588874,0.32246200924111257,0.04965804023160704,3,0.27280396900950554,FALSE
hierarchical,6,4,Categorical,C3,Accuracy,svmhiersyn,svm,0.8231007924158228,-0.13602116556372065,-0.05981415345599357,3,-0.07620701210772708,FALSE
hierarchical,6,4,Categorical,C3,F1,bnhiersyn,bn,0.6463992825238312,0.2749343351066126,0.16029123463998562,3,0.11464310046662696,FALSE
hierarchical,6,4,Categorical,C3,F1,carthiersyn,cart,1,0,0.026069352035929874,3,-0.026069352035929874,TRUE
hierarchical,6,4,Categorical,C3,F1,parmhiersyn,parm,0.6771668239238677,0.32283317607613227,0.016022147258466322,3,0.3068110288176659,FALSE
hierarchical,6,4,Categorical,C3,F1,svmhiersyn,svm,0.823894971797584,-0.1414709726508992,-0.06131099158135816,3,-0.08015998106954103,FALSE
hierarchical,6,4,Categorical,C3,Specificity,bnhiersyn,bn,0.896834614755564,0.09286742640505366,0.04776100680873534,3,0.04510641959631832,FALSE
hierarchical,6,4,Categorical,C3,Specificity,carthiersyn,cart,1,0,0.009730243700528907,3,-0.009730243700528907,TRUE
hierarchical,6,4,Categorical,C3,Specificity,parmhiersyn,parm,0.9044315876727517,0.09556841232724833,0.021938407615018855,3,0.07363000471222947,FALSE
hierarchical,6,4,Categorical,C3,Specificity,svmhiersyn,svm,0.9499780250160385,-0.05940674423739996,-0.03140164486058817,3,-0.02800509937681179,FALSE
hierarchical,6,4,Continuous,X1,MAE,carthiersyn,cart,1,0,0.0015401097023715448,2,-0.0015401097023715448,TRUE
hierarchical,6,4,Continuous,X1,MAE,parmhiersyn,parm,0.3318205791244826,0.6681794208755174,0.014921624314048205,2,0.6532577965614692,FALSE
hierarchical,6,4,Continuous,X1,MAE,svmhiersyn,svm,0.8523953808734204,-0.45251740627152554,-0.07616671377201314,2,-0.37635069249951236,FALSE
hierarchical,6,4,Continuous,X1,RMSE,carthiersyn,cart,1,0,0.005067105234174896,2,-0.005067105234174896,TRUE
hierarchical,6,4,Continuous,X1,RMSE,parmhiersyn,parm,0.4250705940310495,0.5749294059689505,0.008936510585134012,2,0.5659928953838165,FALSE
hierarchical,6,4,Continuous,X1,RMSE,svmhiersyn,svm,0.8628919608554219,-0.4367110596808911,-0.10036232243638905,2,-0.33634873724450204,FALSE
hierarchical,6,4,Continuous,X1,R_squared,carthiersyn,cart,1,0,0.008370700005824096,2,-0.008370700005824096,TRUE
hierarchical,6,4,Continuous,X1,R_squared,parmhiersyn,parm,0.1808491389573968,0.8191508610426033,0.01368099604174998,2,0.8054698650008533,FALSE
hierarchical,6,4,Continuous,X1,R_squared,svmhiersyn,svm,0.745421779715278,-0.562064402251353,-0.06500453763254925,2,-0.49705986461880375,FALSE
hierarchical,6,4,Continuous,X2,MAE,carthiersyn,cart,1,0,0.010963051182372407,2,-0.010963051182372407,TRUE
hierarchical,6,4,Continuous,X2,MAE,parmhiersyn,parm,0.07430844510499489,0.9256915548950051,0.3216856747264358,2,0.6040058801685693,FALSE
hierarchical,6,4,Continuous,X2,MAE,svmhiersyn,svm,0.23673603136156587,0.416223639194177,0.12111708349586488,2,0.2951065556983121,FALSE
hierarchical,6,4,Continuous,X2,RMSE,carthiersyn,cart,1,0,0.034186920099958856,2,-0.034186920099958856,TRUE
hierarchical,6,4,Continuous,X2,RMSE,parmhiersyn,parm,0.08936149401741643,0.9106385059825836,0.3242651991198846,2,0.586373306862699,FALSE
hierarchical,6,4,Continuous,X2,RMSE,svmhiersyn,svm,0.22924316645189444,0.47816567375057967,0.16552379071865933,2,0.3126418830319203,FALSE
hierarchical,6,4,Continuous,X2,R_squared,carthiersyn,cart,1,0,0.015210567125086949,2,-0.015210567125086949,TRUE
hierarchical,6,4,Continuous,X2,R_squared,parmhiersyn,parm,0.00816474679468918,0.9918352532053109,0.35735375194854924,2,0.6344815012567616,FALSE
hierarchical,6,4,Continuous,X2,R_squared,svmhiersyn,svm,0.05345725047771153,0.4469872406254378,0.08453123582170295,2,0.36245600480373485,FALSE
hierarchical,6,4,Continuous,X3,MAE,carthiersyn,cart,1,0,0.024675196174304446,2,-0.024675196174304446,TRUE
hierarchical,6,4,Continuous,X3,MAE,parmhiersyn,parm,0.054766892539697874,0.9452331074603021,0.3723089964065046,2,0.5729241110537975,FALSE
hierarchical,6,4,Continuous,X3,MAE,svmhiersyn,svm,0.12742588494143575,0.8114558767028628,0.20505691466126075,2,0.606398962041602,FALSE
hierarchical,6,4,Continuous,X3,RMSE,carthiersyn,cart,1,0,0.07899922254442471,2,-0.07899922254442471,TRUE
hierarchical,6,4,Continuous,X3,RMSE,parmhiersyn,parm,0.06455994624777575,0.9354400537522243,0.37900390781439136,2,0.5564361459378329,FALSE
hierarchical,6,4,Continuous,X3,RMSE,svmhiersyn,svm,0.11288877888838213,0.8390428704889455,0.2232233702843667,2,0.6158195002045789,FALSE
hierarchical,6,4,Continuous,X3,R_squared,carthiersyn,cart,1,0,0.022891358417476252,2,-0.022891358417476252,TRUE
hierarchical,6,4,Continuous,X3,R_squared,parmhiersyn,parm,0.00419948590867933,0.9958005140913206,0.37128055800400506,2,0.6245199560873156,FALSE
hierarchical,6,4,Continuous,X3,R_squared,svmhiersyn,svm,0.012862067546550079,0.894860668465031,0.12876009647589248,2,0.7661005719891385,FALSE
hierarchical,6,5,Categorical,C1,Accuracy,bnhiersyn,bn,0.8938099392698544,0.10333752421860606,0.0269873843113177,3,0.07635013990728837,FALSE
hierarchical,6,5,Categorical,C1,Accuracy,carthiersyn,cart,1,0,-0.009518601053127955,3,0.009518601053127955,TRUE
hierarchical,6,5,Categorical,C1,Accuracy,parmhiersyn,parm,0.925241801746393,0.07475819825360697,-0.06414164388449495,3,0.13889984213810191,FALSE
hierarchical,6,5,Categorical,C1,Accuracy,svmhiersyn,svm,0.9871501162549958,0.012849883745004176,0.0185790188860098,3,-0.005729135141005624,FALSE
hierarchical,6,5,Categorical,C1,F1,bnhiersyn,bn,0.8930647898003599,0.10469728336321253,0.028340281919375657,3,0.07635700144383688,FALSE
hierarchical,6,5,Categorical,C1,F1,carthiersyn,cart,1,0,-0.009756059262308632,3,0.009756059262308632,TRUE
hierarchical,6,5,Categorical,C1,F1,parmhiersyn,parm,0.9208246061366555,0.07917539386334449,-0.07488783969374649,3,0.15406323355709098,FALSE
hierarchical,6,5,Categorical,C1,F1,svmhiersyn,svm,0.9867940479179734,0.013205952082026573,0.01901957419146108,3,-0.0058136221094345075,FALSE
hierarchical,6,5,Categorical,C1,Specificity,bnhiersyn,bn,0.9686541198444409,0.028789740951693198,0.011577221723071645,3,0.017212519228621555,FALSE
hierarchical,6,5,Categorical,C1,Specificity,carthiersyn,cart,1,0,-0.00698930407709583,3,0.00698930407709583,TRUE
hierarchical,6,5,Categorical,C1,Specificity,parmhiersyn,parm,0.9640788952590578,0.035921104740942233,-0.031992390847049586,3,0.06791349558799181,FALSE
hierarchical,6,5,Categorical,C1,Specificity,svmhiersyn,svm,0.9925487179949247,0.007451282005075277,0.011853625313176767,3,-0.00440234330810149,FALSE
hierarchical,6,5,Categorical,C2,Accuracy,bnhiersyn,bn,0.8057486670090854,0.1931743649805583,0.051279300084584714,3,0.1418950648959736,FALSE
hierarchical,6,5,Categorical,C2,Accuracy,carthiersyn,cart,1,0,0.0012172858728344057,3,-0.0012172858728344057,TRUE
hierarchical,6,5,Categorical,C2,Accuracy,parmhiersyn,parm,0.8358274768013059,0.16417252319869413,-0.023903628485962992,3,0.18807615168465713,FALSE
hierarchical,6,5,Categorical,C2,Accuracy,svmhiersyn,svm,0.9636968545741074,0.036303145425892636,0.08586655253217469,3,-0.049563407106282056,FALSE
hierarchical,6,5,Categorical,C2,F1,bnhiersyn,bn,0.8045241383687133,0.19440122558831244,0.05058038397340301,3,0.14382084161490943,FALSE
hierarchical,6,5,Categorical,C2,F1,carthiersyn,cart,1,0,-3.6590925298423115e-4,3,3.6590925298423115e-4,TRUE
hierarchical,6,5,Categorical,C2,F1,parmhiersyn,parm,0.8346078632830458,0.16539213671695419,-0.045528532710495936,3,0.21092066942745014,FALSE
hierarchical,6,5,Categorical,C2,F1,svmhiersyn,svm,0.9637721527122602,0.036227847287739756,0.08134091102024821,3,-0.04511306373250845,FALSE
hierarchical,6,5,Categorical,C2,Specificity,bnhiersyn,bn,0.9616602451250205,0.038267855331289555,0.011339362932355572,3,0.02692849239893398,FALSE
hierarchical,6,5,Categorical,C2,Specificity,carthiersyn,cart,1,0,-0.0016965540429786153,3,0.0016965540429786153,TRUE
hierarchical,6,5,Categorical,C2,Specificity,parmhiersyn,parm,0.9663702246369289,0.0336297753630711,-0.017765711945096352,3,0.051395487308167453,FALSE
hierarchical,6,5,Categorical,C2,Specificity,svmhiersyn,svm,0.9916234073562791,0.007707817023069508,0.016151716274508364,3,-0.008443899251438857,FALSE
hierarchical,6,5,Categorical,C3,Accuracy,bnhiersyn,bn,0.8543696196264121,0.14502058149650024,0.0888776530558556,3,0.05614292844064464,FALSE
hierarchical,6,5,Categorical,C3,Accuracy,carthiersyn,cart,1,0,0.016862583363166195,3,-0.016862583363166195,TRUE
hierarchical,6,5,Categorical,C3,Accuracy,parmhiersyn,parm,0.8044712562100781,0.1955287437899219,0.06556079243160451,3,0.1299679513583174,FALSE
hierarchical,6,5,Categorical,C3,Accuracy,svmhiersyn,svm,0.8976815708540336,-0.027997956175373994,-0.07185951132947942,3,0.04386155515410542,FALSE
hierarchical,6,5,Categorical,C3,F1,bnhiersyn,bn,0.9061998511181059,0.05411949372901601,0.055702862801119,3,-0.0015833690721029914,FALSE
hierarchical,6,5,Categorical,C3,F1,carthiersyn,cart,1,0,0.0032888157738722563,3,-0.0032888157738722563,TRUE
hierarchical,6,5,Categorical,C3,F1,parmhiersyn,parm,0.8899853367086181,0.10281410681674585,0.013522358816876972,3,0.08929174799986889,FALSE
hierarchical,6,5,Categorical,C3,F1,svmhiersyn,svm,0.9279236237883072,-0.03868059708847436,-0.11562116341568433,3,0.07694056632720997,FALSE
hierarchical,6,5,Categorical,C3,Specificity,bnhiersyn,bn,0.6251777244502894,0.3601798217161309,0.14983319408936632,3,0.21034662762676457,FALSE
hierarchical,6,5,Categorical,C3,Specificity,carthiersyn,cart,1,0,0.039859940238526514,3,-0.039859940238526514,TRUE
hierarchical,6,5,Categorical,C3,Specificity,parmhiersyn,parm,0.4209129293272523,0.45827724959628774,0.01674927564835079,3,0.44152797394793697,FALSE
hierarchical,6,5,Categorical,C3,Specificity,svmhiersyn,svm,0.7648064476737086,0.05884393773091208,0.1055494665551298,3,-0.04670552882421772,FALSE
hierarchical,6,5,Continuous,X1,MAE,carthiersyn,cart,1,0,-0.020942154310922133,2,0.020942154310922133,TRUE
hierarchical,6,5,Continuous,X1,MAE,parmhiersyn,parm,0.5547369436296239,0.43195386078822606,-0.01612065700661468,2,0.44807451779484075,FALSE
hierarchical,6,5,Continuous,X1,MAE,svmhiersyn,svm,0.9722330832903222,-0.6420285118919828,-0.18174428036157217,2,-0.46028423153041065,FALSE
hierarchical,6,5,Continuous,X1,RMSE,carthiersyn,cart,1,0,-6.392549707124882e-4,2,6.392549707124882e-4,TRUE
hierarchical,6,5,Continuous,X1,RMSE,parmhiersyn,parm,0.6589354895339782,0.32540126420612414,0.003324775132837597,2,0.32207648907328656,FALSE
hierarchical,6,5,Continuous,X1,RMSE,svmhiersyn,svm,0.9328276679379415,-0.47711095173891127,-0.15852198501196976,2,-0.3185889667269415,FALSE
hierarchical,6,5,Continuous,X1,R_squared,carthiersyn,cart,1,0,-6.308940850083267e-5,2,6.308940850083267e-5,TRUE
hierarchical,6,5,Continuous,X1,R_squared,parmhiersyn,parm,0.43454631225513224,0.533919945501734,0.005149170012584824,2,0.5287707754891492,FALSE
hierarchical,6,5,Continuous,X1,R_squared,svmhiersyn,svm,0.8718628011599212,-0.6634141320742695,-0.15853930953325565,2,-0.5048748225410138,FALSE
hierarchical,6,5,Continuous,X2,MAE,carthiersyn,cart,1,0,0.012123971761795568,2,-0.012123971761795568,TRUE
hierarchical,6,5,Continuous,X2,MAE,parmhiersyn,parm,0.1624842062996324,0.820921091263171,0.2570706383872097,2,0.5638504528759614,FALSE
hierarchical,6,5,Continuous,X2,MAE,svmhiersyn,svm,0.44410777789178624,0.19731719488108931,0.07084101817589662,2,0.12647617670519268,FALSE
hierarchical,6,5,Continuous,X2,RMSE,carthiersyn,cart,1,0,0.019497917485337923,2,-0.019497917485337923,TRUE
hierarchical,6,5,Continuous,X2,RMSE,parmhiersyn,parm,0.2138751916659909,0.7792391846163318,0.21453813905379088,2,0.564701045562541,FALSE
hierarchical,6,5,Continuous,X2,RMSE,svmhiersyn,svm,0.5401081481705796,0.2523944831200557,0.12934160174914983,2,0.12305288137090586,FALSE
hierarchical,6,5,Continuous,X2,R_squared,carthiersyn,cart,1,0,0.017359832695864504,2,-0.017359832695864504,TRUE
hierarchical,6,5,Continuous,X2,R_squared,parmhiersyn,parm,0.0457714598840713,0.9398678573414702,0.3232811244215812,2,0.616586732919889,FALSE
hierarchical,6,5,Continuous,X2,R_squared,svmhiersyn,svm,0.29209136925902857,0.34278394337888435,0.09018093447844112,2,0.25260300890044324,FALSE
hierarchical,6,5,Continuous,X3,MAE,carthiersyn,cart,1,0,0.023835551829407095,2,-0.023835551829407095,TRUE
hierarchical,6,5,Continuous,X3,MAE,parmhiersyn,parm,0.2516527170919255,0.7270904568834929,0.24005248015864591,2,0.48703797672484705,FALSE
hierarchical,6,5,Continuous,X3,MAE,svmhiersyn,svm,0.4892976932504142,0.44142033459936764,0.2370087655333601,2,0.20441156906600755,FALSE
hierarchical,6,5,Continuous,X3,RMSE,carthiersyn,cart,1,0,0.02117391892830729,2,-0.02117391892830729,TRUE
hierarchical,6,5,Continuous,X3,RMSE,parmhiersyn,parm,0.43709816668914864,0.5613238056033472,0.14116757540474317,2,0.420156230198604,FALSE
hierarchical,6,5,Continuous,X3,RMSE,svmhiersyn,svm,0.7056286558902771,0.2585566924772743,0.20499312262832156,2,0.05356356984895275,FALSE
hierarchical,6,5,Continuous,X3,R_squared,carthiersyn,cart,1,0,0.02597981366666439,2,-0.02597981366666439,TRUE
hierarchical,6,5,Continuous,X3,R_squared,parmhiersyn,parm,0.19125881399440514,0.8053280058717229,0.2389092680416255,2,0.5664187378300974,FALSE
hierarchical,6,5,Continuous,X3,R_squared,svmhiersyn,svm,0.49798558978303326,0.43199005571860855,0.2634756524927091,2,0.16851440322589945,FALSE
hierarchical,12,1,Categorical,C2,Accuracy,bnhiersyn,bn,0.8647605458666803,0.13523945413331973,0.05121495226427764,3,0.08402450186904209,FALSE
hierarchical,12,1,Categorical,C2,Accuracy,carthiersyn,cart,1,0,-0.016365985514415194,3,0.016365985514415194,TRUE
hierarchical,12,1,Categorical,C2,Accuracy,parmhiersyn,parm,0.8074070727462973,0.1925929272537027,-0.05429787019104556,3,0.24689079744474826,FALSE
hierarchical,12,1,Categorical,C2,Accuracy,svmhiersyn,svm,0.9797603525897091,0.02023964741029094,0.039954818215160594,3,-0.019715170804869654,FALSE
hierarchical,12,1,Categorical,C2,F1,bnhiersyn,bn,0.8623227212758964,0.13767727872410362,0.05223429537599457,3,0.08544298334810906,FALSE
hierarchical,12,1,Categorical,C2,F1,carthiersyn,cart,1,0,-0.01772088019837046,3,0.01772088019837046,TRUE
hierarchical,12,1,Categorical,C2,F1,parmhiersyn,parm,0.801257781061803,0.198742218938197,-0.0839116484065532,3,0.2826538673447502,FALSE
hierarchical,12,1,Categorical,C2,F1,svmhiersyn,svm,0.9802647587185501,0.019735241281449878,0.03550602682289175,3,-0.015770785541441873,FALSE
hierarchical,12,1,Categorical,C2,Specificity,bnhiersyn,bn,0.9563987194166662,0.04360128058333379,0.01494509838809559,3,0.0286561821952382,FALSE
hierarchical,12,1,Categorical,C2,Specificity,carthiersyn,cart,1,0,-0.004024560455975146,3,0.004024560455975146,TRUE
hierarchical,12,1,Categorical,C2,Specificity,parmhiersyn,parm,0.9414921203549355,0.05850787964506454,-0.019414103589340644,3,0.07792198323440519,FALSE
hierarchical,12,1,Categorical,C2,Specificity,svmhiersyn,svm,0.9958435690201651,0.004156430979834869,0.019723785197049773,3,-0.015567354217214904,FALSE
hierarchical,12,1,Categorical,C4,Accuracy,bnhiersyn,bn,0.7226768663835368,0.2773231336164632,0.0336625645411118,3,0.2436605690753514,FALSE
hierarchical,12,1,Categorical,C4,Accuracy,carthiersyn,cart,1,0,0.01252005334539134,3,-0.01252005334539134,TRUE
hierarchical,12,1,Categorical,C4,Accuracy,parmhiersyn,parm,0.7120347905171241,0.28796520948287585,0.07096870219837513,3,0.2169965072845007,FALSE
hierarchical,12,1,Categorical,C4,Accuracy,svmhiersyn,svm,0.9734829262900966,-0.015481432529613315,0.09330402113440606,3,-0.10878545366401937,FALSE
hierarchical,12,1,Categorical,C4,F1,bnhiersyn,bn,0.7012409825216643,0.29875901747833566,0.03180348689227519,3,0.2669555305860605,FALSE
hierarchical,12,1,Categorical,C4,F1,carthiersyn,cart,1,0,0.012205214480880019,3,-0.012205214480880019,TRUE
hierarchical,12,1,Categorical,C4,F1,parmhiersyn,parm,0.7474028396787017,0.25219201175578587,0.04430257816487702,3,0.20788943359090886,FALSE
hierarchical,12,1,Categorical,C4,F1,svmhiersyn,svm,0.9745733448190889,-0.013795949233047899,0.09308271836994383,3,-0.10687866760299174,FALSE
hierarchical,12,1,Categorical,C4,Specificity,bnhiersyn,bn,0.7232058022787798,0.2671934672271309,0.049126989310222004,3,0.2180664779169089,FALSE
hierarchical,12,1,Categorical,C4,Specificity,carthiersyn,cart,1,0,0.019485397916979282,3,-0.019485397916979282,TRUE
hierarchical,12,1,Categorical,C4,Specificity,parmhiersyn,parm,0.6167202124131933,0.24594388528211727,-0.01204029107755647,3,0.25798417635967374,FALSE
hierarchical,12,1,Categorical,C4,Specificity,svmhiersyn,svm,0.9799216533670545,-0.023165766089989038,0.10959987199671621,3,-0.13276563808670525,FALSE
hierarchical,12,1,Categorical,C6,Accuracy,bnhiersyn,bn,0.7479340212556809,0.24798860789103763,0.1116267512240818,3,0.13636185666695583,FALSE
hierarchical,12,1,Categorical,C6,Accuracy,carthiersyn,cart,1,0,0.0071644411603827875,3,-0.0071644411603827875,TRUE
hierarchical,12,1,Categorical,C6,Accuracy,parmhiersyn,parm,0.7063326208568583,0.29366737914314167,0.05974163945454542,3,0.23392573968859626,FALSE
hierarchical,12,1,Categorical,C6,Accuracy,svmhiersyn,svm,0.8609364347504355,0.13906356524956454,0.11067455582467915,3,0.028389009424885384,FALSE
hierarchical,12,1,Categorical,C6,F1,bnhiersyn,bn,0.7460695988856227,0.2492549771675461,0.11194979750918606,3,0.13730517965836003,FALSE
hierarchical,12,1,Categorical,C6,F1,carthiersyn,cart,1,0,0.007449783638113801,3,-0.007449783638113801,TRUE
hierarchical,12,1,Categorical,C6,F1,parmhiersyn,parm,0.7064406035632362,0.29355939643676376,0.04709789132452971,3,0.24646150511223405,FALSE
hierarchical,12,1,Categorical,C6,F1,svmhiersyn,svm,0.8607616463863658,0.13923835361363424,0.11093290542841408,3,0.028305448185220156,FALSE
hierarchical,12,1,Categorical,C6,Specificity,bnhiersyn,bn,0.8914284885863966,0.10750616477650765,0.050860388955195054,3,0.0566457758213126,FALSE
hierarchical,12,1,Categorical,C6,Specificity,carthiersyn,cart,1,0,0.003174501581324751,3,-0.003174501581324751,TRUE
hierarchical,12,1,Categorical,C6,Specificity,parmhiersyn,parm,0.8716863017804718,0.1283136982195282,0.03328161155889969,3,0.09503208666062851,FALSE
hierarchical,12,1,Categorical,C6,Specificity,svmhiersyn,svm,0.9392383190287852,0.060761680971214815,0.052774251518894616,3,0.0079874294523202,FALSE
hierarchical,12,1,Continuous,X2,MAE,carthiersyn,cart,1,0,0.01332893421886978,2,-0.01332893421886978,TRUE
hierarchical,12,1,Continuous,X2,MAE,parmhiersyn,parm,0.7326449409831163,0.24220965869576674,0.10881211053437786,2,0.13339754816138888,FALSE
hierarchical,12,1,Continuous,X2,MAE,svmhiersyn,svm,0.7462213724547924,0.10448115188494751,0.019321132513089034,2,0.08516001937185848,FALSE
hierarchical,12,1,Continuous,X2,RMSE,carthiersyn,cart,1,0,0.014587140578647562,2,-0.014587140578647562,TRUE
hierarchical,12,1,Continuous,X2,RMSE,parmhiersyn,parm,0.7896349162044357,0.19949480956749766,0.08240185303852252,2,0.11709295652897514,FALSE
hierarchical,12,1,Continuous,X2,RMSE,svmhiersyn,svm,0.8036474959787316,0.1843775333890559,0.038550101537442226,2,0.14582743185161368,FALSE
hierarchical,12,1,Continuous,X2,R_squared,carthiersyn,cart,1,0,0.024012045613337862,2,-0.024012045613337862,TRUE
hierarchical,12,1,Continuous,X2,R_squared,parmhiersyn,parm,0.6235797199879534,0.35408024898904655,0.14560390194509537,2,0.20847634704395118,FALSE
hierarchical,12,1,Continuous,X2,R_squared,svmhiersyn,svm,0.645870578891823,0.33409746907678717,0.06491674052282531,2,0.26918072855396186,FALSE
hierarchical,12,1,Continuous,X4,MAE,carthiersyn,cart,1,0,0.0446486455831711,2,-0.0446486455831711,TRUE
hierarchical,12,1,Continuous,X4,MAE,parmhiersyn,parm,0.04744594246780184,0.9525540575321981,0.33522519082240987,2,0.6173288667097883,FALSE
hierarchical,12,1,Continuous,X4,MAE,svmhiersyn,svm,0.2234402292684812,0.7638126296228755,0.30529167990627504,2,0.4585209497166005,FALSE
hierarchical,12,1,Continuous,X4,RMSE,carthiersyn,cart,1,0,0.14501915226640896,2,-0.14501915226640896,TRUE
hierarchical,12,1,Continuous,X4,RMSE,parmhiersyn,parm,0.0723612802326534,0.9276387197673466,0.30066753216353753,2,0.6269711876038091,FALSE
hierarchical,12,1,Continuous,X4,RMSE,svmhiersyn,svm,0.28755228605006905,0.7124113267749418,0.33761985314587334,2,0.37479147362906845,FALSE
hierarchical,12,1,Continuous,X4,R_squared,carthiersyn,cart,1,0,0.08792183681345196,2,-0.08792183681345196,TRUE
hierarchical,12,1,Continuous,X4,R_squared,parmhiersyn,parm,0.006948748904867999,0.993051251095132,0.3407365855569559,2,0.6523146655381762,FALSE
hierarchical,12,1,Continuous,X4,R_squared,svmhiersyn,svm,0.10789644290190636,0.8919919191265178,0.2721128463570642,2,0.6198790727694536,FALSE
hierarchical,12,1,Continuous,X6,MAE,carthiersyn,cart,1,0,0.12834893132711045,2,-0.12834893132711045,TRUE
hierarchical,12,1,Continuous,X6,MAE,parmhiersyn,parm,0.10185846412873542,0.8975595569891819,0.3317094046294246,2,0.5658501523597572,FALSE
hierarchical,12,1,Continuous,X6,MAE,svmhiersyn,svm,0.2935895827090753,0.7064104172909247,0.2622756081408216,2,0.44413480915010306,FALSE
hierarchical,12,1,Continuous,X6,RMSE,carthiersyn,cart,1,0,0.31106098932268184,2,-0.31106098932268184,TRUE
hierarchical,12,1,Continuous,X6,RMSE,parmhiersyn,parm,0.12114110844873086,0.8788588915512692,0.28711561915975203,2,0.5917432723915171,FALSE
hierarchical,12,1,Continuous,X6,RMSE,svmhiersyn,svm,0.37919650935868576,0.6208034906413142,0.24477834869298196,2,0.37602514194833225,FALSE
hierarchical,12,1,Continuous,X6,R_squared,carthiersyn,cart,1,0,0.29487037440219066,2,-0.29487037440219066,TRUE
hierarchical,12,1,Continuous,X6,R_squared,parmhiersyn,parm,0.014705577159178519,0.9852944228408215,0.3829266930861748,2,0.6023677297546467,FALSE
hierarchical,12,1,Continuous,X6,R_squared,svmhiersyn,svm,0.14385213446446452,0.8561478655355355,0.17152879113589747,2,0.684619074399638,FALSE
hierarchical,12,2,Categorical,C2,Accuracy,bnhiersyn,bn,0.8887978268484555,0.10295521455577686,0.04705959577926854,3,0.05589561877650832,FALSE
hierarchical,12,2,Categorical,C2,Accuracy,carthiersyn,cart,1,0,-0.009334078497159852,3,0.009334078497159852,TRUE
hierarchical,12,2,Categorical,C2,Accuracy,parmhiersyn,parm,0.8737330170368773,0.12626698296312266,-0.08632221221430014,3,0.2125891951774228,FALSE
hierarchical,12,2,Categorical,C2,Accuracy,svmhiersyn,svm,0.9739055423765366,0.026094457623463407,-0.005748166453294471,3,0.03184262407675788,FALSE
hierarchical,12,2,Categorical,C2,F1,bnhiersyn,bn,0.8913356261702765,0.10443876125701615,0.046859969272581535,3,0.057578791984434614,FALSE
hierarchical,12,2,Categorical,C2,F1,carthiersyn,cart,1,0,-0.009675490486457935,3,0.009675490486457935,TRUE
hierarchical,12,2,Categorical,C2,F1,parmhiersyn,parm,0.8742897709594359,0.12571022904056406,-0.09503307200002925,3,0.2207433010405933,FALSE
hierarchical,12,2,Categorical,C2,F1,svmhiersyn,svm,0.9740112553187291,0.02598874468127088,-0.007122036340971992,3,0.03311078102224287,FALSE
hierarchical,12,2,Categorical,C2,Specificity,bnhiersyn,bn,0.9823263792897765,0.01579634087695032,0.008142710221403168,3,0.007653630655547153,FALSE
hierarchical,12,2,Categorical,C2,Specificity,carthiersyn,cart,1,0,-0.0024009974945303253,3,0.0024009974945303253,TRUE
hierarchical,12,2,Categorical,C2,Specificity,parmhiersyn,parm,0.9767748794286758,0.023225120571324198,-0.014282164730920218,3,0.03750728530224442,FALSE
hierarchical,12,2,Categorical,C2,Specificity,svmhiersyn,svm,0.9949416845431079,0.00505831545689206,-0.0029059204999272023,3,0.007964235956819263,FALSE
hierarchical,12,2,Categorical,C4,Accuracy,bnhiersyn,bn,0.8140150072103639,0.17042760022447975,0.040761807765065466,3,0.1296657924594143,FALSE
hierarchical,12,2,Categorical,C4,Accuracy,carthiersyn,cart,1,0,-0.011930379033710052,3,0.011930379033710052,TRUE
hierarchical,12,2,Categorical,C4,Accuracy,parmhiersyn,parm,0.9062392278524647,0.09376077214753531,-0.04079675578052129,3,0.13455752792805659,FALSE
hierarchical,12,2,Categorical,C4,Accuracy,svmhiersyn,svm,0.9602435941629324,0.03975640583706763,0.03701286809844024,3,0.0027435377386273926,FALSE
hierarchical,12,2,Categorical,C4,F1,bnhiersyn,bn,0.7863129671900423,0.2059318093878034,0.0369476380936152,3,0.1689841712941882,FALSE
hierarchical,12,2,Categorical,C4,F1,carthiersyn,cart,1,0,-0.014746818176123888,3,0.014746818176123888,TRUE
hierarchical,12,2,Categorical,C4,F1,parmhiersyn,parm,0.8897312529730456,0.11026874702695444,-0.04807776163330932,3,0.15834650866026376,FALSE
hierarchical,12,2,Categorical,C4,F1,svmhiersyn,svm,0.9542392878173522,0.04576071218264777,0.04949166573118789,3,-0.003730953548540125,FALSE
hierarchical,12,2,Categorical,C4,Specificity,bnhiersyn,bn,0.9240663155438704,0.07477834924035558,0.01583275263431164,3,0.05894559660604394,FALSE
hierarchical,12,2,Categorical,C4,Specificity,carthiersyn,cart,1,0,-0.004980737400412679,3,0.004980737400412679,TRUE
hierarchical,12,2,Categorical,C4,Specificity,parmhiersyn,parm,0.9580905948349503,0.04190940516504971,-0.013175338815747261,3,0.05508474398079697,FALSE
hierarchical,12,2,Categorical,C4,Specificity,svmhiersyn,svm,0.9820277488049275,0.01797225119507251,0.021235836808632787,3,-0.0032635856135602784,FALSE
hierarchical,12,2,Categorical,C6,Accuracy,bnhiersyn,bn,0.6791587001267038,0.23661266844601875,0.11909481763493317,3,0.11751785081108558,FALSE
hierarchical,12,2,Categorical,C6,Accuracy,carthiersyn,cart,1,0,0.04691666775287073,3,-0.04691666775287073,TRUE
hierarchical,12,2,Categorical,C6,Accuracy,parmhiersyn,parm,0.6991548485682676,0.3008451514317324,0.10077908878319189,3,0.20006606264854052,FALSE
hierarchical,12,2,Categorical,C6,Accuracy,svmhiersyn,svm,0.8816363173703791,-0.20159509588897034,-0.048693574611416296,3,-0.15290152127755405,FALSE
hierarchical,12,2,Categorical,C6,F1,bnhiersyn,bn,0.6764901722845157,0.22291501145590648,0.11924046908473818,3,0.1036745423711683,FALSE
hierarchical,12,2,Categorical,C6,F1,carthiersyn,cart,1,0,0.04494668671389494,3,-0.04494668671389494,TRUE
hierarchical,12,2,Categorical,C6,F1,parmhiersyn,parm,0.6981403986378969,0.3018596013621031,0.058954547985115964,3,0.24290505337698715,FALSE
hierarchical,12,2,Categorical,C6,F1,svmhiersyn,svm,0.8820735090128216,-0.2025347150243198,-0.05103949430302463,3,-0.15149522072129518,FALSE
hierarchical,12,2,Categorical,C6,Specificity,bnhiersyn,bn,0.9019220984489592,0.07446853691179514,0.03651227768502375,3,0.03795625922677139,FALSE
hierarchical,12,2,Categorical,C6,Specificity,carthiersyn,cart,1,0,0.017187427167113883,3,-0.017187427167113883,TRUE
hierarchical,12,2,Categorical,C6,Specificity,parmhiersyn,parm,0.9110277152908133,0.08891142827676228,0.03352808384393163,3,0.05538334443283065,FALSE
hierarchical,12,2,Categorical,C6,Specificity,svmhiersyn,svm,0.9653105510126266,-0.073628678925859,-0.02554004272460848,3,-0.04808863620125052,FALSE
hierarchical,12,2,Continuous,X2,MAE,carthiersyn,cart,1,0,0.016286043507765906,2,-0.016286043507765906,TRUE
hierarchical,12,2,Continuous,X2,MAE,parmhiersyn,parm,0.1706827696694398,0.8290046746601858,0.2327709764269437,2,0.5962336982332421,FALSE
hierarchical,12,2,Continuous,X2,MAE,svmhiersyn,svm,0.409169496931679,0.2515830749016842,0.1223965992707984,2,0.12918647563088578,FALSE
hierarchical,12,2,Continuous,X2,RMSE,carthiersyn,cart,1,0,0.05011447139475783,2,-0.05011447139475783,TRUE
hierarchical,12,2,Continuous,X2,RMSE,parmhiersyn,parm,0.23540763140854132,0.7645923685914586,0.21271517379598498,2,0.5518771947954737,FALSE
hierarchical,12,2,Continuous,X2,RMSE,svmhiersyn,svm,0.4439537691906844,0.32618489075737606,0.17098960028774304,2,0.155195290469633,FALSE
hierarchical,12,2,Continuous,X2,R_squared,carthiersyn,cart,1,0,0.04071371105223764,2,-0.04071371105223764,TRUE
hierarchical,12,2,Continuous,X2,R_squared,parmhiersyn,parm,0.05569286892209959,0.9443071310779004,0.2783678709045861,2,0.6659392601733143,FALSE
hierarchical,12,2,Continuous,X2,R_squared,svmhiersyn,svm,0.1974465367710043,0.3997027713694385,0.14012123457634076,2,0.2595815367930977,FALSE
hierarchical,12,2,Continuous,X4,MAE,carthiersyn,cart,1,0,0.056081610445897295,2,-0.056081610445897295,TRUE
hierarchical,12,2,Continuous,X4,MAE,parmhiersyn,parm,0.04913940163793688,0.9508605983620632,0.33553973823042405,2,0.6153208601316391,FALSE
hierarchical,12,2,Continuous,X4,MAE,svmhiersyn,svm,0.14503264162494942,0.7292212650909574,0.22393094211448658,2,0.5052903229764708,FALSE
hierarchical,12,2,Continuous,X4,RMSE,carthiersyn,cart,1,0,0.17027656021352114,2,-0.17027656021352114,TRUE
hierarchical,12,2,Continuous,X4,RMSE,parmhiersyn,parm,0.0595684525417637,0.9404315474582363,0.34853141636338736,2,0.591900131094849,FALSE
hierarchical,12,2,Continuous,X4,RMSE,svmhiersyn,svm,0.11828898799271192,0.8526954021196765,0.3004502605307587,2,0.5522451415889178,FALSE
hierarchical,12,2,Continuous,X4,R_squared,carthiersyn,cart,1,0,0.06629274016381573,2,-0.06629274016381573,TRUE
hierarchical,12,2,Continuous,X4,R_squared,parmhiersyn,parm,0.0035605924022534337,0.9964394075977465,0.3224122892034144,2,0.674027118394332,FALSE
hierarchical,12,2,Continuous,X4,R_squared,svmhiersyn,svm,0.014032680051819197,0.9297904755581856,0.21473195391812416,2,0.7150585216400615,FALSE
hierarchical,12,2,Continuous,X6,MAE,carthiersyn,cart,1,0,0.16722688140245578,2,-0.16722688140245578,TRUE
hierarchical,12,2,Continuous,X6,MAE,parmhiersyn,parm,0.06431535326782244,0.9349296950636192,0.4015364571885724,2,0.5333932378750468,FALSE
hierarchical,12,2,Continuous,X6,MAE,svmhiersyn,svm,0.15607325056771898,0.8439267494322811,0.36524255034098124,2,0.47868419909129983,FALSE
hierarchical,12,2,Continuous,X6,RMSE,carthiersyn,cart,1,0,0.2900122477626951,2,-0.2900122477626951,TRUE
hierarchical,12,2,Continuous,X6,RMSE,parmhiersyn,parm,0.08995912774460822,0.9100408722553918,0.38591182742703295,2,0.5241290448283589,FALSE
hierarchical,12,2,Continuous,X6,RMSE,svmhiersyn,svm,0.16362539327496847,0.8363746067250315,0.3975360168595771,2,0.4388385898654544,FALSE
hierarchical,12,2,Continuous,X6,R_squared,carthiersyn,cart,1,0,0.16826374634354543,2,-0.16826374634354543,TRUE
hierarchical,12,2,Continuous,X6,R_squared,parmhiersyn,parm,0.008307817889203366,0.9916921821107967,0.42317691432925914,2,0.5685152677815375,FALSE
hierarchical,12,2,Continuous,X6,R_squared,svmhiersyn,svm,0.0274772647491182,0.9725227352508818,0.38504185458491996,2,0.5874808806659619,FALSE
hierarchical,12,3,Categorical,C2,Accuracy,bnhiersyn,bn,0.6575418427100221,0.33970469007673226,0.08028972234790117,3,0.2594149677288311,FALSE
hierarchical,12,3,Categorical,C2,Accuracy,carthiersyn,cart,1,0,-0.013369644524109084,3,0.013369644524109084,TRUE
hierarchical,12,3,Categorical,C2,Accuracy,parmhiersyn,parm,0.8293754159771247,0.17062458402287528,0.026638056554036917,3,0.14398652746883836,FALSE
hierarchical,12,3,Categorical,C2,Accuracy,svmhiersyn,svm,0.9191634052506336,0.08083659474936644,0.12222081977218396,3,-0.04138422502281752,FALSE
hierarchical,12,3,Categorical,C2,F1,bnhiersyn,bn,0.6384249809826628,0.35113736245842,0.07185264313357437,3,0.2792847193248456,FALSE
hierarchical,12,3,Categorical,C2,F1,carthiersyn,cart,1,0,-0.016371897926713466,3,0.016371897926713466,TRUE
hierarchical,12,3,Categorical,C2,F1,parmhiersyn,parm,0.8227019523445133,0.17729804765548673,0.006879664180317546,3,0.1704183834751692,FALSE
hierarchical,12,3,Categorical,C2,F1,svmhiersyn,svm,0.9208881293248516,0.07911187067514835,0.12543138222026243,3,-0.04631951154511407,FALSE
hierarchical,12,3,Categorical,C2,Specificity,bnhiersyn,bn,0.9280007366507218,0.06759351202525785,0.011421291997602223,3,0.05617222002765562,FALSE
hierarchical,12,3,Categorical,C2,Specificity,carthiersyn,cart,1,0,-0.0036620288967628145,3,0.0036620288967628145,TRUE
hierarchical,12,3,Categorical,C2,Specificity,parmhiersyn,parm,0.969467448153679,0.030532551846320977,-0.009343029734725124,3,0.0398755815810461,FALSE
hierarchical,12,3,Categorical,C2,Specificity,svmhiersyn,svm,0.9898545887098624,0.010081908879936607,0.024704536132977753,3,-0.014622627253041146,FALSE
hierarchical,12,3,Categorical,C4,Accuracy,bnhiersyn,bn,0.7113675647559078,0.2886324352440922,0.1653873168877716,3,0.1232451183563206,FALSE
hierarchical,12,3,Categorical,C4,Accuracy,carthiersyn,cart,1,0,-4.137876320891096e-4,3,4.137876320891096e-4,TRUE
hierarchical,12,3,Categorical,C4,Accuracy,parmhiersyn,parm,0.6631406266632945,0.33685937333670546,0.06679377916646509,3,0.27006559417024034,FALSE
hierarchical,12,3,Categorical,C4,Accuracy,svmhiersyn,svm,0.792703936576725,0.207296063423275,0.16593385661742607,3,0.04136220680584893,FALSE
hierarchical,12,3,Categorical,C4,F1,bnhiersyn,bn,0.7161240125561237,0.2838759874438763,0.1618016858486854,3,0.12207430159519092,FALSE
hierarchical,12,3,Categorical,C4,F1,carthiersyn,cart,1,0,-0.0011774986320420475,3,0.0011774986320420475,TRUE
hierarchical,12,3,Categorical,C4,F1,parmhiersyn,parm,0.6574074393245678,0.3425925606754322,-0.008575491835077791,3,0.35116805251051,FALSE
hierarchical,12,3,Categorical,C4,F1,svmhiersyn,svm,0.793736652500899,0.20626334749910102,0.12622475893240495,3,0.08003858856669607,FALSE
hierarchical,12,3,Categorical,C4,Specificity,bnhiersyn,bn,0.93643517137695,0.06356482862305002,0.03722106351475733,3,0.026343765108292685,FALSE
hierarchical,12,3,Categorical,C4,Specificity,carthiersyn,cart,1,0,6.954133057462138e-4,3,-6.954133057462138e-4,TRUE
hierarchical,12,3,Categorical,C4,Specificity,parmhiersyn,parm,0.9023813238864411,0.0976186761135589,-0.02140755115464002,3,0.11902622726819892,FALSE
hierarchical,12,3,Categorical,C4,Specificity,svmhiersyn,svm,0.9445121878933084,0.05513534745911528,0.013116408149249933,3,0.04201893930986535,FALSE
hierarchical,12,3,Categorical,C6,Accuracy,bnhiersyn,bn,0.8141517318311531,0.18476683158075632,0.05916430051898133,3,0.125602531061775,FALSE
hierarchical,12,3,Categorical,C6,Accuracy,carthiersyn,cart,1,0,0.011783847057911075,3,-0.011783847057911075,TRUE
hierarchical,12,3,Categorical,C6,Accuracy,parmhiersyn,parm,0.859808624405887,0.140191375594113,0.0411842816113358,3,0.09900709398277718,FALSE
hierarchical,12,3,Categorical,C6,Accuracy,svmhiersyn,svm,0.9404941746006751,0.058527621785068894,0.06545881253692386,3,-0.006931190751854964,FALSE
hierarchical,12,3,Categorical,C6,F1,bnhiersyn,bn,0.7676468362809049,0.2323531637190951,0.06872542503549349,3,0.1636277386836016,FALSE
hierarchical,12,3,Categorical,C6,F1,carthiersyn,cart,1,0,0.019655574270739103,3,-0.019655574270739103,TRUE
hierarchical,12,3,Categorical,C6,F1,parmhiersyn,parm,0.833026159344158,0.16697384065584198,0.04061507613229584,3,0.12635876452354614,FALSE
hierarchical,12,3,Categorical,C6,F1,svmhiersyn,svm,0.9213195152967555,0.0772013260298873,0.08414957793619664,3,-0.006948251906309336,FALSE
hierarchical,12,3,Categorical,C6,Specificity,bnhiersyn,bn,0.8148029909186686,0.17914832837572794,0.04085337982594335,3,0.13829494854978458,FALSE
hierarchical,12,3,Categorical,C6,Specificity,carthiersyn,cart,1,0,0.022761317909164764,3,-0.022761317909164764,TRUE
hierarchical,12,3,Categorical,C6,Specificity,parmhiersyn,parm,0.8823548674414817,0.11764513255851827,0.022329867828155315,3,0.09531526473036296,FALSE
hierarchical,12,3,Categorical,C6,Specificity,svmhiersyn,svm,0.9518332814942648,0.046709317421332,0.06710431982576198,3,-0.020395002404429985,FALSE
hierarchical,12,3,Continuous,X2,MAE,carthiersyn,cart,1,0,-0.0015038418357768452,2,0.0015038418357768452,TRUE
hierarchical,12,3,Continuous,X2,MAE,parmhiersyn,parm,0.2045213363039622,0.7954786636960378,0.23933638763401835,2,0.5561422760620195,FALSE
hierarchical,12,3,Continuous,X2,MAE,svmhiersyn,svm,0.4506056279629547,0.15433504722368713,0.10278823429533375,2,0.05154681292835338,FALSE
hierarchical,12,3,Continuous,X2,RMSE,carthiersyn,cart,1,0,0.007537958631262623,2,-0.007537958631262623,TRUE
hierarchical,12,3,Continuous,X2,RMSE,parmhiersyn,parm,0.20946242875713986,0.7905375712428602,0.2479112615960885,2,0.5426263096467716,FALSE
hierarchical,12,3,Continuous,X2,RMSE,svmhiersyn,svm,0.4151820982413364,0.3214904320213405,0.15912976001878945,2,0.16236067200255103,FALSE
hierarchical,12,3,Continuous,X2,R_squared,carthiersyn,cart,1,0,0.0054850268263208456,2,-0.0054850268263208456,TRUE
hierarchical,12,3,Continuous,X2,R_squared,parmhiersyn,parm,0.044466263966019055,0.955533736033981,0.3264685021129097,2,0.6290652339210713,FALSE
hierarchical,12,3,Continuous,X2,R_squared,svmhiersyn,svm,0.17465822492632818,0.3706152333346866,0.1176479131785734,2,0.25296732015611323,FALSE
hierarchical,12,3,Continuous,X4,MAE,carthiersyn,cart,1,0,0.06868506086906584,2,-0.06868506086906584,TRUE
hierarchical,12,3,Continuous,X4,MAE,parmhiersyn,parm,0.12635474954535075,0.8736452504546492,0.28157251813468914,2,0.5920727323199602,FALSE
hierarchical,12,3,Continuous,X4,MAE,svmhiersyn,svm,0.21729571325383368,0.6213441482919085,0.2711883802084992,2,0.3501557680834093,FALSE
hierarchical,12,3,Continuous,X4,RMSE,carthiersyn,cart,1,0,0.2416004092399277,2,-0.2416004092399277,TRUE
hierarchical,12,3,Continuous,X4,RMSE,parmhiersyn,parm,0.17826712903535552,0.8217328709646445,0.2545253853971231,2,0.5672074855675214,FALSE
hierarchical,12,3,Continuous,X4,RMSE,svmhiersyn,svm,0.268403714947145,0.6662798432965173,0.2935877810023163,2,0.37269206229420104,FALSE
hierarchical,12,3,Continuous,X4,R_squared,carthiersyn,cart,1,0,0.16848471461616632,2,-0.16848471461616632,TRUE
hierarchical,12,3,Continuous,X4,R_squared,parmhiersyn,parm,0.03631586014065937,0.9636841398593406,0.2556438401830085,2,0.7080402996763322,FALSE
hierarchical,12,3,Continuous,X4,R_squared,svmhiersyn,svm,0.08227888297389106,0.7937568640917968,0.27534438083275997,2,0.5184124832590369,FALSE
hierarchical,12,3,Continuous,X6,MAE,carthiersyn,cart,1,0,0.06049582523625657,2,-0.06049582523625657,TRUE
hierarchical,12,3,Continuous,X6,MAE,parmhiersyn,parm,0.043836737593309943,0.95616326240669,0.3669194851206639,2,0.5892437772860262,FALSE
hierarchical,12,3,Continuous,X6,MAE,svmhiersyn,svm,0.13869832936985482,0.8473418213223385,0.2674917680459411,2,0.5798500532763974,FALSE
hierarchical,12,3,Continuous,X6,RMSE,carthiersyn,cart,1,0,0.13891283316053182,2,-0.13891283316053182,TRUE
hierarchical,12,3,Continuous,X6,RMSE,parmhiersyn,parm,0.05526317828692626,0.9447368217130737,0.3729765596882582,2,0.5717602620248154,FALSE
hierarchical,12,3,Continuous,X6,RMSE,svmhiersyn,svm,0.12639657716608985,0.868083428093068,0.3064048639481512,2,0.5616785641449169,FALSE
hierarchical,12,3,Continuous,X6,R_squared,carthiersyn,cart,1,0,0.0528770920888314,2,-0.0528770920888314,TRUE
hierarchical,12,3,Continuous,X6,R_squared,parmhiersyn,parm,0.003118324558618802,0.9968816754413812,0.3712555876735353,2,0.6256260877678459,FALSE
hierarchical,12,3,Continuous,X6,R_squared,svmhiersyn,svm,0.01621500766183264,0.9731351647344967,0.22088268157413787,2,0.7522524831603588,FALSE
hierarchical,12,4,Categorical,C2,Accuracy,bnhiersyn,bn,0.8328701201546146,0.1671298798453854,0.06744779030533213,3,0.09968208954005328,FALSE
hierarchical,12,4,Categorical,C2,Accuracy,carthiersyn,cart,1,0,0.003258765062851632,3,-0.003258765062851632,TRUE
hierarchical,12,4,Categorical,C2,Accuracy,parmhiersyn,parm,0.7678096953977427,0.2321903046022573,-0.02301339038107937,3,0.25520369498333667,FALSE
hierarchical,12,4,Categorical,C2,Accuracy,svmhiersyn,svm,0.9158728018252099,0.08412719817479009,0.05352099353124369,3,0.030606204643546395,FALSE
hierarchical,12,4,Categorical,C2,F1,bnhiersyn,bn,0.8324301760692713,0.16756982393072872,0.06795066886215437,3,0.09961915506857436,FALSE
hierarchical,12,4,Categorical,C2,F1,carthiersyn,cart,1,0,0.0023452589271388677,3,-0.0023452589271388677,TRUE
hierarchical,12,4,Categorical,C2,F1,parmhiersyn,parm,0.7625709929872306,0.23742900701276937,-0.04335043510054594,3,0.2807794421133153,FALSE
hierarchical,12,4,Categorical,C2,F1,svmhiersyn,svm,0.9160128093401605,0.0839871906598395,0.04833813024106851,3,0.03564906041877099,FALSE
hierarchical,12,4,Categorical,C2,Specificity,bnhiersyn,bn,0.9611273823930551,0.03887261760694494,0.01852285420637958,3,0.02034976340056536,FALSE
hierarchical,12,4,Categorical,C2,Specificity,carthiersyn,cart,1,0,1.0336734567050572e-4,3,-1.0336734567050572e-4,TRUE
hierarchical,12,4,Categorical,C2,Specificity,parmhiersyn,parm,0.9389631552246209,0.06103684477537907,-0.013992394571595772,3,0.07502923934697485,FALSE
hierarchical,12,4,Categorical,C2,Specificity,svmhiersyn,svm,0.9795290044458943,0.020470995554105698,0.015201700828701478,3,0.00526929472540422,FALSE
hierarchical,12,4,Categorical,C4,Accuracy,bnhiersyn,bn,0.8503012010065394,0.14854094775794308,0.02749547381506045,3,0.12104547394288262,FALSE
hierarchical,12,4,Categorical,C4,Accuracy,carthiersyn,cart,1,0,6.273733355765199e-4,3,-6.273733355765199e-4,TRUE
hierarchical,12,4,Categorical,C4,Accuracy,parmhiersyn,parm,0.7715348962963663,0.2284651037036337,-0.03936431900385356,3,0.2678294227074873,FALSE
hierarchical,12,4,Categorical,C4,Accuracy,svmhiersyn,svm,0.9743643260062714,0.02563567399372857,0.021536505156820738,3,0.0040991688369078315,FALSE
hierarchical,12,4,Categorical,C4,F1,bnhiersyn,bn,0.8450954564281018,0.15421252594734758,0.025166919140710984,3,0.1290456068066366,FALSE
hierarchical,12,4,Categorical,C4,F1,carthiersyn,cart,1,0,-0.001527367689375366,3,0.001527367689375366,TRUE
hierarchical,12,4,Categorical,C4,F1,parmhiersyn,parm,0.7617559803289873,0.23824401967101272,-0.11262215730951096,3,0.3508661769805237,FALSE
hierarchical,12,4,Categorical,C4,F1,svmhiersyn,svm,0.9738057298630861,0.02619427013691389,0.02076077091696543,3,0.00543349921994846,FALSE
hierarchical,12,4,Categorical,C4,Specificity,bnhiersyn,bn,0.9735354894109554,0.026187582497436225,0.005999149443308245,3,0.02018843305412798,FALSE
hierarchical,12,4,Categorical,C4,Specificity,carthiersyn,cart,1,0,-8.352984322581358e-4,3,8.352984322581358e-4,TRUE
hierarchical,12,4,Categorical,C4,Specificity,parmhiersyn,parm,0.9574505259756162,0.042549474024383804,-0.009788387211322943,3,0.052337861235706745,FALSE
hierarchical,12,4,Categorical,C4,Specificity,svmhiersyn,svm,0.9966404107741498,0.0033595892258502236,0.007185553327347998,3,-0.003825964101497774,FALSE
hierarchical,12,4,Categorical,C6,Accuracy,bnhiersyn,bn,0.6416295027103025,0.35606730455411567,0.1324181490668648,3,0.22364915548725087,FALSE
hierarchical,12,4,Categorical,C6,Accuracy,carthiersyn,cart,1,0,0.0474488331634224,3,-0.0474488331634224,TRUE
hierarchical,12,4,Categorical,C6,Accuracy,parmhiersyn,parm,0.7162229065442972,0.2837770934557028,0.12339739646217654,3,0.16037969699352625,FALSE
hierarchical,12,4,Categorical,C6,Accuracy,svmhiersyn,svm,0.8413845991814216,0.15851123619761934,0.17262744894705806,3,-0.014116212749438722,FALSE
hierarchical,12,4,Categorical,C6,F1,bnhiersyn,bn,0.5644332847780136,0.43467126097221037,0.10031523806997128,3,0.3343560229022391,FALSE
hierarchical,12,4,Categorical,C6,F1,carthiersyn,cart,1,0,0.050225082014645414,3,-0.050225082014645414,TRUE
hierarchical,12,4,Categorical,C6,F1,parmhiersyn,parm,0.6764707998939189,0.3235292001060811,0.05609804625531994,3,0.26743115385076116,FALSE
hierarchical,12,4,Categorical,C6,F1,svmhiersyn,svm,0.8360585708440587,0.16394142915594134,0.18926880155514858,3,-0.025327372399207237,FALSE
hierarchical,12,4,Categorical,C6,Specificity,bnhiersyn,bn,0.7399959900247385,0.25586250664927374,0.050929333408710406,3,0.20493317324056332,FALSE
hierarchical,12,4,Categorical,C6,Specificity,carthiersyn,cart,1,0,0.033072922852623664,3,-0.033072922852623664,TRUE
hierarchical,12,4,Categorical,C6,Specificity,parmhiersyn,parm,0.8246913826148143,0.17530861738518566,0.02981150955566613,3,0.14549710782951952,FALSE
hierarchical,12,4,Categorical,C6,Specificity,svmhiersyn,svm,0.9333224500758425,0.06667754992415753,0.11241708527356889,3,-0.04573953534941136,FALSE
hierarchical,12,4,Continuous,X2,MAE,carthiersyn,cart,1,0,0.03624893314921718,2,-0.03624893314921718,TRUE
hierarchical,12,4,Continuous,X2,MAE,parmhiersyn,parm,0.08518606988406292,0.914813930115937,0.2859974060380236,2,0.6288165240779134,FALSE
hierarchical,12,4,Continuous,X2,MAE,svmhiersyn,svm,0.236491528664906,0.286197609646007,0.11250251884461666,2,0.17369509080139034,FALSE
hierarchical,12,4,Continuous,X2,RMSE,carthiersyn,cart,1,0,0.08448767445852502,2,-0.08448767445852502,TRUE
hierarchical,12,4,Continuous,X2,RMSE,parmhiersyn,parm,0.10268185841834512,0.8973181415816549,0.2831099894285668,2,0.6142081521530881,FALSE
hierarchical,12,4,Continuous,X2,RMSE,svmhiersyn,svm,0.24150261735984754,0.4274381646722695,0.1604372669872031,2,0.2670008976850664,FALSE
hierarchical,12,4,Continuous,X2,R_squared,carthiersyn,cart,1,0,0.04271431840943937,2,-0.04271431840943937,TRUE
hierarchical,12,4,Continuous,X2,R_squared,parmhiersyn,parm,0.010779201040436408,0.9892207989595636,0.291613879939031,2,0.6976069190205326,FALSE
hierarchical,12,4,Continuous,X2,R_squared,svmhiersyn,svm,0.05955984801156242,0.3884519146367481,0.08443339618686878,2,0.3040185184498793,FALSE
hierarchical,12,4,Continuous,X4,MAE,carthiersyn,cart,1,0,0.09999650963035973,2,-0.09999650963035973,TRUE
hierarchical,12,4,Continuous,X4,MAE,parmhiersyn,parm,0.12453781146007391,0.8754621885399261,0.3252290241889811,2,0.550233164350945,FALSE
hierarchical,12,4,Continuous,X4,MAE,svmhiersyn,svm,0.23995114401313392,0.632742566161599,0.30192647543043993,2,0.33081609073115903,FALSE
hierarchical,12,4,Continuous,X4,RMSE,carthiersyn,cart,1,0,0.1603048143175725,2,-0.1603048143175725,TRUE
hierarchical,12,4,Continuous,X4,RMSE,parmhiersyn,parm,0.19251597700267262,0.8074840229973274,0.2949272324883603,2,0.5125567905089671,FALSE
hierarchical,12,4,Continuous,X4,RMSE,svmhiersyn,svm,0.2876801520784554,0.6697824722688555,0.34140774319651795,2,0.3283747290723375,FALSE
hierarchical,12,4,Continuous,X4,R_squared,carthiersyn,cart,1,0,0.10701775855625084,2,-0.10701775855625084,TRUE
hierarchical,12,4,Continuous,X4,R_squared,parmhiersyn,parm,0.03710052871088764,0.9628994712891124,0.34151137216895977,2,0.6213880991201526,FALSE
hierarchical,12,4,Continuous,X4,R_squared,svmhiersyn,svm,0.08267016788470505,0.8352417734570929,0.36486577649155916,2,0.4703759969655338,FALSE
hierarchical,12,4,Continuous,X6,MAE,carthiersyn,cart,1,0,0.035661688256185195,2,-0.035661688256185195,TRUE
hierarchical,12,4,Continuous,X6,MAE,parmhiersyn,parm,0.06547873391023547,0.9301200136600729,0.365937811557559,2,0.5641822021025139,FALSE
hierarchical,12,4,Continuous,X6,MAE,svmhiersyn,svm,0.16585650301226101,0.7698029433162137,0.2913536531570672,2,0.4784492901591465,FALSE
hierarchical,12,4,Continuous,X6,RMSE,carthiersyn,cart,1,0,0.11753933754101432,2,-0.11753933754101432,TRUE
hierarchical,12,4,Continuous,X6,RMSE,parmhiersyn,parm,0.08060834562532679,0.9193916543746732,0.37405562219609506,2,0.5453360321785781,FALSE
hierarchical,12,4,Continuous,X6,RMSE,svmhiersyn,svm,0.1409316616679697,0.8525649300526146,0.34903772230686914,2,0.5035272077457454,FALSE
hierarchical,12,4,Continuous,X6,R_squared,carthiersyn,cart,1,0,0.042922049654441866,2,-0.042922049654441866,TRUE
hierarchical,12,4,Continuous,X6,R_squared,parmhiersyn,parm,0.006558451472851262,0.9934415485271487,0.384874824991008,2,0.6085667235361407,FALSE
hierarchical,12,4,Continuous,X6,R_squared,svmhiersyn,svm,0.02003613552410767,0.9673843351379044,0.29916148667152836,2,0.6682228484663761,FALSE
hierarchical,12,5,Categorical,C2,Accuracy,bnhiersyn,bn,0.9159975828442806,0.08400241715571943,0.003803861452305601,3,0.08019855570341383,FALSE
hierarchical,12,5,Categorical,C2,Accuracy,carthiersyn,cart,1,0,0.0030927008471105595,3,-0.0030927008471105595,TRUE
hierarchical,12,5,Categorical,C2,Accuracy,parmhiersyn,parm,0.9566004815004815,0.04339951849951851,-0.11250208012577745,3,0.15590159862529596,FALSE
hierarchical,12,5,Categorical,C2,Accuracy,svmhiersyn,svm,0.9857011948011948,0.013522107679660023,0.015162049433653742,3,-0.0016399417539937188,FALSE
hierarchical,12,5,Categorical,C2,F1,bnhiersyn,bn,0.9145726755147301,0.0854273244852699,0.003218252613602143,3,0.08220907187166776,FALSE
hierarchical,12,5,Categorical,C2,F1,carthiersyn,cart,1,0,0.003301923969199468,3,-0.003301923969199468,TRUE
hierarchical,12,5,Categorical,C2,F1,parmhiersyn,parm,0.9564842141081454,0.043515785891854564,-0.1160874731129578,3,0.15960325900481237,FALSE
hierarchical,12,5,Categorical,C2,F1,svmhiersyn,svm,0.9857079811256813,0.013682500228893103,0.014437643682138046,3,-7.551434532449431e-4,FALSE
hierarchical,12,5,Categorical,C2,Specificity,bnhiersyn,bn,0.9841884207805295,0.015811579219470517,2.7560434814597476e-4,3,0.015535974871324543,FALSE
hierarchical,12,5,Categorical,C2,Specificity,carthiersyn,cart,1,0,6.653935832396855e-4,3,-6.653935832396855e-4,TRUE
hierarchical,12,5,Categorical,C2,Specificity,parmhiersyn,parm,0.9926149904667302,0.007385009533269815,-0.031883151211359276,3,0.03926816074462909,FALSE
hierarchical,12,5,Categorical,C2,Specificity,svmhiersyn,svm,0.997653019415688,0.002251589257825293,0.002342547885770019,3,-9.095862794472609e-5,FALSE
hierarchical,12,5,Categorical,C4,Accuracy,bnhiersyn,bn,0.7485255124601428,0.2509135745482728,0.09700766433467067,3,0.15390591021360212,FALSE
hierarchical,12,5,Categorical,C4,Accuracy,carthiersyn,cart,1,0,-0.00260753609268561,3,0.00260753609268561,TRUE
hierarchical,12,5,Categorical,C4,Accuracy,parmhiersyn,parm,0.7274628139974895,0.27253718600251053,0.035633572032288674,3,0.23690361397022186,FALSE
hierarchical,12,5,Categorical,C4,Accuracy,svmhiersyn,svm,0.9466301526025716,0.05336984739742845,0.08521857350458961,3,-0.03184872610716116,FALSE
hierarchical,12,5,Categorical,C4,F1,bnhiersyn,bn,0.7493262671097707,0.250379637077511,0.09743943802227652,3,0.15294019905523448,FALSE
hierarchical,12,5,Categorical,C4,F1,carthiersyn,cart,1,0,-0.002528405321434302,3,0.002528405321434302,TRUE
hierarchical,12,5,Categorical,C4,F1,parmhiersyn,parm,0.724864859192216,0.275135140807784,0.026305163717141825,3,0.2488299770906422,FALSE
hierarchical,12,5,Categorical,C4,F1,svmhiersyn,svm,0.9466032997248862,0.053396700275113784,0.08498268952943823,3,-0.031585989254324445,FALSE
hierarchical,12,5,Categorical,C4,Specificity,bnhiersyn,bn,0.8726719348294587,0.12577279933085028,0.05102547311909354,3,0.07474732621175674,FALSE
hierarchical,12,5,Categorical,C4,Specificity,carthiersyn,cart,1,0,3.062155457000861e-6,3,-3.062155457000861e-6,TRUE
hierarchical,12,5,Categorical,C4,Specificity,parmhiersyn,parm,0.8631830726193838,0.13681692738061624,0.01608628882239466,3,0.12073063855822158,FALSE
hierarchical,12,5,Categorical,C4,Specificity,svmhiersyn,svm,0.9727865876147713,0.027213412385228675,0.05251652127767166,3,-0.025303108892442985,FALSE
hierarchical,12,5,Categorical,C6,Accuracy,bnhiersyn,bn,0.6131334284731034,0.38686657152689663,0.10260290298372098,3,0.28426366854317564,FALSE
hierarchical,12,5,Categorical,C6,Accuracy,carthiersyn,cart,1,0,-0.002729848471555973,3,0.002729848471555973,TRUE
hierarchical,12,5,Categorical,C6,Accuracy,parmhiersyn,parm,0.6755763213855043,0.3244236786144957,0.01746141644021995,3,0.3069622621742758,FALSE
hierarchical,12,5,Categorical,C6,Accuracy,svmhiersyn,svm,0.8802013962210177,0.11979860377898233,0.12387181352671599,3,-0.004073209747733661,FALSE
hierarchical,12,5,Categorical,C6,F1,bnhiersyn,bn,0.6027432598935011,0.3972567401064989,0.0932211889682395,3,0.3040355511382594,FALSE
hierarchical,12,5,Categorical,C6,F1,carthiersyn,cart,1,0,-0.0037467999032904688,3,0.0037467999032904688,TRUE
hierarchical,12,5,Categorical,C6,F1,parmhiersyn,parm,0.6634926366790815,0.33650736332091846,-0.015640773598780165,3,0.35214813691969865,FALSE
hierarchical,12,5,Categorical,C6,F1,svmhiersyn,svm,0.8823592236155459,0.11764077638445414,0.10809036239717947,3,0.009550413987274672,FALSE
hierarchical,12,5,Categorical,C6,Specificity,bnhiersyn,bn,0.927214072489656,0.07278592751034396,0.01718651225431502,3,0.05559941525602894,FALSE
hierarchical,12,5,Categorical,C6,Specificity,carthiersyn,cart,1,0,-9.80915800889052e-4,3,9.80915800889052e-4,TRUE
hierarchical,12,5,Categorical,C6,Specificity,parmhiersyn,parm,0.9351293187798544,0.06487068122014561,0.004482011975076102,3,0.060388669245069505,FALSE
hierarchical,12,5,Categorical,C6,Specificity,svmhiersyn,svm,0.9767552306219953,0.02324476937800468,0.01994408048620732,3,0.003300688891797361,FALSE
hierarchical,12,5,Continuous,X2,MAE,carthiersyn,cart,1,0,0.023446873119818294,2,-0.023446873119818294,TRUE
hierarchical,12,5,Continuous,X2,MAE,parmhiersyn,parm,0.19249073837101047,0.792920990373303,0.23446488375018965,2,0.5584561066231133,FALSE
hierarchical,12,5,Continuous,X2,MAE,svmhiersyn,svm,0.4520704604911091,0.08981729521763429,0.08253790531175077,2,0.007279389905883518,FALSE
hierarchical,12,5,Continuous,X2,RMSE,carthiersyn,cart,1,0,0.04176085679658112,2,-0.04176085679658112,TRUE
hierarchical,12,5,Continuous,X2,RMSE,parmhiersyn,parm,0.26169125930054826,0.732737855454484,0.19289445256412624,2,0.5398434028903578,FALSE
hierarchical,12,5,Continuous,X2,RMSE,svmhiersyn,svm,0.5414122941389836,0.2366515880269374,0.15458020141480805,2,0.08207138661212934,FALSE
hierarchical,12,5,Continuous,X2,R_squared,carthiersyn,cart,1,0,0.040329525269500184,2,-0.040329525269500184,TRUE
hierarchical,12,5,Continuous,X2,R_squared,parmhiersyn,parm,0.06855323012643282,0.9199523743494737,0.28298991140295376,2,0.63696246294652,FALSE
hierarchical,12,5,Continuous,X2,R_squared,svmhiersyn,svm,0.2932476123186228,0.3150078515888425,0.12932414181872307,2,0.18568370977011942,FALSE
hierarchical,12,5,Continuous,X4,MAE,carthiersyn,cart,1,0,0.01421553886826468,2,-0.01421553886826468,TRUE
hierarchical,12,5,Continuous,X4,MAE,parmhiersyn,parm,0.12482719585457817,0.8751728041454219,0.2859915075632243,2,0.5891812965821976,FALSE
hierarchical,12,5,Continuous,X4,MAE,svmhiersyn,svm,0.30214136746785436,0.653595354495606,0.2182010346199919,2,0.4353943198756141,FALSE
hierarchical,12,5,Continuous,X4,RMSE,carthiersyn,cart,1,0,0.018058645605033022,2,-0.018058645605033022,TRUE
hierarchical,12,5,Continuous,X4,RMSE,parmhiersyn,parm,0.15784297823923524,0.8421570217607648,0.30918671105479506,2,0.5329703107059698,FALSE
hierarchical,12,5,Continuous,X4,RMSE,svmhiersyn,svm,0.25525633533978187,0.7415958993941938,0.25044388114748517,2,0.4911520182467086,FALSE
hierarchical,12,5,Continuous,X4,R_squared,carthiersyn,cart,1,0,0.008282659632959093,2,-0.008282659632959093,TRUE
hierarchical,12,5,Continuous,X4,R_squared,parmhiersyn,parm,0.025076694597732988,0.974923305402267,0.3471994202209949,2,0.6277238851812721,FALSE
hierarchical,12,5,Continuous,X4,R_squared,svmhiersyn,svm,0.0655380123754861,0.9285292816070388,0.2018868541936658,2,0.726642427413373,FALSE
hierarchical,12,5,Continuous,X6,MAE,carthiersyn,cart,1,0,0.06289345213728258,2,-0.06289345213728258,TRUE
hierarchical,12,5,Continuous,X6,MAE,parmhiersyn,parm,0.07184000279138945,0.9180811769367176,0.32593241615130275,2,0.5921487607854149,FALSE
hierarchical,12,5,Continuous,X6,MAE,svmhiersyn,svm,0.28765191920174216,0.7123480807982578,0.25252781623865883,2,0.459820264559599,FALSE
hierarchical,12,5,Continuous,X6,RMSE,carthiersyn,cart,1,0,0.23449973362062193,2,-0.23449973362062193,TRUE
hierarchical,12,5,Continuous,X6,RMSE,parmhiersyn,parm,0.08574227893824887,0.9142577210617511,0.3219257664340329,2,0.5923319546277181,FALSE
hierarchical,12,5,Continuous,X6,RMSE,svmhiersyn,svm,0.2955549238767653,0.7044450761232347,0.2946619920540712,2,0.40978308406916353,FALSE
hierarchical,12,5,Continuous,X6,R_squared,carthiersyn,cart,1,0,0.18331165244453246,2,-0.18331165244453246,TRUE
hierarchical,12,5,Continuous,X6,R_squared,parmhiersyn,parm,0.007517517546117167,0.9924824824538828,0.3965935829209775,2,0.5958888995329052,FALSE
hierarchical,12,5,Continuous,X6,R_squared,svmhiersyn,svm,0.08925197342466705,0.9107480265753329,0.21736816605445325,2,0.6933798605208796,FALSE
hierarchical,18,1,Categorical,C3,Accuracy,bnhiersyn,bn,0.7230591701505111,0.27694082984948887,0.009477133674215522,3,0.2674636961752733,FALSE
hierarchical,18,1,Categorical,C3,Accuracy,carthiersyn,cart,1,0,-0.0017765411376911013,3,0.0017765411376911013,TRUE
hierarchical,18,1,Categorical,C3,Accuracy,parmhiersyn,parm,0.8803626462206005,0.11963735377939955,-2.7888864032585194e-4,3,0.1199162424197254,FALSE
hierarchical,18,1,Categorical,C3,Accuracy,svmhiersyn,svm,0.9753522418957222,0.024647758104277773,0.01960084583191235,3,0.0050469122723654225,FALSE
hierarchical,18,1,Categorical,C3,F1,bnhiersyn,bn,0.7084978210991356,0.2915021789008644,0.0022499145145565857,3,0.2892522643863078,FALSE
hierarchical,18,1,Categorical,C3,F1,carthiersyn,cart,1,0,7.037708243452214e-4,3,-7.037708243452214e-4,TRUE
hierarchical,18,1,Categorical,C3,F1,parmhiersyn,parm,0.8774448418285263,0.12255515817147367,-0.014235941469762172,3,0.13679109964123584,FALSE
hierarchical,18,1,Categorical,C3,F1,svmhiersyn,svm,0.9753552989329918,0.024644701067008223,0.019788454620384494,3,0.004856246446623729,FALSE
hierarchical,18,1,Categorical,C3,Specificity,bnhiersyn,bn,0.8886252406727592,0.11137475932724084,0.003557494202357033,3,0.10781726512488381,FALSE
hierarchical,18,1,Categorical,C3,Specificity,carthiersyn,cart,1,0,-0.001928192519775377,3,0.001928192519775377,TRUE
hierarchical,18,1,Categorical,C3,Specificity,parmhiersyn,parm,0.944932413432149,0.055067586567851046,-0.006645092849713314,3,0.06171267941756436,FALSE
hierarchical,18,1,Categorical,C3,Specificity,svmhiersyn,svm,0.9923052100654466,0.007694789934553414,0.010380304265903004,3,-0.00268551433134959,FALSE
hierarchical,18,1,Categorical,C6,Accuracy,bnhiersyn,bn,0.7469505726120101,0.25304942738798986,0.052553168502820324,3,0.20049625888516953,FALSE
hierarchical,18,1,Categorical,C6,Accuracy,carthiersyn,cart,1,0,0.005684333019255254,3,-0.005684333019255254,TRUE
hierarchical,18,1,Categorical,C6,Accuracy,parmhiersyn,parm,0.7499716404182092,0.2500283595817908,0.028472720422656472,3,0.22155563915913434,FALSE
hierarchical,18,1,Categorical,C6,Accuracy,svmhiersyn,svm,0.8902538880120494,0.10974611198795059,0.05777856012483073,3,0.05196755186311986,FALSE
hierarchical,18,1,Categorical,C6,F1,bnhiersyn,bn,0.7438665196267256,0.25613348037327444,0.054325922828005906,3,0.20180755754526852,FALSE
hierarchical,18,1,Categorical,C6,F1,carthiersyn,cart,1,0,0.005026938307038279,3,-0.005026938307038279,TRUE
hierarchical,18,1,Categorical,C6,F1,parmhiersyn,parm,0.74868341570839,0.25131658429160997,0.01606206151297541,3,0.23525452277863457,FALSE
hierarchical,18,1,Categorical,C6,F1,svmhiersyn,svm,0.8896733544984449,0.11032664550155513,0.05410823560738999,3,0.05621840989416514,FALSE
hierarchical,18,1,Categorical,C6,Specificity,bnhiersyn,bn,0.8852075775020245,0.1147924224979755,0.02773933145607109,3,0.08705309104190441,FALSE
hierarchical,18,1,Categorical,C6,Specificity,carthiersyn,cart,1,0,0.002997402183378021,3,-0.002997402183378021,TRUE
hierarchical,18,1,Categorical,C6,Specificity,parmhiersyn,parm,0.88647527151311,0.11352472848688999,0.02297062339783391,3,0.09055410508905608,FALSE
hierarchical,18,1,Categorical,C6,Specificity,svmhiersyn,svm,0.9506953807940224,0.04930461920597762,0.031174029236747176,3,0.01813058996923044,FALSE
hierarchical,18,1,Categorical,C9,Accuracy,bnhiersyn,bn,0.7631153150194396,0.232852395214916,0.00887436515880989,3,0.22397803005610611,FALSE
hierarchical,18,1,Categorical,C9,Accuracy,carthiersyn,cart,1,-2.9787238295431173e-4,0.03800775612894592,3,-0.03830562851190023,FALSE
hierarchical,18,1,Categorical,C9,Accuracy,parmhiersyn,parm,0.8185890729613589,0.18141092703864115,0.029130591373895467,3,0.1522803356647457,FALSE
hierarchical,18,1,Categorical,C9,Accuracy,svmhiersyn,svm,0.9830678217773946,0.0169321782226054,0.08366869923509232,3,-0.06673652101248692,FALSE
hierarchical,18,1,Categorical,C9,F1,bnhiersyn,bn,0.7292194465521135,0.2658952132335739,3.040630031952262e-4,3,0.26559115023037866,FALSE
hierarchical,18,1,Categorical,C9,F1,carthiersyn,cart,1,0,0.028413208575866416,3,-0.028413208575866416,TRUE
hierarchical,18,1,Categorical,C9,F1,parmhiersyn,parm,0.8028510863975526,0.19714891360244735,-0.07686980773699376,3,0.2740187213394411,FALSE
hierarchical,18,1,Categorical,C9,F1,svmhiersyn,svm,0.9813191808658683,0.018680819134131665,0.06635017483483517,3,-0.047669355700703506,FALSE
hierarchical,18,1,Categorical,C9,Specificity,bnhiersyn,bn,0.8877250700052977,0.11136306149793126,-0.0043124036221452965,3,0.11567546512007656,FALSE
hierarchical,18,1,Categorical,C9,Specificity,carthiersyn,cart,1,0,0.006613666350018529,3,-0.006613666350018529,TRUE
hierarchical,18,1,Categorical,C9,Specificity,parmhiersyn,parm,0.8990412557889434,0.10095874421105655,-0.05840361973245082,3,0.15936236394350736,FALSE
hierarchical,18,1,Categorical,C9,Specificity,svmhiersyn,svm,0.9809359724928522,0.017866462306008746,0.04332700236079385,3,-0.025460540054785104,FALSE
hierarchical,18,1,Continuous,X3,MAE,carthiersyn,cart,1,0,0.02888189003050072,2,-0.02888189003050072,TRUE
hierarchical,18,1,Continuous,X3,MAE,parmhiersyn,parm,0.04917197819695824,0.9508280218030417,0.3494001993122818,2,0.6014278224907599,FALSE
hierarchical,18,1,Continuous,X3,MAE,svmhiersyn,svm,0.11179731121046942,0.5833372688358098,0.22232773792014504,2,0.3610095309156648,FALSE
hierarchical,18,1,Continuous,X3,RMSE,carthiersyn,cart,1,0,0.04701103578390997,2,-0.04701103578390997,TRUE
hierarchical,18,1,Continuous,X3,RMSE,parmhiersyn,parm,0.06183072137580241,0.9381692786241976,0.348157451453707,2,0.5900118271704906,FALSE
hierarchical,18,1,Continuous,X3,RMSE,svmhiersyn,svm,0.11265994150087036,0.6685418910778445,0.2617522187499903,2,0.4067896723278542,FALSE
hierarchical,18,1,Continuous,X3,R_squared,carthiersyn,cart,1,0,0.011356565700437957,2,-0.011356565700437957,TRUE
hierarchical,18,1,Continuous,X3,R_squared,parmhiersyn,parm,0.0039021815912591296,0.9960978184087409,0.31651635353114965,2,0.6795814648775913,FALSE
hierarchical,18,1,Continuous,X3,R_squared,svmhiersyn,svm,0.012957799054361627,0.5981815225136091,0.16959807103045738,2,0.42858345148315174,FALSE
hierarchical,18,1,Continuous,X6,MAE,carthiersyn,cart,1,0,0.15242176758065001,2,-0.15242176758065001,TRUE
hierarchical,18,1,Continuous,X6,MAE,parmhiersyn,parm,0.10349129999736817,0.8965087000026318,0.3197944306469147,2,0.5767142693557171,FALSE
hierarchical,18,1,Continuous,X6,MAE,svmhiersyn,svm,0.273452840986635,0.6867910458435668,0.2907161518740229,2,0.3960748939695439,FALSE
hierarchical,18,1,Continuous,X6,RMSE,carthiersyn,cart,1,0,0.34163978502958203,2,-0.34163978502958203,TRUE
hierarchical,18,1,Continuous,X6,RMSE,parmhiersyn,parm,0.12284956258643158,0.8771504374135685,0.2808839444722397,2,0.5962664929413288,FALSE
hierarchical,18,1,Continuous,X6,RMSE,svmhiersyn,svm,0.3502633360737581,0.6487468030549804,0.2824926525952621,2,0.3662541504597184,FALSE
hierarchical,18,1,Continuous,X6,R_squared,carthiersyn,cart,1,0,0.32015785877011976,2,-0.32015785877011976,TRUE
hierarchical,18,1,Continuous,X6,R_squared,parmhiersyn,parm,0.015125291321755845,0.9848747086782441,0.3536531404370866,2,0.6312215682411575,FALSE
hierarchical,18,1,Continuous,X6,R_squared,svmhiersyn,svm,0.12307933361928658,0.8754234066372806,0.22596238024075643,2,0.6494610263965241,FALSE
hierarchical,18,1,Continuous,X9,MAE,carthiersyn,cart,1,0,0.13314459708007031,2,-0.13314459708007031,TRUE
hierarchical,18,1,Continuous,X9,MAE,parmhiersyn,parm,0.10524477642818304,0.8946346414020026,0.36744250600344047,2,0.527192135398562,FALSE
hierarchical,18,1,Continuous,X9,MAE,svmhiersyn,svm,0.21757603202360326,0.7824239679763967,0.3204325967585891,2,0.4619913712178076,FALSE
hierarchical,18,1,Continuous,X9,RMSE,carthiersyn,cart,1,0,0.2935537177091566,2,-0.2935537177091566,TRUE
hierarchical,18,1,Continuous,X9,RMSE,parmhiersyn,parm,0.12960399731229297,0.870396002687707,0.34684882454942245,2,0.5235471781382846,FALSE
hierarchical,18,1,Continuous,X9,RMSE,svmhiersyn,svm,0.25126784175968764,0.7487321582403124,0.3533019467120056,2,0.39543021152830676,FALSE
hierarchical,18,1,Continuous,X9,R_squared,carthiersyn,cart,1,0,0.21569906424246227,2,-0.21569906424246227,TRUE
hierarchical,18,1,Continuous,X9,R_squared,parmhiersyn,parm,0.017436972136385714,0.9825630278636143,0.41339908694887306,2,0.5691639409147412,FALSE
hierarchical,18,1,Continuous,X9,R_squared,svmhiersyn,svm,0.06550468768320596,0.9344953123167941,0.33628152339748213,2,0.598213788919312,FALSE
hierarchical,18,2,Categorical,C3,Accuracy,bnhiersyn,bn,0.826546246804518,0.17345375319548195,0.09288526130677348,3,0.08056849188870847,FALSE
hierarchical,18,2,Categorical,C3,Accuracy,carthiersyn,cart,1,0,-0.00684063856808553,3,0.00684063856808553,TRUE
hierarchical,18,2,Categorical,C3,Accuracy,parmhiersyn,parm,0.7852809269901622,0.21471907300983784,0.030728479816052437,3,0.1839905931937854,FALSE
hierarchical,18,2,Categorical,C3,Accuracy,svmhiersyn,svm,0.8957740578428434,0.10422594215715664,0.07044978724362522,3,0.03377615491353142,FALSE
hierarchical,18,2,Categorical,C3,F1,bnhiersyn,bn,0.8123754304147939,0.18762456958520612,0.0950808037306818,3,0.09254376585452433,FALSE
hierarchical,18,2,Categorical,C3,F1,carthiersyn,cart,1,0,-0.007328430635291968,3,0.007328430635291968,TRUE
hierarchical,18,2,Categorical,C3,F1,parmhiersyn,parm,0.7775187249634773,0.2224812750365227,0.014271564245382515,3,0.2082097107911402,FALSE
hierarchical,18,2,Categorical,C3,F1,svmhiersyn,svm,0.8944167618620368,0.10558323813796322,0.06961159455055889,3,0.03597164358740433,FALSE
hierarchical,18,2,Categorical,C3,Specificity,bnhiersyn,bn,0.814027811727347,0.18526035429685464,0.08745200132110399,3,0.09780835297575065,FALSE
hierarchical,18,2,Categorical,C3,Specificity,carthiersyn,cart,1,0,-0.010456925768106928,3,0.010456925768106928,TRUE
hierarchical,18,2,Categorical,C3,Specificity,parmhiersyn,parm,0.790935485480225,0.20906451451977504,0.010404700159506062,3,0.19865981436026897,FALSE
hierarchical,18,2,Categorical,C3,Specificity,svmhiersyn,svm,0.9104874380053036,0.08951256199469637,0.08166521154119231,3,0.007847350453504057,FALSE
hierarchical,18,2,Categorical,C6,Accuracy,bnhiersyn,bn,0.8389777088680067,0.1610222911319933,0.0015108193195424436,3,0.15951147181245084,FALSE
hierarchical,18,2,Categorical,C6,Accuracy,carthiersyn,cart,1,0,0.013306910494017228,3,-0.013306910494017228,TRUE
hierarchical,18,2,Categorical,C6,Accuracy,parmhiersyn,parm,0.9234811031433671,0.07651889685663293,0.004317080343243668,3,0.07220181651338926,FALSE
hierarchical,18,2,Categorical,C6,Accuracy,svmhiersyn,svm,0.968365237158784,-0.09930660386544529,-0.03963065116501822,3,-0.059675952700427075,FALSE
hierarchical,18,2,Categorical,C6,F1,bnhiersyn,bn,0.836185758234375,0.16381424176562498,-0.0016632051810190254,3,0.165477446946644,FALSE
hierarchical,18,2,Categorical,C6,F1,carthiersyn,cart,1,0,0.01260176074944223,3,-0.01260176074944223,TRUE
hierarchical,18,2,Categorical,C6,F1,parmhiersyn,parm,0.9236039643217083,0.07639603567829167,0.005427521990266453,3,0.07096851368802522,FALSE
hierarchical,18,2,Categorical,C6,F1,svmhiersyn,svm,0.9685531460740148,-0.09980427216540919,-0.04000981427625979,3,-0.059794457889149395,FALSE
hierarchical,18,2,Categorical,C6,Specificity,bnhiersyn,bn,0.9431298038574633,0.056870196142536744,7.11558718823372e-4,3,0.056158637423713374,FALSE
hierarchical,18,2,Categorical,C6,Specificity,carthiersyn,cart,1,0,0.004489261116847813,3,-0.004489261116847813,TRUE
hierarchical,18,2,Categorical,C6,Specificity,parmhiersyn,parm,0.9743136084585279,0.02568639154147212,0.005847406847313441,3,0.01983898469415868,FALSE
hierarchical,18,2,Categorical,C6,Specificity,svmhiersyn,svm,0.9895263694883808,-0.03688236274205266,-0.015331904641772387,3,-0.02155045810028027,FALSE
hierarchical,18,2,Categorical,C9,Accuracy,bnhiersyn,bn,0.647219592246566,0.35270846765095765,0.11349798020536957,3,0.2392104874455881,FALSE
hierarchical,18,2,Categorical,C9,Accuracy,carthiersyn,cart,1,0,-4.7598513266006577e-4,3,4.7598513266006577e-4,TRUE
hierarchical,18,2,Categorical,C9,Accuracy,parmhiersyn,parm,0.7121534843348711,0.28784651566512887,0.011879860661115835,3,0.275966655004013,FALSE
hierarchical,18,2,Categorical,C9,Accuracy,svmhiersyn,svm,0.8896798329761887,0.11032016702381131,0.13699049616888834,3,-0.026670329145077026,FALSE
hierarchical,18,2,Categorical,C9,F1,bnhiersyn,bn,0.6106909973563336,0.3893090026436664,0.07169454865257821,3,0.31761445399108823,FALSE
hierarchical,18,2,Categorical,C9,F1,carthiersyn,cart,1,0,-0.0018057251815477649,3,0.0018057251815477649,TRUE
hierarchical,18,2,Categorical,C9,F1,parmhiersyn,parm,0.6970661086843097,0.30293389131569026,-0.05913475982238856,3,0.36206865113807885,FALSE
hierarchical,18,2,Categorical,C9,F1,svmhiersyn,svm,0.884491479073046,0.11550852092695396,0.1356985557204391,3,-0.020190034793485134,FALSE
hierarchical,18,2,Categorical,C9,Specificity,bnhiersyn,bn,0.9176433453195041,0.08235665468049591,0.012840918080503952,3,0.06951573659999195,FALSE
hierarchical,18,2,Categorical,C9,Specificity,carthiersyn,cart,1,0,-3.8998948371427776e-4,3,3.8998948371427776e-4,TRUE
hierarchical,18,2,Categorical,C9,Specificity,parmhiersyn,parm,0.938212430235555,0.061787569764444994,-0.0016518621537595058,3,0.0634394319182045,FALSE
hierarchical,18,2,Categorical,C9,Specificity,svmhiersyn,svm,0.9765843140165867,0.02341568598341326,0.03167696249620696,3,-0.008261276512793701,FALSE
hierarchical,18,2,Continuous,X3,MAE,carthiersyn,cart,1,0,0.08607939365326517,2,-0.08607939365326517,TRUE
hierarchical,18,2,Continuous,X3,MAE,parmhiersyn,parm,0.06610168075577436,0.9338983192442256,0.32752508404685654,2,0.6063732351973691,FALSE
hierarchical,18,2,Continuous,X3,MAE,svmhiersyn,svm,0.18041619297966358,0.7105642732819364,0.279726656204919,2,0.4308376170770174,FALSE
hierarchical,18,2,Continuous,X3,RMSE,carthiersyn,cart,1,0,0.24288780455053538,2,-0.24288780455053538,TRUE
hierarchical,18,2,Continuous,X3,RMSE,parmhiersyn,parm,0.08084386916969857,0.9191561308303015,0.3108466426948688,2,0.6083094881354327,FALSE
hierarchical,18,2,Continuous,X3,RMSE,svmhiersyn,svm,0.20229646599967768,0.7720227276250304,0.3332946365229421,2,0.4387280911020883,FALSE
hierarchical,18,2,Continuous,X3,R_squared,carthiersyn,cart,1,0,0.15025268949333395,2,-0.15025268949333395,TRUE
hierarchical,18,2,Continuous,X3,R_squared,parmhiersyn,parm,0.006619840176367966,0.993380159823632,0.31708844778360223,2,0.6762917120400298,FALSE
hierarchical,18,2,Continuous,X3,R_squared,svmhiersyn,svm,0.04146576813989305,0.9092255665586939,0.27636974276493803,2,0.6328558237937558,FALSE
hierarchical,18,2,Continuous,X6,MAE,carthiersyn,cart,1,0,0.16657562475701185,2,-0.16657562475701185,TRUE
hierarchical,18,2,Continuous,X6,MAE,parmhiersyn,parm,0.0674563684546498,0.9325436315453501,0.380643422997608,2,0.5519002085477421,FALSE
hierarchical,18,2,Continuous,X6,MAE,svmhiersyn,svm,0.15501748632586476,0.8449825136741352,0.3738484669825943,2,0.47113404669154096,FALSE
hierarchical,18,2,Continuous,X6,RMSE,carthiersyn,cart,1,0,0.301195223236653,2,-0.301195223236653,TRUE
hierarchical,18,2,Continuous,X6,RMSE,parmhiersyn,parm,0.09395600339091573,0.9060439966090843,0.3576672468296663,2,0.5483767497794181,FALSE
hierarchical,18,2,Continuous,X6,RMSE,svmhiersyn,svm,0.17848736682275534,0.8215126331772447,0.3873341448220918,2,0.4341784883551529,FALSE
hierarchical,18,2,Continuous,X6,R_squared,carthiersyn,cart,1,0,0.1854840238452976,2,-0.1854840238452976,TRUE
hierarchical,18,2,Continuous,X6,R_squared,parmhiersyn,parm,0.009062779677532102,0.9909372203224679,0.38102671617003947,2,0.6099105041524284,FALSE
hierarchical,18,2,Continuous,X6,R_squared,svmhiersyn,svm,0.032709269963812126,0.9672907300361879,0.3691773867173744,2,0.5981133433188135,FALSE
hierarchical,18,2,Continuous,X9,MAE,carthiersyn,cart,1,0,0.14454966482020004,2,-0.14454966482020004,TRUE
hierarchical,18,2,Continuous,X9,MAE,parmhiersyn,parm,0.05915357862261118,0.9408464213773888,0.3527095013389181,2,0.5881369200384707,FALSE
hierarchical,18,2,Continuous,X9,MAE,svmhiersyn,svm,0.18701913319416266,0.7527945070632369,0.2367489407725163,2,0.5160455662907206,FALSE
hierarchical,18,2,Continuous,X9,RMSE,carthiersyn,cart,1,0,0.28872100045150834,2,-0.28872100045150834,TRUE
hierarchical,18,2,Continuous,X9,RMSE,parmhiersyn,parm,0.06688642810256128,0.9331135718974387,0.34971229749057037,2,0.5834012744068684,FALSE
hierarchical,18,2,Continuous,X9,RMSE,svmhiersyn,svm,0.19276622408871838,0.8065434127960378,0.2597082291630486,2,0.5468351836329892,FALSE
hierarchical,18,2,Continuous,X9,R_squared,carthiersyn,cart,1,0,0.18410691279068314,2,-0.18410691279068314,TRUE
hierarchical,18,2,Continuous,X9,R_squared,parmhiersyn,parm,0.004481332617226928,0.9955186673827731,0.37690663035156347,2,0.6186120370312096,FALSE
hierarchical,18,2,Continuous,X9,R_squared,svmhiersyn,svm,0.03717785785848656,0.9614426415505832,0.16339803585697382,2,0.7980446056936095,FALSE
hierarchical,18,3,Categorical,C3,Accuracy,bnhiersyn,bn,0.7213033374212237,0.27869666257877634,0.06257435094866046,3,0.2161223116301159,FALSE
hierarchical,18,3,Categorical,C3,Accuracy,carthiersyn,cart,1,0,-0.04775969705967398,3,0.04775969705967398,TRUE
hierarchical,18,3,Categorical,C3,Accuracy,parmhiersyn,parm,0.7796478933080215,0.22035210669197847,-0.0720074450873532,3,0.29235955177933165,FALSE
hierarchical,18,3,Categorical,C3,Accuracy,svmhiersyn,svm,0.8925134469582984,0.10748655304170163,0.07072453270639088,3,0.036762020335310744,FALSE
hierarchical,18,3,Categorical,C3,F1,bnhiersyn,bn,0.6976880976594815,0.3023119023405185,0.06185874420888967,3,0.24045315813162885,FALSE
hierarchical,18,3,Categorical,C3,F1,carthiersyn,cart,1,0,-0.049490489904981776,3,0.049490489904981776,TRUE
hierarchical,18,3,Categorical,C3,F1,parmhiersyn,parm,0.7708794167649047,0.22912058323509532,-0.08774571460675787,3,0.31686629784185316,FALSE
hierarchical,18,3,Categorical,C3,F1,svmhiersyn,svm,0.8917096291532988,0.10829037084670123,0.05549236162405045,3,0.05279800922265079,FALSE
hierarchical,18,3,Categorical,C3,Specificity,bnhiersyn,bn,0.9459094489154495,0.05357664566067129,0.016134706577783278,3,0.03744193908288801,FALSE
hierarchical,18,3,Categorical,C3,Specificity,carthiersyn,cart,1,0,-0.007523414682493563,3,0.007523414682493563,TRUE
hierarchical,18,3,Categorical,C3,Specificity,parmhiersyn,parm,0.9548636063204793,0.045136393679520714,-0.01082025039648607,3,0.055956644076006784,FALSE
hierarchical,18,3,Categorical,C3,Specificity,svmhiersyn,svm,0.9828111378457356,0.017188862154264406,0.019380778862259737,3,-0.002191916707995331,FALSE
hierarchical,18,3,Categorical,C6,Accuracy,bnhiersyn,bn,0.935393209176244,0.06460679082375598,0.02341394984201764,3,0.04119284098173834,FALSE
hierarchical,18,3,Categorical,C6,Accuracy,carthiersyn,cart,1,0,-0.010725985445729225,3,0.010725985445729225,TRUE
hierarchical,18,3,Categorical,C6,Accuracy,parmhiersyn,parm,0.9190366816031601,0.0809633183968399,-0.0637067881851229,3,0.1446701065819628,FALSE
hierarchical,18,3,Categorical,C6,Accuracy,svmhiersyn,svm,0.9886817103902494,0.009891272953594089,0.002357959518069282,3,0.007533313435524807,FALSE
hierarchical,18,3,Categorical,C6,F1,bnhiersyn,bn,0.9349981080828921,0.06500189191710792,0.023224459695163156,3,0.04177743222194477,FALSE
hierarchical,18,3,Categorical,C6,F1,carthiersyn,cart,1,0,-0.010664574371326455,3,0.010664574371326455,TRUE
hierarchical,18,3,Categorical,C6,F1,parmhiersyn,parm,0.919038218970406,0.08096178102959395,-0.06400822696273825,3,0.1449700079923322,FALSE
hierarchical,18,3,Categorical,C6,F1,svmhiersyn,svm,0.9887547211013386,0.009790777232755144,0.0029618203237529468,3,0.006828956909002197,FALSE
hierarchical,18,3,Categorical,C6,Specificity,bnhiersyn,bn,0.9357524641687808,0.06424753583121923,0.018843108777169954,3,0.045404427054049276,FALSE
hierarchical,18,3,Categorical,C6,Specificity,carthiersyn,cart,1,0,-0.007600862056160211,3,0.007600862056160211,TRUE
hierarchical,18,3,Categorical,C6,Specificity,parmhiersyn,parm,0.9311323102958621,0.06886768970413792,-0.03702789765727137,3,0.1058955873614093,FALSE
hierarchical,18,3,Categorical,C6,Specificity,svmhiersyn,svm,0.9925216398778668,0.006594888951472333,0.010465992275618795,3,-0.003871103324146462,FALSE
hierarchical,18,3,Categorical,C9,Accuracy,bnhiersyn,bn,0.7390459309716071,0.24765481008655227,0.07609966073603859,3,0.1715551493505137,FALSE
hierarchical,18,3,Categorical,C9,Accuracy,carthiersyn,cart,1,0,0.022411954842845645,3,-0.022411954842845645,TRUE
hierarchical,18,3,Categorical,C9,Accuracy,parmhiersyn,parm,0.814219552800205,0.18578044719979503,0.03938788499952336,3,0.14639256220027166,FALSE
hierarchical,18,3,Categorical,C9,Accuracy,svmhiersyn,svm,0.9033386790995813,0.09581192803924699,0.09743637447582029,3,-0.001624446436573307,FALSE
hierarchical,18,3,Categorical,C9,F1,bnhiersyn,bn,0.7389222028678238,0.2490745524850434,0.07719847002126817,3,0.17187608246377523,FALSE
hierarchical,18,3,Categorical,C9,F1,carthiersyn,cart,1,0,0.023190912134336335,3,-0.023190912134336335,TRUE
hierarchical,18,3,Categorical,C9,F1,parmhiersyn,parm,0.8131549637321124,0.18684503626788762,-0.014094626014149535,3,0.20093966228203716,FALSE
hierarchical,18,3,Categorical,C9,F1,svmhiersyn,svm,0.9034542558421393,0.09484225637388352,0.09654161082167245,3,-0.001699354447788931,FALSE
hierarchical,18,3,Categorical,C9,Specificity,bnhiersyn,bn,0.8685017377985146,0.12543305777976338,0.04248771864334901,3,0.08294533913641437,FALSE
hierarchical,18,3,Categorical,C9,Specificity,carthiersyn,cart,1,0,0.010854361784795359,3,-0.010854361784795359,TRUE
hierarchical,18,3,Categorical,C9,Specificity,parmhiersyn,parm,0.9023178586220314,0.0976821413779686,0.003154217325284321,3,0.09452792405268429,FALSE
hierarchical,18,3,Categorical,C9,Specificity,svmhiersyn,svm,0.9474565947611647,0.050473248898394975,0.05266953509751493,3,-0.0021962861991199553,FALSE
hierarchical,18,3,Continuous,X3,MAE,carthiersyn,cart,1,0,0.011156437601613257,2,-0.011156437601613257,TRUE
hierarchical,18,3,Continuous,X3,MAE,parmhiersyn,parm,0.07527075138896179,0.9247292486110382,0.29598657868608574,2,0.6287426699249525,FALSE
hierarchical,18,3,Continuous,X3,MAE,svmhiersyn,svm,0.16382581156979534,0.5264074606558073,0.18221740462011124,2,0.3441900560356961,FALSE
hierarchical,18,3,Continuous,X3,RMSE,carthiersyn,cart,1,0,0.04106216893153931,2,-0.04106216893153931,TRUE
hierarchical,18,3,Continuous,X3,RMSE,parmhiersyn,parm,0.0900220109454155,0.9099779890545845,0.2877663342193839,2,0.6222116548352006,FALSE
hierarchical,18,3,Continuous,X3,RMSE,svmhiersyn,svm,0.1793507833241957,0.584516300513493,0.20234315345688036,2,0.38217314705661265,FALSE
hierarchical,18,3,Continuous,X3,R_squared,carthiersyn,cart,1,0,0.013939257620653078,2,-0.013939257620653078,TRUE
hierarchical,18,3,Continuous,X3,R_squared,parmhiersyn,parm,0.008310611520614809,0.9916893884793851,0.2614597019195815,2,0.7302296865598037,FALSE
hierarchical,18,3,Continuous,X3,R_squared,svmhiersyn,svm,0.03299971597250156,0.5522015339647045,0.1184832594663865,2,0.433718274498318,FALSE
hierarchical,18,3,Continuous,X6,MAE,carthiersyn,cart,1,0,0.0710253612139761,2,-0.0710253612139761,TRUE
hierarchical,18,3,Continuous,X6,MAE,parmhiersyn,parm,0.049374506514054554,0.9506254934859455,0.33757490404308443,2,0.6130505894428611,FALSE
hierarchical,18,3,Continuous,X6,MAE,svmhiersyn,svm,0.13581620319666105,0.8267410589275666,0.2807604839724287,2,0.5459805749551379,FALSE
hierarchical,18,3,Continuous,X6,RMSE,carthiersyn,cart,1,0,0.15725996826555183,2,-0.15725996826555183,TRUE
hierarchical,18,3,Continuous,X6,RMSE,parmhiersyn,parm,0.0619496641600253,0.9380503358399747,0.3350969076955896,2,0.6029534281443851,FALSE
hierarchical,18,3,Continuous,X6,RMSE,svmhiersyn,svm,0.13830391591809643,0.8616960840819036,0.2971444963694548,2,0.5645515877124487,FALSE
hierarchical,18,3,Continuous,X6,R_squared,carthiersyn,cart,1,0,0.06444134181354647,2,-0.06444134181354647,TRUE
hierarchical,18,3,Continuous,X6,R_squared,parmhiersyn,parm,0.00391848972062351,0.9960815102793765,0.31371146084912604,2,0.6823700494302505,FALSE
hierarchical,18,3,Continuous,X6,R_squared,svmhiersyn,svm,0.019484807419145524,0.9805151925808545,0.20120955743733077,2,0.7793056351435237,FALSE
hierarchical,18,3,Continuous,X9,MAE,carthiersyn,cart,1,0,0.032028530411787666,2,-0.032028530411787666,TRUE
hierarchical,18,3,Continuous,X9,MAE,parmhiersyn,parm,0.05526886051397293,0.944731139486027,0.33744556440917406,2,0.607285575076853,FALSE
hierarchical,18,3,Continuous,X9,MAE,svmhiersyn,svm,0.1356743726166961,0.8643256273833039,0.2759826363233776,2,0.5883429910599263,FALSE
hierarchical,18,3,Continuous,X9,RMSE,carthiersyn,cart,1,0,0.05144928397539057,2,-0.05144928397539057,TRUE
hierarchical,18,3,Continuous,X9,RMSE,parmhiersyn,parm,0.06315892128720418,0.9368410787127959,0.3459961448893979,2,0.590844933823398,FALSE
hierarchical,18,3,Continuous,X9,RMSE,svmhiersyn,svm,0.11773228633345333,0.8822677136665467,0.300740154020405,2,0.5815275596461417,FALSE
hierarchical,18,3,Continuous,X9,R_squared,carthiersyn,cart,1,0,0.01309007734809593,2,-0.01309007734809593,TRUE
hierarchical,18,3,Continuous,X9,R_squared,parmhiersyn,parm,0.003990716247464593,0.9960092837525354,0.3176285213888348,2,0.6783807623637006,FALSE
hierarchical,18,3,Continuous,X9,R_squared,svmhiersyn,svm,0.013845111362751256,0.9861548886372488,0.2028719983358433,2,0.7832828903014055,FALSE
hierarchical,18,4,Categorical,C3,Accuracy,bnhiersyn,bn,0.7926966879521993,0.20730331204780073,0.036406859635065576,3,0.17089645241273516,FALSE
hierarchical,18,4,Categorical,C3,Accuracy,carthiersyn,cart,1,0,0.0053785828175868374,3,-0.0053785828175868374,TRUE
hierarchical,18,4,Categorical,C3,Accuracy,parmhiersyn,parm,0.8431305595669674,0.15686944043303264,-0.062124246380384406,3,0.21899368681341705,FALSE
hierarchical,18,4,Categorical,C3,Accuracy,svmhiersyn,svm,0.9243736787310654,-0.12009357495723386,-0.03408280368405328,3,-0.08601077127318058,FALSE
hierarchical,18,4,Categorical,C3,F1,bnhiersyn,bn,0.7886907555584368,0.21130924444156318,0.038521360150852633,3,0.17278788429071054,FALSE
hierarchical,18,4,Categorical,C3,F1,carthiersyn,cart,1,0,0.006388018604199929,3,-0.006388018604199929,TRUE
hierarchical,18,4,Categorical,C3,F1,parmhiersyn,parm,0.8406793998111523,0.15932060018884775,-0.08904128137267844,3,0.2483618815615262,FALSE
hierarchical,18,4,Categorical,C3,F1,svmhiersyn,svm,0.9232161723933842,-0.12104345004450989,-0.03312639523413929,3,-0.0879170548103706,FALSE
hierarchical,18,4,Categorical,C3,Specificity,bnhiersyn,bn,0.9358606172011414,0.06413938279885856,0.01270180608361644,3,0.051437576715242114,FALSE
hierarchical,18,4,Categorical,C3,Specificity,carthiersyn,cart,1,0,0.0018366445792281786,3,-0.0018366445792281786,TRUE
hierarchical,18,4,Categorical,C3,Specificity,parmhiersyn,parm,0.9511003247672113,0.04889967523278871,-0.015861816991423645,3,0.06476149222421235,FALSE
hierarchical,18,4,Categorical,C3,Specificity,svmhiersyn,svm,0.9777362210993926,-0.04547911116538739,-0.015317830630671263,3,-0.030161280534716124,FALSE
hierarchical,18,4,Categorical,C6,Accuracy,bnhiersyn,bn,0.6350089761684625,0.36476618093156477,0.1331638937921257,3,0.23160228713943906,FALSE
hierarchical,18,4,Categorical,C6,Accuracy,carthiersyn,cart,1,0,0.03154431016917758,3,-0.03154431016917758,TRUE
hierarchical,18,4,Categorical,C6,Accuracy,parmhiersyn,parm,0.7159637866308743,0.28403621336912566,0.11227592193017895,3,0.17176029143894672,FALSE
hierarchical,18,4,Categorical,C6,Accuracy,svmhiersyn,svm,0.8457840202232685,0.15421597977673152,0.1726884395526087,3,-0.018472459775877192,FALSE
hierarchical,18,4,Categorical,C6,F1,bnhiersyn,bn,0.5665758061041639,0.4294336020171423,0.13839595704157107,3,0.2910376449755713,FALSE
hierarchical,18,4,Categorical,C6,F1,carthiersyn,cart,1,0,0.02823722714493387,3,-0.02823722714493387,TRUE
hierarchical,18,4,Categorical,C6,F1,parmhiersyn,parm,0.6873541051317644,0.3126458948682356,0.028272538904161006,3,0.2843733559640746,FALSE
hierarchical,18,4,Categorical,C6,F1,svmhiersyn,svm,0.8397846442387653,0.1602153557612347,0.19212339637599693,3,-0.03190804061476224,FALSE
hierarchical,18,4,Categorical,C6,Specificity,bnhiersyn,bn,0.7474853722723307,0.24215682477634787,0.05913423774346407,3,0.1830225870328838,FALSE
hierarchical,18,4,Categorical,C6,Specificity,carthiersyn,cart,1,0,0.022788017997744187,3,-0.022788017997744187,TRUE
hierarchical,18,4,Categorical,C6,Specificity,parmhiersyn,parm,0.8383629154386609,0.16163708456133907,0.011945630674046599,3,0.14969145388729246,FALSE
hierarchical,18,4,Categorical,C6,Specificity,svmhiersyn,svm,0.9325180332653229,0.0674819667346771,0.1155641570682536,3,-0.0480821903335765,FALSE
hierarchical,18,4,Categorical,C9,Accuracy,bnhiersyn,bn,0.5822963891775582,0.4177036108224418,0.09268658484805217,3,0.32501702597438964,FALSE
hierarchical,18,4,Categorical,C9,Accuracy,carthiersyn,cart,1,0,0.015323332219220531,3,-0.015323332219220531,TRUE
hierarchical,18,4,Categorical,C9,Accuracy,parmhiersyn,parm,0.7410155893787823,0.2589844106212177,0.025471514539029714,3,0.23351289608218798,FALSE
hierarchical,18,4,Categorical,C9,Accuracy,svmhiersyn,svm,0.8710312108200475,0.12896878917995247,0.13520184166909924,3,-0.006233052489146768,FALSE
hierarchical,18,4,Categorical,C9,F1,bnhiersyn,bn,0.5414788887946405,0.45852111120535954,0.08709428575856307,3,0.3714268254467965,FALSE
hierarchical,18,4,Categorical,C9,F1,carthiersyn,cart,1,0,0.012777523399052849,3,-0.012777523399052849,TRUE
hierarchical,18,4,Categorical,C9,F1,parmhiersyn,parm,0.7331289110136124,0.26687108898638756,-0.06485626791198947,3,0.331727356898377,FALSE
hierarchical,18,4,Categorical,C9,F1,svmhiersyn,svm,0.8685776663219703,0.1314223336780297,0.1359116036296531,3,-0.004489269951623409,FALSE
hierarchical,18,4,Categorical,C9,Specificity,bnhiersyn,bn,0.9168586465079149,0.08309863385036365,0.019087892002516225,3,0.06401074184784741,FALSE
hierarchical,18,4,Categorical,C9,Specificity,carthiersyn,cart,1,0,0.004613798383577161,3,-0.004613798383577161,TRUE
hierarchical,18,4,Categorical,C9,Specificity,parmhiersyn,parm,0.9513866578860274,0.04861334211397261,3.5228348464773816e-5,3,0.04857811376550784,FALSE
hierarchical,18,4,Categorical,C9,Specificity,svmhiersyn,svm,0.9757341953147733,0.023930755356601073,0.03361653321066395,3,-0.009685777854062876,FALSE
hierarchical,18,4,Continuous,X3,MAE,carthiersyn,cart,1,0,0.028918171785196255,2,-0.028918171785196255,TRUE
hierarchical,18,4,Continuous,X3,MAE,parmhiersyn,parm,0.06233857524932495,0.937661424750675,0.3302335080504015,2,0.6074279167002735,FALSE
hierarchical,18,4,Continuous,X3,MAE,svmhiersyn,svm,0.11575393823328047,0.5378400160038803,0.18197166214153634,2,0.35586835386234394,FALSE
hierarchical,18,4,Continuous,X3,RMSE,carthiersyn,cart,1,0,0.078205049275922,2,-0.078205049275922,TRUE
hierarchical,18,4,Continuous,X3,RMSE,parmhiersyn,parm,0.07201596527933142,0.9279840347206686,0.33195901789284343,2,0.5960250168278252,FALSE
hierarchical,18,4,Continuous,X3,RMSE,svmhiersyn,svm,0.11101167845789839,0.6218293042185996,0.21848102798798744,2,0.4033482762306122,FALSE
hierarchical,18,4,Continuous,X3,R_squared,carthiersyn,cart,1,0,0.02197808361960956,2,-0.02197808361960956,TRUE
hierarchical,18,4,Continuous,X3,R_squared,parmhiersyn,parm,0.0052263825936986665,0.9947736174063013,0.2874354600876158,2,0.7073381573186855,FALSE
hierarchical,18,4,Continuous,X3,R_squared,svmhiersyn,svm,0.012437689325456188,0.5260107159788613,0.12711635227074078,2,0.3988943637081205,FALSE
hierarchical,18,4,Continuous,X6,MAE,carthiersyn,cart,1,0,0.04990843366439755,2,-0.04990843366439755,TRUE
hierarchical,18,4,Continuous,X6,MAE,parmhiersyn,parm,0.06902766269626534,0.928692467244927,0.332311079523489,2,0.5963813877214381,FALSE
hierarchical,18,4,Continuous,X6,MAE,svmhiersyn,svm,0.15629782727614605,0.7226021719380813,0.29175238416812954,2,0.43084978776995175,FALSE
hierarchical,18,4,Continuous,X6,RMSE,carthiersyn,cart,1,0,0.14894305886699147,2,-0.14894305886699147,TRUE
hierarchical,18,4,Continuous,X6,RMSE,parmhiersyn,parm,0.08383904473639114,0.9161609552636089,0.33766206484758143,2,0.5784988904160274,FALSE
hierarchical,18,4,Continuous,X6,RMSE,svmhiersyn,svm,0.1370495589521805,0.8397631920841698,0.3564816201918173,2,0.48328157189235255,FALSE
hierarchical,18,4,Continuous,X6,R_squared,carthiersyn,cart,1,0,0.05860510430924522,2,-0.05860510430924522,TRUE
hierarchical,18,4,Continuous,X6,R_squared,parmhiersyn,parm,0.007094738269144505,0.9929052617308555,0.3199119765027213,2,0.6729932852281342,FALSE
hierarchical,18,4,Continuous,X6,R_squared,svmhiersyn,svm,0.018965824261593604,0.9358975903613679,0.31404255102975154,2,0.6218550393316163,FALSE
hierarchical,18,4,Continuous,X9,MAE,carthiersyn,cart,1,0,0.027818513423249206,2,-0.027818513423249206,TRUE
hierarchical,18,4,Continuous,X9,MAE,parmhiersyn,parm,0.13797624149509596,0.862023758504904,0.2436605629427291,2,0.6183631955621749,FALSE
hierarchical,18,4,Continuous,X9,MAE,svmhiersyn,svm,0.3058573782168785,0.6941426217831215,0.2790914141284865,2,0.415051207654635,FALSE
hierarchical,18,4,Continuous,X9,RMSE,carthiersyn,cart,1,0,0.002024210069473048,2,-0.002024210069473048,TRUE
hierarchical,18,4,Continuous,X9,RMSE,parmhiersyn,parm,0.2288340090728049,0.7711659909271951,0.21480927499571284,2,0.5563567159314822,FALSE
hierarchical,18,4,Continuous,X9,RMSE,svmhiersyn,svm,0.36257822626232855,0.6374217737376715,0.2414289400813,2,0.3959928336563715,FALSE
hierarchical,18,4,Continuous,X9,R_squared,carthiersyn,cart,1,0,8.53874523282025e-4,2,-8.53874523282025e-4,TRUE
hierarchical,18,4,Continuous,X9,R_squared,parmhiersyn,parm,0.05247052558061547,0.9475294744193845,0.24329577204943448,2,0.7042337023699501,FALSE
hierarchical,18,4,Continuous,X9,R_squared,svmhiersyn,svm,0.13038281148083553,0.8696171885191645,0.21044591523665382,2,0.6591712732825107,FALSE
hierarchical,18,5,Categorical,C3,Accuracy,bnhiersyn,bn,0.9996963548217699,2.977882431168144e-4,-0.0020161001142230185,3,0.0023138883573398327,FALSE
hierarchical,18,5,Categorical,C3,Accuracy,carthiersyn,cart,1,0,-3.565571619826476e-4,3,3.565571619826476e-4,TRUE
hierarchical,18,5,Categorical,C3,Accuracy,parmhiersyn,parm,1,0,-0.04309312749832358,3,0.04309312749832358,TRUE
hierarchical,18,5,Categorical,C3,Accuracy,svmhiersyn,svm,1,-8.593829430317168e-4,-0.028471557678312685,3,0.027612174735280968,FALSE
hierarchical,18,5,Categorical,C3,F1,bnhiersyn,bn,0.9997392428866851,2.5670581565238047e-4,-0.0016419143341338317,3,0.0018986201497862122,FALSE
hierarchical,18,5,Categorical,C3,F1,carthiersyn,cart,1,0,-3.279296427986263e-4,3,3.279296427986263e-4,TRUE
hierarchical,18,5,Categorical,C3,F1,parmhiersyn,parm,1,0,-0.04316077235206774,3,0.04316077235206774,TRUE
hierarchical,18,5,Categorical,C3,F1,svmhiersyn,svm,1,-6.614894679576988e-4,-0.03418781348099187,3,0.03352632401303417,FALSE
hierarchical,18,5,Categorical,C3,Specificity,bnhiersyn,bn,0.9997587454764777,-6.0936282338830416e-5,-0.0020099668992887027,3,0.0019490306169498723,FALSE
hierarchical,18,5,Categorical,C3,Specificity,carthiersyn,cart,1,0,-7.44623319139559e-4,3,7.44623319139559e-4,TRUE
hierarchical,18,5,Categorical,C3,Specificity,parmhiersyn,parm,1,0,-0.03986623192524383,3,0.03986623192524383,TRUE
hierarchical,18,5,Categorical,C3,Specificity,svmhiersyn,svm,1,-0.0025027219865406012,-0.028018891112975345,3,0.025516169126434743,FALSE
hierarchical,18,5,Categorical,C6,Accuracy,bnhiersyn,bn,0.6472888488311008,0.3527111511688992,0.09680717394973293,3,0.25590397721916625,FALSE
hierarchical,18,5,Categorical,C6,Accuracy,carthiersyn,cart,1,0,-0.0031296841769917613,3,0.0031296841769917613,TRUE
hierarchical,18,5,Categorical,C6,Accuracy,parmhiersyn,parm,0.6874663223977299,0.31253367760227013,-0.0010137147002025938,3,0.31354739230247275,FALSE
hierarchical,18,5,Categorical,C6,Accuracy,svmhiersyn,svm,0.8559879612700068,0.14401203872999324,0.11356872521510178,3,0.030443313514891462,FALSE
hierarchical,18,5,Categorical,C6,F1,bnhiersyn,bn,0.6420774876417167,0.3579225123582833,0.09471392474310059,3,0.26320858761518273,FALSE
hierarchical,18,5,Categorical,C6,F1,carthiersyn,cart,1,0,-0.0033435989268056684,3,0.0033435989268056684,TRUE
hierarchical,18,5,Categorical,C6,F1,parmhiersyn,parm,0.6845328443556008,0.3154671556443992,-0.05765677357908871,3,0.3731239292234879,FALSE
hierarchical,18,5,Categorical,C6,F1,svmhiersyn,svm,0.8558444318943372,0.14415556810566277,0.09830893750205108,3,0.04584663060361169,FALSE
hierarchical,18,5,Categorical,C6,Specificity,bnhiersyn,bn,0.9229845017653464,0.07701549823465359,0.025122470946015534,3,0.05189302728863805,FALSE
hierarchical,18,5,Categorical,C6,Specificity,carthiersyn,cart,1,0,6.733215977408872e-4,3,-6.733215977408872e-4,TRUE
hierarchical,18,5,Categorical,C6,Specificity,parmhiersyn,parm,0.9323600968806156,0.06763990311938439,0.001493087818361533,3,0.06614681530102286,FALSE
hierarchical,18,5,Categorical,C6,Specificity,svmhiersyn,svm,0.9666152354155665,0.03338476458443351,0.025748588497200898,3,0.007636176087232615,FALSE
hierarchical,18,5,Categorical,C9,Accuracy,bnhiersyn,bn,0.7336112330294428,0.26536488795914986,0.06950789661778745,3,0.19585699134136242,FALSE
hierarchical,18,5,Categorical,C9,Accuracy,carthiersyn,cart,1,0,0.0028342916674293597,3,-0.0028342916674293597,TRUE
hierarchical,18,5,Categorical,C9,Accuracy,parmhiersyn,parm,0.8110079976026768,0.18899200239732317,0.037600006378239084,3,0.1513919960190841,FALSE
hierarchical,18,5,Categorical,C9,Accuracy,svmhiersyn,svm,0.9167938469161794,0.08320615308382062,0.10796202474853439,3,-0.02475587166471377,FALSE
hierarchical,18,5,Categorical,C9,F1,bnhiersyn,bn,0.7355758340998959,0.2631389529434866,0.06871061794354176,3,0.19442833499994483,FALSE
hierarchical,18,5,Categorical,C9,F1,carthiersyn,cart,1,0,0.0027081651079721826,3,-0.0027081651079721826,TRUE
hierarchical,18,5,Categorical,C9,F1,parmhiersyn,parm,0.8111075744286927,0.18889242557130725,0.029420336251541234,3,0.15947208931976603,FALSE
hierarchical,18,5,Categorical,C9,F1,svmhiersyn,svm,0.9170327508216707,0.08296724917832932,0.10913225248241222,3,-0.026165003304082904,FALSE
hierarchical,18,5,Categorical,C9,Specificity,bnhiersyn,bn,0.9563270582435284,0.04322363083782297,0.012667778940591456,3,0.030555851897231513,FALSE
hierarchical,18,5,Categorical,C9,Specificity,carthiersyn,cart,1,0,4.420001205338438e-4,3,-4.420001205338438e-4,TRUE
hierarchical,18,5,Categorical,C9,Specificity,parmhiersyn,parm,0.9673741131749917,0.03262588682500833,0.009285934459529951,3,0.02333995236547838,FALSE
hierarchical,18,5,Categorical,C9,Specificity,svmhiersyn,svm,0.9854919111365504,0.014508088863449564,0.02002896016926338,3,-0.005520871305813815,FALSE
hierarchical,18,5,Continuous,X3,MAE,carthiersyn,cart,1,0,0.042655049662825115,2,-0.042655049662825115,TRUE
hierarchical,18,5,Continuous,X3,MAE,parmhiersyn,parm,0.33687860696021676,0.6631213930397832,0.18029710418841757,2,0.48282428885136564,FALSE
hierarchical,18,5,Continuous,X3,MAE,svmhiersyn,svm,0.477433721618627,0.37802707045971695,0.1847042834221489,2,0.19332278703756806,FALSE
hierarchical,18,5,Continuous,X3,RMSE,carthiersyn,cart,1,0,0.03331643304456258,2,-0.03331643304456258,TRUE
hierarchical,18,5,Continuous,X3,RMSE,parmhiersyn,parm,0.5673315404499861,0.4326684595500139,0.04972640302401039,2,0.3829420565260035,FALSE
hierarchical,18,5,Continuous,X3,RMSE,svmhiersyn,svm,0.7371054697304169,0.1847043247259745,0.11304257612673532,2,0.07166174859923918,FALSE
hierarchical,18,5,Continuous,X3,R_squared,carthiersyn,cart,1,0,0.04637225890234494,2,-0.04637225890234494,TRUE
hierarchical,18,5,Continuous,X3,R_squared,parmhiersyn,parm,0.32201571276013263,0.6779842872398674,0.07480137079779423,2,0.6031829164420731,FALSE
hierarchical,18,5,Continuous,X3,R_squared,svmhiersyn,svm,0.5434672383973816,0.30906957943935304,0.15435538652868866,2,0.15471419291066438,FALSE
hierarchical,18,5,Continuous,X6,MAE,carthiersyn,cart,1,0,0.062085518778056056,2,-0.062085518778056056,TRUE
hierarchical,18,5,Continuous,X6,MAE,parmhiersyn,parm,0.07647856268158076,0.9235214373184193,0.33292037658883794,2,0.5906010607295813,FALSE
hierarchical,18,5,Continuous,X6,MAE,svmhiersyn,svm,0.24593464643438995,0.6726870906847868,0.2586146500304869,2,0.41407244065429993,FALSE
hierarchical,18,5,Continuous,X6,RMSE,carthiersyn,cart,1,0,0.2358947687304788,2,-0.2358947687304788,TRUE
hierarchical,18,5,Continuous,X6,RMSE,parmhiersyn,parm,0.09128738349243223,0.9087126165075677,0.3138586858653449,2,0.5948539306422229,FALSE
hierarchical,18,5,Continuous,X6,RMSE,svmhiersyn,svm,0.26485455834842303,0.6975280702876694,0.2834701914087541,2,0.41405787887891526,FALSE
hierarchical,18,5,Continuous,X6,R_squared,carthiersyn,cart,1,0,0.16891978337479052,2,-0.16891978337479052,TRUE
hierarchical,18,5,Continuous,X6,R_squared,parmhiersyn,parm,0.008518637745142648,0.9914813622548574,0.36094624766211336,2,0.630535114592744,FALSE
hierarchical,18,5,Continuous,X6,R_squared,svmhiersyn,svm,0.07175628256779394,0.8552383452744748,0.21248104068079207,2,0.6427573045936827,FALSE
hierarchical,18,5,Continuous,X9,MAE,carthiersyn,cart,1,0,0.022249866775460335,2,-0.022249866775460335,TRUE
hierarchical,18,5,Continuous,X9,MAE,parmhiersyn,parm,0.09735819554024333,0.9026418044597566,0.3286886195173065,2,0.5739531849424502,FALSE
hierarchical,18,5,Continuous,X9,MAE,svmhiersyn,svm,0.23794243658697936,0.7620575634130207,0.29887874847481893,2,0.46317881493820173,FALSE
hierarchical,18,5,Continuous,X9,RMSE,carthiersyn,cart,1,0,0.03836691290399301,2,-0.03836691290399301,TRUE
hierarchical,18,5,Continuous,X9,RMSE,parmhiersyn,parm,0.11611671334125379,0.8838832866587463,0.3116836403286083,2,0.572199646330138,FALSE
hierarchical,18,5,Continuous,X9,RMSE,svmhiersyn,svm,0.2564679284488655,0.7435320715511344,0.29139387410740103,2,0.4521381974437334,FALSE
hierarchical,18,5,Continuous,X9,R_squared,carthiersyn,cart,1,0,0.018251047531969666,2,-0.018251047531969666,TRUE
hierarchical,18,5,Continuous,X9,R_squared,parmhiersyn,parm,0.013511888471691779,0.9864881115283082,0.3524628139553475,2,0.6340252975729607,FALSE
hierarchical,18,5,Continuous,X9,R_squared,svmhiersyn,svm,0.06582071446530852,0.9341792855346915,0.220353184042618,2,0.7138261014920735,FALSE
parametric,6,1,Categorical,C1,Accuracy,bnlinsyn,bn,0.7103873735509302,0.2870614981311173,0.15033401728256204,3,0.13672748084855527,FALSE
parametric,6,1,Categorical,C1,Accuracy,cartlinsyn,cart,0.7627695397572485,0.23268854645277226,0.12586874814137256,3,0.1068197983113997,FALSE
parametric,6,1,Categorical,C1,Accuracy,parmlinsyn,parm,1,-3.484695406045013e-4,0.2077147607212781,3,-0.2080632302618826,FALSE
parametric,6,1,Categorical,C1,Accuracy,svmlinsyn,svm,0.7780404524925456,0.2219595475074544,0.1572885698611159,3,0.0646709776463385,FALSE
parametric,6,1,Categorical,C1,F1,bnlinsyn,bn,0.6054771244847241,0.39070225037488415,0.22135041018881643,3,0.16935184018606772,FALSE
parametric,6,1,Categorical,C1,F1,cartlinsyn,cart,0.6283625367514691,0.37163746324853086,0.14096889043808736,3,0.2306685728104435,FALSE
parametric,6,1,Categorical,C1,F1,parmlinsyn,parm,1,-0.00804478218240352,0.26681082065266687,3,-0.2748556028350704,FALSE
parametric,6,1,Categorical,C1,F1,svmlinsyn,svm,0.6552033228801653,0.32816263773157883,0.20905161445231607,3,0.11911102327926276,FALSE
parametric,6,1,Categorical,C1,Specificity,bnlinsyn,bn,0.9300382510720697,0.06962218122133206,0.03536743496445284,3,0.034254746256879215,FALSE
parametric,6,1,Categorical,C1,Specificity,cartlinsyn,cart,0.9445382065171682,0.055461793482831756,0.026170339120104927,3,0.02929145436272683,FALSE
parametric,6,1,Categorical,C1,Specificity,parmlinsyn,parm,1,0,0.04572972174704996,3,-0.04572972174704996,TRUE
parametric,6,1,Categorical,C1,Specificity,svmlinsyn,svm,0.9478952610403162,0.048177249954971725,0.02944806203299201,3,0.018729187921979716,FALSE
parametric,6,1,Categorical,C2,Accuracy,bnlinsyn,bn,0.9033896083986752,0.09582954391363974,0.05070969559994723,3,0.04511984831369251,FALSE
parametric,6,1,Categorical,C2,Accuracy,cartlinsyn,cart,0.9105776823460298,0.07541686171485,0.04096474879948169,3,0.03445211291536831,FALSE
parametric,6,1,Categorical,C2,Accuracy,parmlinsyn,parm,1,0,0.0649822392631753,3,-0.0649822392631753,TRUE
parametric,6,1,Categorical,C2,Accuracy,svmlinsyn,svm,0.9323776749492524,0.06758020795300905,0.04587527185120977,3,0.02170493610179928,FALSE
parametric,6,1,Categorical,C2,F1,bnlinsyn,bn,0.8356638758202275,0.16389295660146866,0.09412056674927217,3,0.06977238985219648,FALSE
parametric,6,1,Categorical,C2,F1,cartlinsyn,cart,0.8469577211572845,0.1441562857809362,0.08254142861827644,3,0.061614857162659756,FALSE
parametric,6,1,Categorical,C2,F1,parmlinsyn,parm,1,0,0.1202015541820664,3,-0.1202015541820664,TRUE
parametric,6,1,Categorical,C2,F1,svmlinsyn,svm,0.8617880974137813,0.13821190258621874,0.0743726572164542,3,0.06383924536976454,FALSE
parametric,6,1,Categorical,C2,Specificity,bnlinsyn,bn,0.9410095999737905,0.05885434528113318,0.03327538976536103,3,0.025578955515772155,FALSE
parametric,6,1,Categorical,C2,Specificity,cartlinsyn,cart,0.9460802010675027,0.04853164039402069,0.026082200986208146,3,0.022449439407812546,FALSE
parametric,6,1,Categorical,C2,Specificity,parmlinsyn,parm,1,0,0.03818665048710934,3,-0.03818665048710934,TRUE
parametric,6,1,Categorical,C2,Specificity,svmlinsyn,svm,0.9494483742890761,0.05003713630408737,0.029682991484695314,3,0.020354144819392055,FALSE
parametric,6,1,Categorical,C3,Accuracy,bnlinsyn,bn,0.9324619742399379,0.06373135955867026,0.0077608030184352994,3,0.055970556540234966,FALSE
parametric,6,1,Categorical,C3,Accuracy,cartlinsyn,cart,0.9773323331788754,0.014299514684437086,0.0015532890090551883,3,0.012746225675381898,FALSE
parametric,6,1,Categorical,C3,Accuracy,parmlinsyn,parm,1,0,-0.0021850112316869953,3,0.0021850112316869953,TRUE
parametric,6,1,Categorical,C3,Accuracy,svmlinsyn,svm,0.9945844967473416,-0.3562080785274315,-0.24971572458922678,3,-0.10649235393820475,FALSE
parametric,6,1,Categorical,C3,F1,bnlinsyn,bn,0.9287969799580724,0.06869780470646095,0.0084735762840501,3,0.06022422842241085,FALSE
parametric,6,1,Categorical,C3,F1,cartlinsyn,cart,0.97139525233984,0.01845063251726322,0.002166735056113748,3,0.01628389746114947,FALSE
parametric,6,1,Categorical,C3,F1,parmlinsyn,parm,1,0,-0.002269456331440778,3,0.002269456331440778,TRUE
parametric,6,1,Categorical,C3,F1,svmlinsyn,svm,0.9923293953313195,-0.3650663490698974,-0.26070992761720513,3,-0.10435642145269225,FALSE
parametric,6,1,Categorical,C3,Specificity,bnlinsyn,bn,0.9807679197469686,0.018789734208446696,0.0018881237815394118,3,0.016901610426907285,FALSE
parametric,6,1,Categorical,C3,Specificity,cartlinsyn,cart,0.9936029541418062,0.0030380934492772126,0.0018308976987884435,3,0.001207195750488769,FALSE
parametric,6,1,Categorical,C3,Specificity,parmlinsyn,parm,1,0,4.556003045447603e-5,3,-4.556003045447603e-5,TRUE
parametric,6,1,Categorical,C3,Specificity,svmlinsyn,svm,0.996781187715395,-0.203244187546989,-0.16091994157578415,3,-0.04232424597120485,FALSE
parametric,6,1,Continuous,X1,MAE,cartlinsyn,cart,0.9156001083091677,0.05107612735106477,0.01959056166039017,2,0.03148556569067461,FALSE
parametric,6,1,Continuous,X1,MAE,parmlinsyn,parm,1,0,0.02865436964149446,2,-0.02865436964149446,TRUE
parametric,6,1,Continuous,X1,MAE,svmlinsyn,svm,0.9568029308634693,-0.500448808788285,-0.2740667905266139,2,-0.2263820182616711,FALSE
parametric,6,1,Continuous,X1,RMSE,cartlinsyn,cart,0.9143171056528282,0.05184056438395022,0.02204656611731428,2,0.029793998266635938,FALSE
parametric,6,1,Continuous,X1,RMSE,parmlinsyn,parm,1,0,0.02873753448007528,2,-0.02873753448007528,TRUE
parametric,6,1,Continuous,X1,RMSE,svmlinsyn,svm,0.9491534996982812,-0.41054511772616625,-0.21130132060127366,2,-0.1992437971248926,FALSE
parametric,6,1,Continuous,X1,R_squared,cartlinsyn,cart,0.8357001964405529,0.09767923540460095,0.04351357613034788,2,0.054165659274253077,FALSE
parametric,6,1,Continuous,X1,R_squared,parmlinsyn,parm,1,0,0.05527243252508686,2,-0.05527243252508686,TRUE
parametric,6,1,Continuous,X1,R_squared,svmlinsyn,svm,0.9002622293883786,-0.6089511457150346,-0.2965195785945984,2,-0.31243156712043624,FALSE
parametric,6,1,Continuous,X2,MAE,cartlinsyn,cart,0.8969478833042781,0.07121344302355208,0.02761997267923908,2,0.043593470344313,FALSE
parametric,6,1,Continuous,X2,MAE,parmlinsyn,parm,1,0,0.046498385319503094,2,-0.046498385319503094,TRUE
parametric,6,1,Continuous,X2,MAE,svmlinsyn,svm,0.9428404837626421,-0.10580001224679483,-0.05773390487185935,2,-0.04806610737493548,FALSE
parametric,6,1,Continuous,X2,RMSE,cartlinsyn,cart,0.8942607693581451,0.07363974451732498,0.02861270466366537,2,0.04502703985365961,FALSE
parametric,6,1,Continuous,X2,RMSE,parmlinsyn,parm,1,0,0.04879575365967499,2,-0.04879575365967499,TRUE
parametric,6,1,Continuous,X2,RMSE,svmlinsyn,svm,0.9373183501396729,-0.08188560069839317,-0.03965682718153646,2,-0.04222877351685671,FALSE
parametric,6,1,Continuous,X2,R_squared,cartlinsyn,cart,0.7993812538136381,0.13747511556963285,0.05520498144059125,2,0.0822701341290416,FALSE
parametric,6,1,Continuous,X2,R_squared,parmlinsyn,parm,1,0,0.09204010173752952,2,-0.09204010173752952,TRUE
parametric,6,1,Continuous,X2,R_squared,svmlinsyn,svm,0.8791597475844787,-0.1466068996547491,-0.06757855647909666,2,-0.07902834317565244,FALSE
parametric,6,1,Continuous,X3,MAE,cartlinsyn,cart,0.8625931158275655,0.07167968422294232,0.022966899790201823,2,0.048712784432740505,FALSE
parametric,6,1,Continuous,X3,MAE,parmlinsyn,parm,1,0,0.030442309600348192,2,-0.030442309600348192,TRUE
parametric,6,1,Continuous,X3,MAE,svmlinsyn,svm,0.9511326416629755,0.04639777021478595,0.05618575744690722,2,-0.009787987232121272,FALSE
parametric,6,1,Continuous,X3,RMSE,cartlinsyn,cart,0.8572396385674631,0.07461202359536803,0.026148971417964607,2,0.048463052177403425,FALSE
parametric,6,1,Continuous,X3,RMSE,parmlinsyn,parm,1,0,0.033252423564707166,2,-0.033252423564707166,TRUE
parametric,6,1,Continuous,X3,RMSE,svmlinsyn,svm,0.941944611660066,0.046522621703046066,0.06093657182107015,2,-0.014413950118024085,FALSE
parametric,6,1,Continuous,X3,R_squared,cartlinsyn,cart,0.734424945667035,0.1338651096042276,0.05081480679314456,2,0.08305030281108303,FALSE
parametric,6,1,Continuous,X3,R_squared,parmlinsyn,parm,1,0,0.0617227511403725,2,-0.0617227511403725,TRUE
parametric,6,1,Continuous,X3,R_squared,svmlinsyn,svm,0.8872331524903568,0.09065532660607914,0.11216482859514407,2,-0.021509501989064927,FALSE
parametric,6,2,Categorical,C1,Accuracy,bnlinsyn,bn,0.7922085092434633,0.18975664121398278,0.0684647264846126,3,0.12129191472937018,FALSE
parametric,6,2,Categorical,C1,Accuracy,cartlinsyn,cart,0.8763067284208969,0.11289269616398219,0.051592180369893936,3,0.06130051579408825,FALSE
parametric,6,2,Categorical,C1,Accuracy,parmlinsyn,parm,1,0,0.10006580372399054,3,-0.10006580372399054,TRUE
parametric,6,2,Categorical,C1,Accuracy,svmlinsyn,svm,0.9116712483720086,0.0717661799626756,0.09271611793194905,3,-0.02094993796927344,FALSE
parametric,6,2,Categorical,C1,F1,bnlinsyn,bn,0.7136306861756461,0.26464479280629255,0.09023396220635484,3,0.17441083059993773,FALSE
parametric,6,2,Categorical,C1,F1,cartlinsyn,cart,0.8325305039028679,0.1505601265017861,0.06387504114629,3,0.0866850853554961,FALSE
parametric,6,2,Categorical,C1,F1,parmlinsyn,parm,1,0,0.1287798735193145,3,-0.1287798735193145,TRUE
parametric,6,2,Categorical,C1,F1,svmlinsyn,svm,0.8809388623292427,0.022154054228289578,0.06858071929173803,3,-0.04642666506344846,FALSE
parametric,6,2,Categorical,C1,Specificity,bnlinsyn,bn,0.9290635480555599,0.0674934847127329,0.015506831193690186,3,0.05198665351904272,FALSE
parametric,6,2,Categorical,C1,Specificity,cartlinsyn,cart,0.9742055934629624,0.0230197638009235,0.01376520832878186,3,0.00925455547214164,FALSE
parametric,6,2,Categorical,C1,Specificity,parmlinsyn,parm,1,0,0.024793514495129027,3,-0.024793514495129027,TRUE
parametric,6,2,Categorical,C1,Specificity,svmlinsyn,svm,0.9765366633135647,-0.008270260957541464,0.013784437895183391,3,-0.022054698852724854,FALSE
parametric,6,2,Categorical,C2,Accuracy,bnlinsyn,bn,0.867156079028028,0.12867830635926694,0.022108113561237822,3,0.10657019279802912,FALSE
parametric,6,2,Categorical,C2,Accuracy,cartlinsyn,cart,0.9559849764979199,0.041635938556367116,0.015942245740439898,3,0.02569369281592722,FALSE
parametric,6,2,Categorical,C2,Accuracy,parmlinsyn,parm,1,0,0.03486102414616017,3,-0.03486102414616017,TRUE
parametric,6,2,Categorical,C2,Accuracy,svmlinsyn,svm,0.9649161916527438,-0.09376975323874459,-0.09634110461135151,3,0.002571351372606917,FALSE
parametric,6,2,Categorical,C2,F1,bnlinsyn,bn,0.7970725995921358,0.1955650547895664,0.038736062510722896,3,0.1568289922788435,FALSE
parametric,6,2,Categorical,C2,F1,cartlinsyn,cart,0.9207891931467652,0.07921080685323478,0.03140266291727367,3,0.04780814393596111,FALSE
parametric,6,2,Categorical,C2,F1,parmlinsyn,parm,1,0,0.06574218743982019,3,-0.06574218743982019,TRUE
parametric,6,2,Categorical,C2,F1,svmlinsyn,svm,0.9256263859695174,-0.08093224986174977,-0.08465534499640505,3,0.0037230951346552826,FALSE
parametric,6,2,Categorical,C2,Specificity,bnlinsyn,bn,0.9220700845355481,0.0711924280797209,0.006278157247269316,3,0.06491427083245158,FALSE
parametric,6,2,Categorical,C2,Specificity,cartlinsyn,cart,0.9846713529393482,0.015040396888718366,0.011568861194203122,3,0.0034715356945152435,FALSE
parametric,6,2,Categorical,C2,Specificity,parmlinsyn,parm,1,-3.4652029124035975e-4,0.020109214639812314,3,-0.020455734931052676,FALSE
parametric,6,2,Categorical,C2,Specificity,svmlinsyn,svm,0.9805416439886181,-0.03962147385689237,-0.09359739754987095,3,0.053975923692978586,FALSE
parametric,6,2,Categorical,C3,Accuracy,bnlinsyn,bn,0.8498740162459678,0.14710517214915994,0.013721643840755974,3,0.13338352830840397,FALSE
parametric,6,2,Categorical,C3,Accuracy,cartlinsyn,cart,0.9617170013081032,0.026866657450875665,0.009295575433332363,3,0.017571082017543302,FALSE
parametric,6,2,Categorical,C3,Accuracy,parmlinsyn,parm,1,0,0.004772924699469912,3,-0.004772924699469912,TRUE
parametric,6,2,Categorical,C3,Accuracy,svmlinsyn,svm,0.9876742586007098,0.012217674218540697,0.050855866287830974,3,-0.03863819206929028,FALSE
parametric,6,2,Categorical,C3,F1,bnlinsyn,bn,0.8079173394243301,0.1854358196796302,0.0081172801689874,3,0.17731853951064278,FALSE
parametric,6,2,Categorical,C3,F1,cartlinsyn,cart,0.944692127086414,0.039435315833535656,0.019418583688116168,3,0.020016732145419488,FALSE
parametric,6,2,Categorical,C3,F1,parmlinsyn,parm,1,0,0.01427976517481578,3,-0.01427976517481578,TRUE
parametric,6,2,Categorical,C3,F1,svmlinsyn,svm,0.9791420120845831,0.020727633182201964,0.07066984240593602,3,-0.04994220922373405,FALSE
parametric,6,2,Categorical,C3,Specificity,bnlinsyn,bn,0.9679904434297233,0.028693743257249514,0.0033025584255512203,3,0.025391184831698294,FALSE
parametric,6,2,Categorical,C3,Specificity,cartlinsyn,cart,0.988132275102097,0.008868811247878661,0.004876153788892486,3,0.003992657458986175,FALSE
parametric,6,2,Categorical,C3,Specificity,parmlinsyn,parm,1,0,0.002368372586001562,3,-0.002368372586001562,TRUE
parametric,6,2,Categorical,C3,Specificity,svmlinsyn,svm,0.9951055403629065,0.004894459637093451,0.008755955200731943,3,-0.0038614955636384913,FALSE
parametric,6,2,Continuous,X1,MAE,cartlinsyn,cart,0.7648714516732132,0.1198654806076989,0.029952525886536973,2,0.08991295472116193,FALSE
parametric,6,2,Continuous,X1,MAE,parmlinsyn,parm,1,0,0.051242544232232526,2,-0.051242544232232526,TRUE
parametric,6,2,Continuous,X1,MAE,svmlinsyn,svm,0.9373058476630642,-0.2600959737834105,-0.05476585836727485,2,-0.20533011541613563,FALSE
parametric,6,2,Continuous,X1,RMSE,cartlinsyn,cart,0.7609315256776015,0.11883239208329044,0.03616061479413385,2,0.08267177728915659,FALSE
parametric,6,2,Continuous,X1,RMSE,parmlinsyn,parm,1,0,0.055822984324871164,2,-0.055822984324871164,TRUE
parametric,6,2,Continuous,X1,RMSE,svmlinsyn,svm,0.918064457374723,-0.04162400613856696,0.02157670227326805,2,-0.063200708411835,FALSE
parametric,6,2,Continuous,X1,R_squared,cartlinsyn,cart,0.5788384440304967,0.19507997810033703,0.07000776860728505,2,0.12507220949305198,FALSE
parametric,6,2,Continuous,X1,R_squared,parmlinsyn,parm,1,0,0.09892354171980627,2,-0.09892354171980627,TRUE
parametric,6,2,Continuous,X1,R_squared,svmlinsyn,svm,0.8418469559406162,-0.072687541775217,0.034029109577101924,2,-0.10671665135231892,FALSE
parametric,6,2,Continuous,X2,MAE,cartlinsyn,cart,0.7817476786054415,0.07180943424377398,0.014678753294169677,2,0.0571306809496043,FALSE
parametric,6,2,Continuous,X2,MAE,parmlinsyn,parm,1,0,0.013632209563612918,2,-0.013632209563612918,TRUE
parametric,6,2,Continuous,X2,MAE,svmlinsyn,svm,0.9687340800930662,0.008303182094220185,0.08404156658764969,2,-0.07573838449342951,FALSE
parametric,6,2,Continuous,X2,RMSE,cartlinsyn,cart,0.7663343344214479,0.08703270603459586,0.025918502523185217,2,0.06111420351141064,FALSE
parametric,6,2,Continuous,X2,RMSE,parmlinsyn,parm,1,0,0.029851595373960385,2,-0.029851595373960385,TRUE
parametric,6,2,Continuous,X2,RMSE,svmlinsyn,svm,0.9392706680358075,0.0607293319641925,0.08739565562307786,2,-0.026666323658885355,FALSE
parametric,6,2,Continuous,X2,R_squared,cartlinsyn,cart,0.5878400227608441,0.14064083084078466,0.04962194419333264,2,0.09101888664745202,FALSE
parametric,6,2,Continuous,X2,R_squared,parmlinsyn,parm,1,0,0.05318670222548112,2,-0.05318670222548112,TRUE
parametric,6,2,Continuous,X2,R_squared,svmlinsyn,svm,0.8835038158720333,0.1164961841279667,0.14765260952096226,2,-0.031156425392995568,FALSE
parametric,6,2,Continuous,X3,MAE,cartlinsyn,cart,0.7072936057574809,0.05810147921059543,0.012080374014792939,2,0.04602110519580249,FALSE
parametric,6,2,Continuous,X3,MAE,parmlinsyn,parm,1,0,0.011136516460634117,2,-0.011136516460634117,TRUE
parametric,6,2,Continuous,X3,MAE,svmlinsyn,svm,0.9664916914813455,0.033508308518654495,0.13330315027866244,2,-0.09979484176000794,FALSE
parametric,6,2,Continuous,X3,RMSE,cartlinsyn,cart,0.6918233104724137,0.06882880001590926,0.04040184588550758,2,0.028426954130401673,FALSE
parametric,6,2,Continuous,X3,RMSE,parmlinsyn,parm,1,0,0.04066241305564407,2,-0.04066241305564407,TRUE
parametric,6,2,Continuous,X3,RMSE,svmlinsyn,svm,0.881586729538145,0.11841327046185501,0.14298329465732773,2,-0.024570024195472717,FALSE
parametric,6,2,Continuous,X3,R_squared,cartlinsyn,cart,0.47915932991525356,0.09889479624482686,0.07832860726214935,2,0.020566188982677508,FALSE
parametric,6,2,Continuous,X3,R_squared,parmlinsyn,parm,1,0,0.07534291411862618,2,-0.07534291411862618,TRUE
parametric,6,2,Continuous,X3,R_squared,svmlinsyn,svm,0.7693482984676585,0.2306517015323415,0.2373904433536309,2,-0.006738741821289418,FALSE
parametric,6,3,Categorical,C1,Accuracy,bnlinsyn,bn,0.7665963850415978,0.22372593169131463,0.12564820715734926,3,0.09807772453396538,FALSE
parametric,6,3,Categorical,C1,Accuracy,cartlinsyn,cart,0.8008988290488864,0.19869590910464477,0.11368843584225054,3,0.08500747326239423,FALSE
parametric,6,3,Categorical,C1,Accuracy,parmlinsyn,parm,1,0,0.17479093407001695,3,-0.17479093407001695,TRUE
parametric,6,3,Categorical,C1,Accuracy,svmlinsyn,svm,0.8154169349054895,-0.0852182491357617,-0.14196606757624622,3,0.056747818440484515,FALSE
parametric,6,3,Categorical,C1,F1,bnlinsyn,bn,0.7367537161841474,0.2632462838158526,0.09426962021870622,3,0.16897666359714636,FALSE
parametric,6,3,Categorical,C1,F1,cartlinsyn,cart,0.7610395864813138,0.2380414238675738,0.10569612454527307,3,0.1323452993223007,FALSE
parametric,6,3,Categorical,C1,F1,parmlinsyn,parm,1,0,0.16703758456837958,3,-0.16703758456837958,TRUE
parametric,6,3,Categorical,C1,F1,svmlinsyn,svm,0.7835928395778787,-0.06603246394678434,-0.1438184584449749,3,0.07778599449819056,FALSE
parametric,6,3,Categorical,C1,Specificity,bnlinsyn,bn,0.8765501686336318,0.12151333865297562,0.058998197625117335,3,0.06251514102785828,FALSE
parametric,6,3,Categorical,C1,Specificity,cartlinsyn,cart,0.9021338960088023,0.0976069218600932,0.05123187996542509,3,0.046375041894668116,FALSE
parametric,6,3,Categorical,C1,Specificity,parmlinsyn,parm,1,0,0.0784517229082588,3,-0.0784517229082588,TRUE
parametric,6,3,Categorical,C1,Specificity,svmlinsyn,svm,0.9123932562803205,0.02341264403138841,-0.0011780638616128564,3,0.024590707893001267,FALSE
parametric,6,3,Categorical,C2,Accuracy,bnlinsyn,bn,0.8667723824572454,0.127956079590566,0.056219139814312945,3,0.07173693977625306,FALSE
parametric,6,3,Categorical,C2,Accuracy,cartlinsyn,cart,0.9047768380400268,0.09403690470806536,0.04375537373608084,3,0.05028153097198452,FALSE
parametric,6,3,Categorical,C2,Accuracy,parmlinsyn,parm,1,0,0.06536357643356747,3,-0.06536357643356747,TRUE
parametric,6,3,Categorical,C2,Accuracy,svmlinsyn,svm,0.9194381764713081,0.0805618235286919,0.042187451203169114,3,0.038374372325522786,FALSE
parametric,6,3,Categorical,C2,F1,bnlinsyn,bn,0.8615129251882593,0.10910611036456361,0.07052475367509764,3,0.03858135668946597,FALSE
parametric,6,3,Categorical,C2,F1,cartlinsyn,cart,0.8623922066005408,0.13600084179311378,0.05175612119083303,3,0.08424472060228075,FALSE
parametric,6,3,Categorical,C2,F1,parmlinsyn,parm,1,0,0.09957977645007204,3,-0.09957977645007204,TRUE
parametric,6,3,Categorical,C2,F1,svmlinsyn,svm,0.8841293660196374,0.11587063398036257,0.01059649069077897,3,0.1052741432895836,FALSE
parametric,6,3,Categorical,C2,Specificity,bnlinsyn,bn,0.9638876287755456,0.024264236894656666,0.017558517014024725,3,0.006705719880631941,FALSE
parametric,6,3,Categorical,C2,Specificity,cartlinsyn,cart,0.9646990353623003,0.03519485403411724,0.013029245032971041,3,0.0221656090011462,FALSE
parametric,6,3,Categorical,C2,Specificity,parmlinsyn,parm,1,0,0.025898288190792998,3,-0.025898288190792998,TRUE
parametric,6,3,Categorical,C2,Specificity,svmlinsyn,svm,0.9713954882900377,0.028604511709962255,0.005724806678712824,3,0.02287970503124943,FALSE
parametric,6,3,Categorical,C3,Accuracy,bnlinsyn,bn,0.9333292260055851,0.058566109338603026,0.007595368415162684,3,0.05097074092344034,FALSE
parametric,6,3,Categorical,C3,Accuracy,cartlinsyn,cart,0.9799615140083946,0.012408422401031616,0.0020392644117074605,3,0.010369157989324156,FALSE
parametric,6,3,Categorical,C3,Accuracy,parmlinsyn,parm,1,0,-0.0014177304835473416,3,0.0014177304835473416,TRUE
parametric,6,3,Categorical,C3,Accuracy,svmlinsyn,svm,0.9883467036595108,0.004064580545790864,2.1163206835483892e-4,3,0.003852948477436025,FALSE
parametric,6,3,Categorical,C3,F1,bnlinsyn,bn,0.9254120700638508,0.06793670673637545,0.013276256744764047,3,0.0546604499916114,FALSE
parametric,6,3,Categorical,C3,F1,cartlinsyn,cart,0.970460863328416,0.0207910194264614,0.006634264687985307,3,0.014156754738476092,FALSE
parametric,6,3,Categorical,C3,F1,parmlinsyn,parm,1,0,7.159485079472578e-4,3,-7.159485079472578e-4,TRUE
parametric,6,3,Categorical,C3,F1,svmlinsyn,svm,0.9779866582803937,0.004029058949863296,-0.001283943286600205,3,0.0053130022364635005,FALSE
parametric,6,3,Categorical,C3,Specificity,bnlinsyn,bn,0.9833095946788681,0.014365337198696948,0.00284385077139111,3,0.011521486427305837,FALSE
parametric,6,3,Categorical,C3,Specificity,cartlinsyn,cart,0.9930919670374242,0.005316301067192985,0.0022571211784931638,3,0.0030591798886998216,FALSE
parametric,6,3,Categorical,C3,Specificity,parmlinsyn,parm,1,0,6.401237152559247e-4,3,-6.401237152559247e-4,TRUE
parametric,6,3,Categorical,C3,Specificity,svmlinsyn,svm,0.9948202221078083,0.0042693057115865685,0.004395009493961485,3,-1.2570378237491617e-4,FALSE
parametric,6,3,Continuous,X1,MAE,cartlinsyn,cart,0.8787992036488794,0.028003051176461957,0.010500580174628094,2,0.017502471001833865,FALSE
parametric,6,3,Continuous,X1,MAE,parmlinsyn,parm,1,0,0.007044756532369256,2,-0.007044756532369256,TRUE
parametric,6,3,Continuous,X1,MAE,svmlinsyn,svm,0.9682335139326983,-0.33559952569068174,-0.1561466480184956,2,-0.17945287767218615,FALSE
parametric,6,3,Continuous,X1,RMSE,cartlinsyn,cart,0.879081126608618,0.030661562123170793,0.006305161643768087,2,0.024356400479402705,FALSE
parametric,6,3,Continuous,X1,RMSE,parmlinsyn,parm,1,0,0.002091449100547105,2,-0.002091449100547105,TRUE
parametric,6,3,Continuous,X1,RMSE,svmlinsyn,svm,0.9406034197324041,-0.21543564562280498,-0.09818468001613542,2,-0.11725096560666956,FALSE
parametric,6,3,Continuous,X1,R_squared,cartlinsyn,cart,0.7724139776548178,0.055202207406008855,0.012508576787261416,2,0.04269363061874744,FALSE
parametric,6,3,Continuous,X1,R_squared,parmlinsyn,parm,1,0,0.005937455604680275,2,-0.005937455604680275,TRUE
parametric,6,3,Continuous,X1,R_squared,svmlinsyn,svm,0.8812086570356366,-0.35442856333730344,-0.15296343751433955,2,-0.2014651258229639,FALSE
parametric,6,3,Continuous,X2,MAE,cartlinsyn,cart,0.9022995433625063,0.06448994194325434,0.019278252474638304,2,0.04521168946861604,FALSE
parametric,6,3,Continuous,X2,MAE,parmlinsyn,parm,1,0,0.024467627611562737,2,-0.024467627611562737,TRUE
parametric,6,3,Continuous,X2,MAE,svmlinsyn,svm,0.9584836975639692,0.041025127875163284,0.019768752997012175,2,0.02125637487815111,FALSE
parametric,6,3,Continuous,X2,RMSE,cartlinsyn,cart,0.8992954948130457,0.06459792452780042,0.017033455031935606,2,0.047564469495864806,FALSE
parametric,6,3,Continuous,X2,RMSE,parmlinsyn,parm,1,0,0.022867794862835987,2,-0.022867794862835987,TRUE
parametric,6,3,Continuous,X2,RMSE,svmlinsyn,svm,0.950362445150315,0.04963755484968502,0.024370768431248788,2,0.02526678641843623,FALSE
parametric,6,3,Continuous,X2,R_squared,cartlinsyn,cart,0.8086267945845397,0.12035811675783126,0.032451452205039664,2,0.08790666455279159,FALSE
parametric,6,3,Continuous,X2,R_squared,parmlinsyn,parm,1,0,0.04262183299135451,2,-0.04262183299135451,TRUE
parametric,6,3,Continuous,X2,R_squared,svmlinsyn,svm,0.9034766768965004,0.09652332310349965,0.043440850109008756,2,0.05308247299449089,FALSE
parametric,6,3,Continuous,X3,MAE,cartlinsyn,cart,0.7871296251359298,0.05360742387913704,0.01679035772455604,2,0.036817066154581,FALSE
parametric,6,3,Continuous,X3,MAE,parmlinsyn,parm,1,0,0.011400538558955887,2,-0.011400538558955887,TRUE
parametric,6,3,Continuous,X3,MAE,svmlinsyn,svm,0.9570027815975942,0.04299721840240578,0.09363839093293554,2,-0.05064117253052976,FALSE
parametric,6,3,Continuous,X3,RMSE,cartlinsyn,cart,0.7798271865652061,0.05599479725172964,0.043747935038318794,2,0.012246862213410849,FALSE
parametric,6,3,Continuous,X3,RMSE,parmlinsyn,parm,1,0,0.022192531159385742,2,-0.022192531159385742,TRUE
parametric,6,3,Continuous,X3,RMSE,svmlinsyn,svm,0.8807533066730878,0.11924669332691218,0.10155323627909839,2,0.01769345704781379,FALSE
parametric,6,3,Continuous,X3,R_squared,cartlinsyn,cart,0.6080990704428644,0.09051715587449263,0.09130155578155433,2,-7.843999070616947e-4,FALSE
parametric,6,3,Continuous,X3,R_squared,parmlinsyn,parm,1,0,0.048727117648790896,2,-0.048727117648790896,TRUE
parametric,6,3,Continuous,X3,R_squared,svmlinsyn,svm,0.7543956595660538,0.2456043404339462,0.178505240457578,2,0.06709909997636818,FALSE
parametric,6,4,Categorical,C1,Accuracy,bnlinsyn,bn,0.7808257393028681,0.21331274480708357,0.14064886074165037,3,0.0726638840654332,FALSE
parametric,6,4,Categorical,C1,Accuracy,cartlinsyn,cart,0.7800514667861005,0.21614862281028835,0.13278225397865226,3,0.08336636883163609,FALSE
parametric,6,4,Categorical,C1,Accuracy,parmlinsyn,parm,1,-2.4333171231636364e-4,0.20139678253678486,3,-0.20164011424910122,FALSE
parametric,6,4,Categorical,C1,Accuracy,svmlinsyn,svm,0.7962821298830391,0.17302530976218958,0.07656284641940696,3,0.09646246334278262,FALSE
parametric,6,4,Categorical,C1,F1,bnlinsyn,bn,0.6915901249075312,0.30840987509246875,0.04463506618161606,3,0.2637748089108527,FALSE
parametric,6,4,Categorical,C1,F1,cartlinsyn,cart,0.7209045418793677,0.21284616439370913,0.1310255151065503,3,0.08182064928715882,FALSE
parametric,6,4,Categorical,C1,F1,parmlinsyn,parm,1,-0.061330259371452533,0.21331127753971332,3,-0.2746415369111659,FALSE
parametric,6,4,Categorical,C1,F1,svmlinsyn,svm,0.7341938345180475,0.2554066687127655,0.12474629601168773,3,0.13066037270107778,FALSE
parametric,6,4,Categorical,C1,Specificity,bnlinsyn,bn,0.8732428972541788,-0.129604838418495,0.10486606161751638,3,-0.23447090003601137,FALSE
parametric,6,4,Categorical,C1,Specificity,cartlinsyn,cart,0.8183653017659378,0.15186476662329215,0.04080116526723585,3,0.11106360135605631,FALSE
parametric,6,4,Categorical,C1,Specificity,parmlinsyn,parm,1,-0.03224002506073102,0.0887451669933444,3,-0.12098519205407542,FALSE
parametric,6,4,Categorical,C1,Specificity,svmlinsyn,svm,0.8475339575829158,0.15033199277172352,0.09537735431075998,3,0.05495463846096353,FALSE
parametric,6,4,Categorical,C2,Accuracy,bnlinsyn,bn,0.9023962312005687,0.07647610957374287,0.015722058493207135,3,0.060754051080535734,FALSE
parametric,6,4,Categorical,C2,Accuracy,cartlinsyn,cart,0.9684618233219213,0.029492954208951816,0.012598231147983833,3,0.01689472306096798,FALSE
parametric,6,4,Categorical,C2,Accuracy,parmlinsyn,parm,1,0,0.02190107870272659,3,-0.02190107870272659,TRUE
parametric,6,4,Categorical,C2,Accuracy,svmlinsyn,svm,0.9805003716725827,-0.16146381185668005,-0.15237458617877647,3,-0.009089225677903573,FALSE
parametric,6,4,Categorical,C2,F1,bnlinsyn,bn,0.8901067116831182,0.09766101238361087,0.02296194390610486,3,0.07469906847750601,FALSE
parametric,6,4,Categorical,C2,F1,cartlinsyn,cart,0.9552506675830464,0.044642192088405495,0.021398137200619043,3,0.023244054887786452,FALSE
parametric,6,4,Categorical,C2,F1,parmlinsyn,parm,1,0,0.030787026785722146,3,-0.030787026785722146,TRUE
parametric,6,4,Categorical,C2,F1,svmlinsyn,svm,0.9638162055693805,-0.14547532309455288,-0.14547569267717664,3,3.695826237548605e-7,FALSE
parametric,6,4,Categorical,C2,Specificity,bnlinsyn,bn,0.9758495708999101,0.02415042910008991,0.0026241766751356585,3,0.02152625242495425,FALSE
parametric,6,4,Categorical,C2,Specificity,cartlinsyn,cart,0.9894401219321401,0.010545560440626133,0.006089054450248735,3,0.0044565059903773985,FALSE
parametric,6,4,Categorical,C2,Specificity,parmlinsyn,parm,1,0,0.005789417241528424,3,-0.005789417241528424,TRUE
parametric,6,4,Categorical,C2,Specificity,svmlinsyn,svm,0.9906225104598757,-0.08404750342433538,-0.09236868556287861,3,0.008321182138543229,FALSE
parametric,6,4,Categorical,C3,Accuracy,bnlinsyn,bn,0.9080882144687382,0.09123619946995916,0.013605783201980264,3,0.0776304162679789,FALSE
parametric,6,4,Categorical,C3,Accuracy,cartlinsyn,cart,0.9666667963781456,0.020744437288948526,0.008352012619326136,3,0.01239242466962239,FALSE
parametric,6,4,Categorical,C3,Accuracy,parmlinsyn,parm,1,0,0.0016524476225421305,3,-0.0016524476225421305,TRUE
parametric,6,4,Categorical,C3,Accuracy,svmlinsyn,svm,0.9841083230847373,0.010483260201900468,0.005203888101874621,3,0.005279372100025847,FALSE
parametric,6,4,Categorical,C3,F1,bnlinsyn,bn,0.8637631462216195,0.13410932751104562,0.011703479145878088,3,0.12240584836516753,FALSE
parametric,6,4,Categorical,C3,F1,cartlinsyn,cart,0.960696910490509,0.036573304434151986,0.008384799801748362,3,0.028188504632403626,FALSE
parametric,6,4,Categorical,C3,F1,parmlinsyn,parm,1,0,0.002238468718753313,3,-0.002238468718753313,TRUE
parametric,6,4,Categorical,C3,F1,svmlinsyn,svm,0.974625956226582,0.01841178968660904,-0.009992130822537498,3,0.028403920509146537,FALSE
parametric,6,4,Categorical,C3,Specificity,bnlinsyn,bn,0.9664761664133973,0.032024687720221025,0.0024463440288218967,3,0.02957834369139913,FALSE
parametric,6,4,Categorical,C3,Specificity,cartlinsyn,cart,0.99209581252466,0.007904187475340052,-0.0017695514722247583,3,0.00967373894756481,FALSE
parametric,6,4,Categorical,C3,Specificity,parmlinsyn,parm,1,0,-1.3367018500816846e-5,3,1.3367018500816846e-5,TRUE
parametric,6,4,Categorical,C3,Specificity,svmlinsyn,svm,0.9917480384756842,0.006078020182211907,0.006972708419038602,3,-8.946882368266948e-4,FALSE
parametric,6,4,Continuous,X1,MAE,cartlinsyn,cart,0.8572633075925539,0.10530755783406302,0.041015453650429516,2,0.06429210418363351,FALSE
parametric,6,4,Continuous,X1,MAE,parmlinsyn,parm,1,0,0.07259755078708413,2,-0.07259755078708413,TRUE
parametric,6,4,Continuous,X1,MAE,svmlinsyn,svm,0.9163799015743005,-0.42085698079538364,-0.20448657656930974,2,-0.2163704042260739,FALSE
parametric,6,4,Continuous,X1,RMSE,cartlinsyn,cart,0.8542213583222295,0.10918867154598393,0.04175291477994134,2,0.06743575676604258,FALSE
parametric,6,4,Continuous,X1,RMSE,parmlinsyn,parm,1,0,0.07342837697692833,2,-0.07342837697692833,TRUE
parametric,6,4,Continuous,X1,RMSE,svmlinsyn,svm,0.9135985753162652,-0.30239189103819536,-0.13377535755866796,2,-0.1686165334795274,FALSE
parametric,6,4,Continuous,X1,R_squared,cartlinsyn,cart,0.7296018260648865,0.19864909397923888,0.07979274156247851,2,0.11885635241676037,FALSE
parametric,6,4,Continuous,X1,R_squared,parmlinsyn,parm,1,0,0.13521925664738896,2,-0.13521925664738896,TRUE
parametric,6,4,Continuous,X1,R_squared,svmlinsyn,svm,0.8349226581705724,-0.46059453010368545,-0.19247772315005435,2,-0.2681168069536311,FALSE
parametric,6,4,Continuous,X2,MAE,cartlinsyn,cart,0.8854194122712029,0.068494697385696,0.01509279575370811,2,0.05340190163198789,FALSE
parametric,6,4,Continuous,X2,MAE,parmlinsyn,parm,1,0,0.026302851733662924,2,-0.026302851733662924,TRUE
parametric,6,4,Continuous,X2,MAE,svmlinsyn,svm,0.9670092638098784,-0.13964141613287614,-0.0608083885676685,2,-0.07883302756520764,FALSE
parametric,6,4,Continuous,X2,RMSE,cartlinsyn,cart,0.881462036941512,0.06677266398677013,0.013692447269509378,2,0.05308021671726076,FALSE
parametric,6,4,Continuous,X2,RMSE,parmlinsyn,parm,1,0,0.023888271459153967,2,-0.023888271459153967,TRUE
parametric,6,4,Continuous,X2,RMSE,svmlinsyn,svm,0.9666159461502651,-0.12602233046865227,-0.040720735619065945,2,-0.08530159484958633,FALSE
parametric,6,4,Continuous,X2,R_squared,cartlinsyn,cart,0.7766740696007925,0.12249852761691364,0.02695551910109909,2,0.09554300851581454,FALSE
parametric,6,4,Continuous,X2,R_squared,parmlinsyn,parm,1,0,0.043769531223016266,2,-0.043769531223016266,TRUE
parametric,6,4,Continuous,X2,R_squared,svmlinsyn,svm,0.9347661747982527,-0.22748782735929368,-0.06823255579026269,2,-0.159255271569031,FALSE
parametric,6,4,Continuous,X3,MAE,cartlinsyn,cart,0.8228753235872082,0.1450221381196896,0.055513390485710995,2,0.08950874763397859,FALSE
parametric,6,4,Continuous,X3,MAE,parmlinsyn,parm,1,0,0.10013412699903483,2,-0.10013412699903483,TRUE
parametric,6,4,Continuous,X3,MAE,svmlinsyn,svm,0.8872534248257269,0.11073728733461304,0.07102080551819163,2,0.0397164818164214,FALSE
parametric,6,4,Continuous,X3,RMSE,cartlinsyn,cart,0.8273039890472969,0.1369510987738655,0.05266258069275984,2,0.08428851808110566,FALSE
parametric,6,4,Continuous,X3,RMSE,parmlinsyn,parm,1,0,0.09571690959663111,2,-0.09571690959663111,TRUE
parametric,6,4,Continuous,X3,RMSE,svmlinsyn,svm,0.8912091157285041,0.09812783504011882,0.06810647906994603,2,0.03002135597017279,FALSE
parametric,6,4,Continuous,X3,R_squared,cartlinsyn,cart,0.683826456048396,0.24607421382953007,0.0993509004896421,2,0.14672331333988797,FALSE
parametric,6,4,Continuous,X3,R_squared,parmlinsyn,parm,1,0,0.17382392569798266,2,-0.17382392569798266,TRUE
parametric,6,4,Continuous,X3,R_squared,svmlinsyn,svm,0.7949395899658077,0.18431616641572904,0.12232567989717229,2,0.06199048651855675,FALSE
parametric,6,5,Categorical,C1,Accuracy,bnlinsyn,bn,0.7899416561417961,0.20788241617036424,0.08241313410704888,3,0.12546928206331537,FALSE
parametric,6,5,Categorical,C1,Accuracy,cartlinsyn,cart,0.8687204514348364,0.12464275013850731,0.07497369229020003,3,0.04966905784830729,FALSE
parametric,6,5,Categorical,C1,Accuracy,parmlinsyn,parm,1,0,0.10405800356507498,3,-0.10405800356507498,TRUE
parametric,6,5,Categorical,C1,Accuracy,svmlinsyn,svm,0.8825760862493399,0.030723626485358046,-0.17248816689614602,3,0.20321179338150405,FALSE
parametric,6,5,Categorical,C1,F1,bnlinsyn,bn,0.6951490510581929,0.3046739020076944,0.08781917666224746,3,0.21685472534544692,FALSE
parametric,6,5,Categorical,C1,F1,cartlinsyn,cart,0.8437483920991106,0.14739437862156501,0.09505250499701977,3,0.052341873624545246,FALSE
parametric,6,5,Categorical,C1,F1,parmlinsyn,parm,1,0,0.14605770688280767,3,-0.14605770688280767,TRUE
parametric,6,5,Categorical,C1,F1,svmlinsyn,svm,0.8622903750875871,0.05064462302565711,-0.14236049038916512,3,0.19300511341482224,FALSE
parametric,6,5,Categorical,C1,Specificity,bnlinsyn,bn,0.8718427963367374,0.12774273166190525,0.03645895298547285,3,0.09128377867643239,FALSE
parametric,6,5,Categorical,C1,Specificity,cartlinsyn,cart,0.9416075210690568,0.05585630457794586,0.04031189407268353,3,0.015544410505262334,FALSE
parametric,6,5,Categorical,C1,Specificity,parmlinsyn,parm,1,-2.125638155696663e-5,0.0603322647969745,3,-0.06035352117853146,FALSE
parametric,6,5,Categorical,C1,Specificity,svmlinsyn,svm,0.9465167072756328,0.008248826941660358,-0.08166328923050319,3,0.08991211617216355,FALSE
parametric,6,5,Categorical,C2,Accuracy,bnlinsyn,bn,0.9881568971257192,0.011659726300710193,0.008328534493851958,3,0.0033311918068582354,FALSE
parametric,6,5,Categorical,C2,Accuracy,cartlinsyn,cart,0.9824943645383873,0.013942617757982268,0.005742157973861802,3,0.008200459784120467,FALSE
parametric,6,5,Categorical,C2,Accuracy,parmlinsyn,parm,1,-9.191673425249958e-4,0.009430821680907453,3,-0.010349989023432449,FALSE
parametric,6,5,Categorical,C2,Accuracy,svmlinsyn,svm,0.9881984361634766,0.011801563836523421,-0.014457032562343023,3,0.026258596398866442,FALSE
parametric,6,5,Categorical,C2,F1,bnlinsyn,bn,1,-0.0018413299741836474,0.09490462907588444,3,-0.0967459590500681,FALSE
parametric,6,5,Categorical,C2,F1,cartlinsyn,cart,0.8121000289950349,0.11192452822230943,0.05715030197028685,3,0.05477422625202258,FALSE
parametric,6,5,Categorical,C2,F1,parmlinsyn,parm,0.8470014209411174,0.016068115987325583,0.0398439234505311,3,-0.02377580746320552,FALSE
parametric,6,5,Categorical,C2,F1,svmlinsyn,svm,0.8126832741182752,0.18731672588172477,0.0811095224656029,3,0.10620720341612186,FALSE
parametric,6,5,Categorical,C2,Specificity,bnlinsyn,bn,0.6419921023875258,0.20961702095836537,0.011519196326383593,3,0.19809782463198178,FALSE
parametric,6,5,Categorical,C2,Specificity,cartlinsyn,cart,0.9842163661674775,-0.006334455233433256,0.06939951778657483,3,-0.07573397302000809,FALSE
parametric,6,5,Categorical,C2,Specificity,parmlinsyn,parm,0.974753949832636,0.02524605016736403,0.032422329705179914,3,-0.007176279537815883,FALSE
parametric,6,5,Categorical,C2,Specificity,svmlinsyn,svm,1,0,0.12229381233950956,3,-0.12229381233950956,TRUE
parametric,6,5,Categorical,C3,Accuracy,bnlinsyn,bn,0.9607233028553938,0.03571136038936096,0.005521015723405827,3,0.030190344665955132,FALSE
parametric,6,5,Categorical,C3,Accuracy,cartlinsyn,cart,0.9852543290043291,0.008792226898835343,0.0033568285036159238,3,0.005435398395219419,FALSE
parametric,6,5,Categorical,C3,Accuracy,parmlinsyn,parm,1,0,0.0025648083177855683,3,-0.0025648083177855683,TRUE
parametric,6,5,Categorical,C3,Accuracy,svmlinsyn,svm,0.9943181818181819,0.004233538947775695,-0.011905956503308968,3,0.016139495451084663,FALSE
parametric,6,5,Categorical,C3,F1,bnlinsyn,bn,0.9622418825319597,0.024159917458050996,-2.0542514641999827e-4,3,0.024365342604470996,FALSE
parametric,6,5,Categorical,C3,F1,cartlinsyn,cart,0.9856719647401864,0.005926535057568372,-9.874271233383026e-4,3,0.006913962180906674,FALSE
parametric,6,5,Categorical,C3,F1,parmlinsyn,parm,1,0,3.0006804536097194e-4,3,-3.0006804536097194e-4,TRUE
parametric,6,5,Categorical,C3,F1,svmlinsyn,svm,0.9952213501580469,0.004359871860040676,-0.018700523285986325,3,0.023060395146027,FALSE
parametric,6,5,Categorical,C3,Specificity,bnlinsyn,bn,0.9598379466244725,0.010237515914298556,-0.01798782521158498,3,0.028225341125883537,FALSE
parametric,6,5,Categorical,C3,Specificity,cartlinsyn,cart,0.9848959817611855,-4.739711522934398e-4,-0.007724933635443353,3,0.007250962483149913,FALSE
parametric,6,5,Categorical,C3,Specificity,parmlinsyn,parm,1,-0.011602086486872531,-0.008286595937790235,3,-0.003315490549082296,FALSE
parametric,6,5,Categorical,C3,Specificity,svmlinsyn,svm,0.9908805927614704,0.007571678394873493,0.01352307159622633,3,-0.0059513932013528364,FALSE
parametric,6,5,Continuous,X1,MAE,cartlinsyn,cart,0.8324609137905481,0.12920951920296822,0.05221427148653648,2,0.07699524771643174,FALSE
parametric,6,5,Continuous,X1,MAE,parmlinsyn,parm,1,0,0.0948379028053094,2,-0.0948379028053094,TRUE
parametric,6,5,Continuous,X1,MAE,svmlinsyn,svm,0.8926561025753635,-0.025216529730863524,-0.04466937417127234,2,0.019452844440408817,FALSE
parametric,6,5,Continuous,X1,RMSE,cartlinsyn,cart,0.8337222543517164,0.12661082770039517,0.04937651851494327,2,0.0772343091854519,FALSE
parametric,6,5,Continuous,X1,RMSE,parmlinsyn,parm,1,0,0.09145048035871098,2,-0.09145048035871098,TRUE
parametric,6,5,Continuous,X1,RMSE,svmlinsyn,svm,0.8934092404895841,0.03257135552337633,-0.00683840587874239,2,0.03940976140211872,FALSE
parametric,6,5,Continuous,X1,R_squared,cartlinsyn,cart,0.6947358527417837,0.22751648770973404,0.09354915574385475,2,0.1339673319658793,FALSE
parametric,6,5,Continuous,X1,R_squared,parmlinsyn,parm,1,0,0.16701527979935293,2,-0.16701527979935293,TRUE
parametric,6,5,Continuous,X1,R_squared,svmlinsyn,svm,0.7978643369233615,0.060072210021198516,-0.010964869163051422,2,0.07103707918424994,FALSE
parametric,6,5,Continuous,X2,MAE,cartlinsyn,cart,0.8695314999314889,0.08101977484971416,0.018845456915492397,2,0.06217431793422176,FALSE
parametric,6,5,Continuous,X2,MAE,parmlinsyn,parm,1,0,0.03439379625348986,2,-0.03439379625348986,TRUE
parametric,6,5,Continuous,X2,MAE,svmlinsyn,svm,0.9579731749728951,-0.14381768127157926,-0.04805366754009213,2,-0.09576401373148713,FALSE
parametric,6,5,Continuous,X2,RMSE,cartlinsyn,cart,0.872057949366171,0.07641670691490554,0.013545996099702829,2,0.06287071081520271,FALSE
parametric,6,5,Continuous,X2,RMSE,parmlinsyn,parm,1,0,0.031085131293446065,2,-0.031085131293446065,TRUE
parametric,6,5,Continuous,X2,RMSE,svmlinsyn,svm,0.954888908353523,-0.13081153520737265,-0.03340293937822529,2,-0.09740859582914736,FALSE
parametric,6,5,Continuous,X2,R_squared,cartlinsyn,cart,0.7596919100993806,0.1399619219678515,0.02652765446946622,2,0.11343426749838528,FALSE
parametric,6,5,Continuous,X2,R_squared,parmlinsyn,parm,1,0,0.05817101288314934,2,-0.05817101288314934,TRUE
parametric,6,5,Continuous,X2,R_squared,svmlinsyn,svm,0.9115971521450643,-0.23181755660270623,-0.055502539573389326,2,-0.1763150170293169,FALSE
parametric,6,5,Continuous,X3,MAE,cartlinsyn,cart,0.8386682894283914,0.1290017035046254,0.0476308884824186,2,0.08137081502220679,FALSE
parametric,6,5,Continuous,X3,MAE,parmlinsyn,parm,1,0,0.08478305641016838,2,-0.08478305641016838,TRUE
parametric,6,5,Continuous,X3,MAE,svmlinsyn,svm,0.9025348914137589,0.09681472865235094,0.0701051018549978,2,0.026709626797353142,FALSE
parametric,6,5,Continuous,X3,RMSE,cartlinsyn,cart,0.8407379214528441,0.12538102326673864,0.047294757822335956,2,0.07808626544440268,FALSE
parametric,6,5,Continuous,X3,RMSE,parmlinsyn,parm,1,0,0.08347177376238393,2,-0.08347177376238393,TRUE
parametric,6,5,Continuous,X3,RMSE,svmlinsyn,svm,0.8988085104456951,0.1007572497871464,0.07076495903493658,2,0.029992290752209813,FALSE
parametric,6,5,Continuous,X3,R_squared,cartlinsyn,cart,0.7065048333586549,0.22698546860920776,0.09018528733676856,2,0.1368001812724392,FALSE
parametric,6,5,Continuous,X3,R_squared,parmlinsyn,parm,1,0,0.15308308938815204,2,-0.15308308938815204,TRUE
parametric,6,5,Continuous,X3,R_squared,svmlinsyn,svm,0.8072363614556591,0.19214181909400854,0.12903717059224762,2,0.06310464850176092,FALSE
parametric,12,1,Categorical,C2,Accuracy,bnlinsyn,bn,0.8410928356972117,0.15564859843537415,0.07456869349562963,3,0.08107990493974453,FALSE
parametric,12,1,Categorical,C2,Accuracy,cartlinsyn,cart,0.8772893772893774,0.10664445103082565,0.06734832408571975,3,0.0392961269451059,FALSE
parametric,12,1,Categorical,C2,Accuracy,parmlinsyn,parm,1,0,0.08738449156870781,3,-0.08738449156870781,TRUE
parametric,12,1,Categorical,C2,Accuracy,svmlinsyn,svm,0.8901098901098902,0.10594972810595157,0.02089758005927267,3,0.0850521480466789,FALSE
parametric,12,1,Categorical,C2,F1,bnlinsyn,bn,0.8366999128334384,0.16054594990698917,0.07770039516130549,3,0.08284555474568368,FALSE
parametric,12,1,Categorical,C2,F1,cartlinsyn,cart,0.8703591708790709,0.1105431993471988,0.06851832137335011,3,0.0420248779738487,FALSE
parametric,12,1,Categorical,C2,F1,parmlinsyn,parm,1,0,0.07329265266815932,3,-0.07329265266815932,TRUE
parametric,12,1,Categorical,C2,F1,svmlinsyn,svm,0.8867668459082745,0.10569147180247382,0.001718054886724998,3,0.10397341691574882,FALSE
parametric,12,1,Categorical,C2,Specificity,bnlinsyn,bn,0.9168750536272655,0.08220318381173271,0.03871287560032178,3,0.04349030821141093,FALSE
parametric,12,1,Categorical,C2,Specificity,cartlinsyn,cart,0.9341446457387073,0.05613231794439684,0.033758286903865904,3,0.022374031040530935,FALSE
parametric,12,1,Categorical,C2,Specificity,parmlinsyn,parm,1,0,0.04680861221235503,3,-0.04680861221235503,TRUE
parametric,12,1,Categorical,C2,Specificity,svmlinsyn,svm,0.9450157443320979,0.052642391519072886,0.02742791212368748,3,0.025214479395385406,FALSE
parametric,12,1,Categorical,C4,Accuracy,bnlinsyn,bn,0.7956981032430802,0.2043018967569198,0.06259837480925765,3,0.14170352194766214,FALSE
parametric,12,1,Categorical,C4,Accuracy,cartlinsyn,cart,0.8576135825179,0.11201530846759385,0.0494692500366312,3,0.06254605843096264,FALSE
parametric,12,1,Categorical,C4,Accuracy,parmlinsyn,parm,1,0,0.04782485308915125,3,-0.04782485308915125,TRUE
parametric,12,1,Categorical,C4,Accuracy,svmlinsyn,svm,0.9201599729859699,0.05375435170218701,0.08447372684502358,3,-0.03071937514283657,FALSE
parametric,12,1,Categorical,C4,F1,bnlinsyn,bn,0.7461200860845815,0.25260433292981294,0.07039440113122426,3,0.1822099317985887,FALSE
parametric,12,1,Categorical,C4,F1,cartlinsyn,cart,0.8400260366726549,0.12739840145181897,0.05704662044142975,3,0.07035178101038922,FALSE
parametric,12,1,Categorical,C4,F1,parmlinsyn,parm,1,0,0.04969028846248908,3,-0.04969028846248908,TRUE
parametric,12,1,Categorical,C4,F1,svmlinsyn,svm,0.9136908512543008,0.052681745683500036,0.1004360494522158,3,-0.04775430376871577,FALSE
parametric,12,1,Categorical,C4,Specificity,bnlinsyn,bn,0.9579900783039077,0.04139049513506976,0.011151773447053826,3,0.030238721688015932,FALSE
parametric,12,1,Categorical,C4,Specificity,cartlinsyn,cart,0.9769157240949804,0.019540276721124905,0.011131550587912029,3,0.008408726133212877,FALSE
parametric,12,1,Categorical,C4,Specificity,parmlinsyn,parm,1,0,0.00937970654308383,3,-0.00937970654308383,TRUE
parametric,12,1,Categorical,C4,Specificity,svmlinsyn,svm,0.9847267247161643,-0.012938007529510487,-9.599983565725074e-4,3,-0.01197800917293798,FALSE
parametric,12,1,Categorical,C6,Accuracy,bnlinsyn,bn,0.8185815655408645,0.17022913136622603,0.026633471824576035,3,0.14359565954165,FALSE
parametric,12,1,Categorical,C6,Accuracy,cartlinsyn,cart,0.912113364924314,0.051164127486862276,0.0017928069974264178,3,0.049371320489435856,FALSE
parametric,12,1,Categorical,C6,Accuracy,parmlinsyn,parm,1,0,-0.004364706057926478,3,0.004364706057926478,TRUE
parametric,12,1,Categorical,C6,Accuracy,svmlinsyn,svm,0.982362121905638,-0.12533514723168576,-0.01188909079306166,3,-0.1134460564386241,FALSE
parametric,12,1,Categorical,C6,F1,bnlinsyn,bn,0.798504241078184,0.18466975579704953,0.03539636487414995,3,0.14927339092289957,FALSE
parametric,12,1,Categorical,C6,F1,cartlinsyn,cart,0.888033531732567,0.067771558138816,0.0095863377080973,3,0.05818522043071869,FALSE
parametric,12,1,Categorical,C6,F1,parmlinsyn,parm,1,0,-0.0017479429610481136,3,0.0017479429610481136,TRUE
parametric,12,1,Categorical,C6,F1,svmlinsyn,svm,0.9748238289944835,-0.10211859016689961,0.005509422131303281,3,-0.1076280122982029,FALSE
parametric,12,1,Categorical,C6,Specificity,bnlinsyn,bn,0.9542021002500249,0.0425760651431649,0.009564054807872212,3,0.03301201033529269,FALSE
parametric,12,1,Categorical,C6,Specificity,cartlinsyn,cart,0.9724659163173114,0.01721812952314956,0.003946881816111306,3,0.013271247707038254,FALSE
parametric,12,1,Categorical,C6,Specificity,parmlinsyn,parm,1,0,2.5667464884550443e-4,3,-2.5667464884550443e-4,TRUE
parametric,12,1,Categorical,C6,Specificity,svmlinsyn,svm,0.9940768726459743,-0.1740504567540014,-0.08484839133116881,3,-0.0892020654228326,FALSE
parametric,12,1,Continuous,X2,MAE,cartlinsyn,cart,0.4981099942070153,0.23071458910274462,0.025171760032086155,2,0.20554282907065846,FALSE
parametric,12,1,Continuous,X2,MAE,parmlinsyn,parm,1,0,0.012376219952123556,2,-0.012376219952123556,TRUE
parametric,12,1,Continuous,X2,MAE,svmlinsyn,svm,0.9445218289753581,0.05547817102464192,0.20809369015496634,2,-0.15261551913032442,FALSE
parametric,12,1,Continuous,X2,RMSE,cartlinsyn,cart,0.4955303514115601,0.23064892808284293,0.02911416981946734,2,0.20153475826337558,FALSE
parametric,12,1,Continuous,X2,RMSE,parmlinsyn,parm,1,0,0.012995482032869344,2,-0.012995482032869344,TRUE
parametric,12,1,Continuous,X2,RMSE,svmlinsyn,svm,0.929920932131794,0.07007906786820595,0.21677643579604555,2,-0.1466973679278396,FALSE
parametric,12,1,Continuous,X2,R_squared,cartlinsyn,cart,0.2449605030687194,0.282398218221647,0.055857050549903794,2,0.2265411676717432,FALSE
parametric,12,1,Continuous,X2,R_squared,parmlinsyn,parm,1,0,0.022602701474215076,2,-0.022602701474215076,TRUE
parametric,12,1,Continuous,X2,R_squared,svmlinsyn,svm,0.8653771857033578,0.13462281429664225,0.30767486634869856,2,-0.17305205205205632,FALSE
parametric,12,1,Continuous,X4,MAE,cartlinsyn,cart,0.4669725517500087,0.22442621896453227,0.023744591691638485,2,0.2006816272728938,FALSE
parametric,12,1,Continuous,X4,MAE,parmlinsyn,parm,1,0,0.014762159640849648,2,-0.014762159640849648,TRUE
parametric,12,1,Continuous,X4,MAE,svmlinsyn,svm,0.9454950681939024,0.04733817884885803,0.2061693538165403,2,-0.1588311749676823,FALSE
parametric,12,1,Continuous,X4,RMSE,cartlinsyn,cart,0.4625447993615265,0.22915188728381847,0.026088200643200343,2,0.20306368664061814,FALSE
parametric,12,1,Continuous,X4,RMSE,parmlinsyn,parm,1,0,0.016985994618419004,2,-0.016985994618419004,TRUE
parametric,12,1,Continuous,X4,RMSE,svmlinsyn,svm,0.933464858454445,0.05834186663602414,0.2086934934037492,2,-0.15035162676772507,FALSE
parametric,12,1,Continuous,X4,R_squared,cartlinsyn,cart,0.21402440781461055,0.26454004835111344,0.050054328274583705,2,0.21448572007652975,FALSE
parametric,12,1,Continuous,X4,R_squared,parmlinsyn,parm,1,0,0.025464644479730902,2,-0.025464644479730902,TRUE
parametric,12,1,Continuous,X4,R_squared,svmlinsyn,svm,0.8724620135016236,0.11171019099744277,0.28012118922336926,2,-0.16841099822592648,FALSE
parametric,12,1,Continuous,X6,MAE,cartlinsyn,cart,0.7625501595332246,0.15390252589068606,0.038058902576480966,2,0.1158436233142051,FALSE
parametric,12,1,Continuous,X6,MAE,parmlinsyn,parm,1,0,0.04788563409515853,2,-0.04788563409515853,TRUE
parametric,12,1,Continuous,X6,MAE,svmlinsyn,svm,0.9204242454518551,0.0747687970300891,-0.027803708430483152,2,0.10257250546057226,FALSE
parametric,12,1,Continuous,X6,RMSE,cartlinsyn,cart,0.7648552610925065,0.1504163659861762,0.03485098063670301,2,0.11556538534947318,FALSE
parametric,12,1,Continuous,X6,RMSE,parmlinsyn,parm,1,0,0.043003868684889354,2,-0.043003868684889354,TRUE
parametric,12,1,Continuous,X6,RMSE,svmlinsyn,svm,0.9230866131642741,0.07397137709275751,-0.030691199505897482,2,0.104662576598655,FALSE
parametric,12,1,Continuous,X6,R_squared,cartlinsyn,cart,0.5850571702881323,0.2528047823922043,0.06688121847624531,2,0.18592356391595896,FALSE
parametric,12,1,Continuous,X6,R_squared,parmlinsyn,parm,1,0,0.0760138102926756,2,-0.0760138102926756,TRUE
parametric,12,1,Continuous,X6,R_squared,svmlinsyn,svm,0.8527467985531647,0.14143200335109296,-0.045536620796942665,2,0.1869686241480356,FALSE
parametric,12,2,Categorical,C2,Accuracy,bnlinsyn,bn,0.8239417402591102,0.1724739971372654,0.05641334436822397,3,0.11606065276904144,FALSE
parametric,12,2,Categorical,C2,Accuracy,cartlinsyn,cart,0.8999279511003276,0.08693581722767671,0.050808286909835854,3,0.036127530317840856,FALSE
parametric,12,2,Categorical,C2,Accuracy,parmlinsyn,parm,1,0,0.07450724063814179,3,-0.07450724063814179,TRUE
parametric,12,2,Categorical,C2,Accuracy,svmlinsyn,svm,0.9231321635362131,0.06752615135551895,0.04558149122368461,3,0.021944660131834347,FALSE
parametric,12,2,Categorical,C2,F1,bnlinsyn,bn,0.7712386034092882,0.22021504941923722,0.06559179517493638,3,0.15462325424430085,FALSE
parametric,12,2,Categorical,C2,F1,cartlinsyn,cart,0.8771235236547221,0.11046806680384498,0.06797202166202443,3,0.04249604514182055,FALSE
parametric,12,2,Categorical,C2,F1,parmlinsyn,parm,1,0,0.08872015203475468,3,-0.08872015203475468,TRUE
parametric,12,2,Categorical,C2,F1,svmlinsyn,svm,0.8931229850158456,0.0672152617662494,0.03901266374586121,3,0.028202598020388187,FALSE
parametric,12,2,Categorical,C2,Specificity,bnlinsyn,bn,0.9161903305311215,0.08134718650787695,0.024551387600531254,3,0.05679579890734569,FALSE
parametric,12,2,Categorical,C2,Specificity,cartlinsyn,cart,0.9557883634435735,0.041478192609094335,0.029338814833221576,3,0.012139377775872758,FALSE
parametric,12,2,Categorical,C2,Specificity,parmlinsyn,parm,1,0,0.03401305693119868,3,-0.03401305693119868,TRUE
parametric,12,2,Categorical,C2,Specificity,svmlinsyn,svm,0.9542996105291871,0.0386000725819019,0.025557869630641092,3,0.013042202951260809,FALSE
parametric,12,2,Categorical,C4,Accuracy,bnlinsyn,bn,0.6882452517845843,0.3111614791638537,0.03819341844760253,3,0.2729680607162512,FALSE
parametric,12,2,Categorical,C4,Accuracy,cartlinsyn,cart,0.9050879419043844,0.07291544821734401,0.027127757633425675,3,0.045787690583918336,FALSE
parametric,12,2,Categorical,C4,Accuracy,parmlinsyn,parm,1,0,0.043635639552410795,3,-0.043635639552410795,TRUE
parametric,12,2,Categorical,C4,Accuracy,svmlinsyn,svm,0.9512817011347074,0.03242453472605211,0.04396832684804716,3,-0.01154379212199505,FALSE
parametric,12,2,Categorical,C4,F1,bnlinsyn,bn,0.6414736082439167,0.35778469152017817,0.043879449191654964,3,0.3139052423285232,FALSE
parametric,12,2,Categorical,C4,F1,cartlinsyn,cart,0.87605481233487,0.10288232475600083,0.03625520118033097,3,0.06662712357566986,FALSE
parametric,12,2,Categorical,C4,F1,parmlinsyn,parm,1,0,0.0651013090010618,3,-0.0651013090010618,TRUE
parametric,12,2,Categorical,C4,F1,svmlinsyn,svm,0.9297022341013577,0.035315439557223535,0.02339268640386331,3,0.011922753153360225,FALSE
parametric,12,2,Categorical,C4,Specificity,bnlinsyn,bn,0.9113234912805139,0.08856995294360866,0.011611187944703645,3,0.07695876499890501,FALSE
parametric,12,2,Categorical,C4,Specificity,cartlinsyn,cart,0.9685408547775229,0.027176006149942422,0.009121661538676166,3,0.018054344611266256,FALSE
parametric,12,2,Categorical,C4,Specificity,parmlinsyn,parm,1,0,0.01721955212232178,3,-0.01721955212232178,TRUE
parametric,12,2,Categorical,C4,Specificity,svmlinsyn,svm,0.9831865443304919,0.005160958614867562,0.013153746358588458,3,-0.007992787743720897,FALSE
parametric,12,2,Categorical,C6,Accuracy,bnlinsyn,bn,0.8263979750321627,0.16245396777902027,0.031099466832514536,3,0.13135450094650575,FALSE
parametric,12,2,Categorical,C6,Accuracy,cartlinsyn,cart,0.9151708932955139,0.07563718523457888,0.011582094993135873,3,0.06405509024144301,FALSE
parametric,12,2,Categorical,C6,Accuracy,parmlinsyn,parm,1,0,-0.004607867280194022,3,0.004607867280194022,TRUE
parametric,12,2,Categorical,C6,Accuracy,svmlinsyn,svm,0.9656981057515515,0.019421165439273302,0.025631727273041662,3,-0.00621056183376836,FALSE
parametric,12,2,Categorical,C6,F1,bnlinsyn,bn,0.8082042553906417,0.1791970516980927,0.034589542073007795,3,0.1446075096250849,FALSE
parametric,12,2,Categorical,C6,F1,cartlinsyn,cart,0.9009721146664678,0.0896659180145856,0.00555135277663897,3,0.08411456523794662,FALSE
parametric,12,2,Categorical,C6,F1,parmlinsyn,parm,1,0,-0.012959917019410195,3,0.012959917019410195,TRUE
parametric,12,2,Categorical,C6,F1,svmlinsyn,svm,0.9598142037575382,0.026109419280844648,0.02430559026833365,3,0.001803829012510999,FALSE
parametric,12,2,Categorical,C6,Specificity,bnlinsyn,bn,0.9713879514585598,0.02766311514460733,0.00529487777393145,3,0.02236823737067588,FALSE
parametric,12,2,Categorical,C6,Specificity,cartlinsyn,cart,0.9861568041777039,0.012777504163011466,0.0010119334858641768,3,0.011765570677147289,FALSE
parametric,12,2,Categorical,C6,Specificity,parmlinsyn,parm,1,0,-9.512310960645495e-4,3,9.512310960645495e-4,TRUE
parametric,12,2,Categorical,C6,Specificity,svmlinsyn,svm,0.994022141383607,0.00491346137979678,0.002083901976209653,3,0.002829559403587127,FALSE
parametric,12,2,Continuous,X2,MAE,cartlinsyn,cart,0.2603110780331014,0.5726499389204972,0.045348127969138896,2,0.5273018109513583,FALSE
parametric,12,2,Continuous,X2,MAE,parmlinsyn,parm,1,0,0.002610154217995442,2,-0.002610154217995442,TRUE
parametric,12,2,Continuous,X2,MAE,svmlinsyn,svm,0.9057714498603072,0.09422855013969278,0.2870759438480242,2,-0.19284739370833143,FALSE
parametric,12,2,Continuous,X2,RMSE,cartlinsyn,cart,0.25844408260853696,0.5742825967162722,0.07189234460040345,2,0.5023902521158687,FALSE
parametric,12,2,Continuous,X2,RMSE,parmlinsyn,parm,1,0,-0.002816397113822067,2,0.002816397113822067,TRUE
parametric,12,2,Continuous,X2,RMSE,svmlinsyn,svm,0.8514302491037488,0.14856975089625124,0.2895514609031943,2,-0.14098171000694304,FALSE
parametric,12,2,Continuous,X2,R_squared,cartlinsyn,cart,0.06675526148542109,0.6267561938869338,0.13363768779392912,2,0.49311850609300467,FALSE
parametric,12,2,Continuous,X2,R_squared,parmlinsyn,parm,1,0,-0.006717134270507545,2,0.006717134270507545,TRUE
parametric,12,2,Continuous,X2,R_squared,svmlinsyn,svm,0.7233598777157124,0.2766401222842876,0.31369354063571153,2,-0.03705341835142395,FALSE
parametric,12,2,Continuous,X4,MAE,cartlinsyn,cart,0.2595371796886922,0.5603787382618035,0.03901504229424656,2,0.5213636959675569,FALSE
parametric,12,2,Continuous,X4,MAE,parmlinsyn,parm,1,0,0.007877633202489487,2,-0.007877633202489487,TRUE
parametric,12,2,Continuous,X4,MAE,svmlinsyn,svm,0.9113112780417734,0.08868872195822664,0.3346111705131416,2,-0.24592244855491496,FALSE
parametric,12,2,Continuous,X4,RMSE,cartlinsyn,cart,0.2583476807971393,0.5684942263794981,0.06565073997755821,2,0.5028434864019399,FALSE
parametric,12,2,Continuous,X4,RMSE,parmlinsyn,parm,1,0,0.011175643491280213,2,-0.011175643491280213,TRUE
parametric,12,2,Continuous,X4,RMSE,svmlinsyn,svm,0.8625132014146142,0.1373935385236616,0.3372327712494201,2,-0.1998392327257585,FALSE
parametric,12,2,Continuous,X4,R_squared,cartlinsyn,cart,0.06674860465252469,0.61659148760057,0.1222985517365662,2,0.4942929358640038,FALSE
parametric,12,2,Continuous,X4,R_squared,parmlinsyn,parm,1,0,0.018284390945811472,2,-0.018284390945811472,TRUE
parametric,12,2,Continuous,X4,R_squared,svmlinsyn,svm,0.7427134615354498,0.25705664443600423,0.40155232205498587,2,-0.14449567761898163,FALSE
parametric,12,2,Continuous,X6,MAE,cartlinsyn,cart,0.13096852398826564,0.6427279549401345,0.22686776589686827,2,0.41586018904326616,FALSE
parametric,12,2,Continuous,X6,MAE,parmlinsyn,parm,1,0,0.005973330114866509,2,-0.005973330114866509,TRUE
parametric,12,2,Continuous,X6,MAE,svmlinsyn,svm,0.542581463019893,0.45741853698010704,0.3059529684063572,2,0.15146556857374982,FALSE
parametric,12,2,Continuous,X6,RMSE,cartlinsyn,cart,0.12929647698969582,0.6578393006726428,0.28796160182556324,2,0.3698776988470796,FALSE
parametric,12,2,Continuous,X6,RMSE,parmlinsyn,parm,1,0,0.011897441510122373,2,-0.011897441510122373,TRUE
parametric,12,2,Continuous,X6,RMSE,svmlinsyn,svm,0.4153089282165617,0.5840825503292691,0.3064539349379836,2,0.2776286153912855,FALSE
parametric,12,2,Continuous,X6,R_squared,cartlinsyn,cart,0.016727111837367616,0.6030496149031818,0.4069127685682488,2,0.19613684633493295,FALSE
parametric,12,2,Continuous,X6,R_squared,parmlinsyn,parm,1,0,0.009632554140510707,2,-0.009632554140510707,TRUE
parametric,12,2,Continuous,X6,R_squared,svmlinsyn,svm,0.1690047924849245,0.8299425587341804,0.2664971075747294,2,0.5634454511594511,FALSE
parametric,12,3,Categorical,C2,Accuracy,bnlinsyn,bn,0.7721656238970689,0.2170679079493993,0.06573931960254906,3,0.15132858834685026,FALSE
parametric,12,3,Categorical,C2,Accuracy,cartlinsyn,cart,0.8738811595356819,0.1094841386319253,0.0654145699356468,3,0.0440695686962785,FALSE
parametric,12,3,Categorical,C2,Accuracy,parmlinsyn,parm,1,0,0.07829886922934089,3,-0.07829886922934089,TRUE
parametric,12,3,Categorical,C2,Accuracy,svmlinsyn,svm,0.9144961194020932,0.08336412674526625,0.08619905588580294,3,-0.0028349291405366933,FALSE
parametric,12,3,Categorical,C2,F1,bnlinsyn,bn,0.7377279862409658,0.2396576831654159,0.06067744668943966,3,0.17898023647597625,FALSE
parametric,12,3,Categorical,C2,F1,cartlinsyn,cart,0.8610276288161037,0.12211372777880931,0.07812798176252168,3,0.04398574601628763,FALSE
parametric,12,3,Categorical,C2,F1,parmlinsyn,parm,1,0,0.07619662724767336,3,-0.07619662724767336,TRUE
parametric,12,3,Categorical,C2,F1,svmlinsyn,svm,0.9027862038587137,0.07784359411265822,0.08274683838505606,3,-0.0049032442723978414,FALSE
parametric,12,3,Categorical,C2,Specificity,bnlinsyn,bn,0.9140053574883146,0.07904323009909842,0.020162760718244396,3,0.05888046938085402,FALSE
parametric,12,3,Categorical,C2,Specificity,cartlinsyn,cart,0.9576109837439457,0.03769364412024179,0.02671545115617524,3,0.010978192964066547,FALSE
parametric,12,3,Categorical,C2,Specificity,parmlinsyn,parm,1,0,0.020358797692712226,3,-0.020358797692712226,TRUE
parametric,12,3,Categorical,C2,Specificity,svmlinsyn,svm,0.9695828274535351,0.02373007830098701,0.020912857529227936,3,0.0028172207717590755,FALSE
parametric,12,3,Categorical,C4,Accuracy,bnlinsyn,bn,0.7859869232611586,0.20637574384226023,0.057801321963127754,3,0.14857442187913247,FALSE
parametric,12,3,Categorical,C4,Accuracy,cartlinsyn,cart,0.8754054318137187,0.1011240676968597,0.052081967633823396,3,0.04904210006303631,FALSE
parametric,12,3,Categorical,C4,Accuracy,parmlinsyn,parm,1,0,0.07333405275719428,3,-0.07333405275719428,TRUE
parametric,12,3,Categorical,C4,Accuracy,svmlinsyn,svm,0.9177633208563585,0.08079001930201235,0.08746689930611108,3,-0.006676880004098731,FALSE
parametric,12,3,Categorical,C4,F1,bnlinsyn,bn,0.6936187933098774,0.2935473302214695,0.0923141988330544,3,0.2012331313884151,FALSE
parametric,12,3,Categorical,C4,F1,cartlinsyn,cart,0.8065737591604712,0.1647862426190579,0.07930871177290293,3,0.08547753084615496,FALSE
parametric,12,3,Categorical,C4,F1,parmlinsyn,parm,1,0,0.09703009741181161,3,-0.09703009741181161,TRUE
parametric,12,3,Categorical,C4,F1,svmlinsyn,svm,0.8742006814165144,0.12403005519099082,0.13802489905290075,3,-0.013994843861909925,FALSE
parametric,12,3,Categorical,C4,Specificity,bnlinsyn,bn,0.9153411123344618,0.07338817249596497,0.01728740716774552,3,0.05610076532821945,FALSE
parametric,12,3,Categorical,C4,Specificity,cartlinsyn,cart,0.9516678666453163,0.04091403315199711,0.02138213723452239,3,0.01953189591747472,FALSE
parametric,12,3,Categorical,C4,Specificity,parmlinsyn,parm,1,0,0.02630927889195067,3,-0.02630927889195067,TRUE
parametric,12,3,Categorical,C4,Specificity,svmlinsyn,svm,0.972608513080132,0.02657602668111314,0.03315302347462982,3,-0.006576996793516678,FALSE
parametric,12,3,Categorical,C6,Accuracy,bnlinsyn,bn,0.9406360603707019,0.0552809918629076,0.01675532671406692,3,0.038525665148840676,FALSE
parametric,12,3,Categorical,C6,Accuracy,cartlinsyn,cart,0.9616422144549965,0.026492409512593174,0.012640827483378055,3,0.01385158202921512,FALSE
parametric,12,3,Categorical,C6,Accuracy,parmlinsyn,parm,1,0,-0.003994541072612427,3,0.003994541072612427,TRUE
parametric,12,3,Categorical,C6,Accuracy,svmlinsyn,svm,0.9800101603572068,0.008987435056349646,-0.029079139647205852,3,0.0380665747035555,FALSE
parametric,12,3,Categorical,C6,F1,bnlinsyn,bn,0.9281653568949197,0.07140774422388288,0.015871414345226875,3,0.055536329878656004,FALSE
parametric,12,3,Categorical,C6,F1,cartlinsyn,cart,0.9456334661484198,0.04374717820395642,0.010987569623721627,3,0.03275960858023479,FALSE
parametric,12,3,Categorical,C6,F1,parmlinsyn,parm,1,0,-0.019797282549565986,3,0.019797282549565986,TRUE
parametric,12,3,Categorical,C6,F1,svmlinsyn,svm,0.9711757873412957,0.01485375273445697,-0.036340248720939564,3,0.051194001455396536,FALSE
parametric,12,3,Categorical,C6,Specificity,bnlinsyn,bn,0.973545309248802,0.026454690751197996,0.0034449628969215255,3,0.02300972785427647,FALSE
parametric,12,3,Categorical,C6,Specificity,cartlinsyn,cart,0.9796696531720355,0.019310392823955524,0.001674943997688157,3,0.01763544882626737,FALSE
parametric,12,3,Categorical,C6,Specificity,parmlinsyn,parm,1,0,-0.0054249570418885154,3,0.0054249570418885154,TRUE
parametric,12,3,Categorical,C6,Specificity,svmlinsyn,svm,0.9865080142967904,0.007200542171803348,-0.011745779006449226,3,0.018946321178252575,FALSE
parametric,12,3,Continuous,X2,MAE,cartlinsyn,cart,0.7655008745700779,0.09781617514359595,0.03816138490458794,2,0.05965479023900801,FALSE
parametric,12,3,Continuous,X2,MAE,parmlinsyn,parm,1,0,0.05497583670185839,2,-0.05497583670185839,TRUE
parametric,12,3,Continuous,X2,MAE,svmlinsyn,svm,0.917464783295582,0.08253521670441799,0.004899385562671266,2,0.07763583114174673,FALSE
parametric,12,3,Continuous,X2,RMSE,cartlinsyn,cart,0.7625686148906364,0.0982905967651156,0.03928926904607209,2,0.05900132771904351,FALSE
parametric,12,3,Continuous,X2,RMSE,parmlinsyn,parm,1,0,0.056731450113634535,2,-0.056731450113634535,TRUE
parametric,12,3,Continuous,X2,RMSE,svmlinsyn,svm,0.9086939110488096,0.09130608895119041,-0.00783800191336699,2,0.0991440908645574,FALSE
parametric,12,3,Continuous,X2,R_squared,cartlinsyn,cart,0.5830253175671712,0.15849038839760438,0.07383070143745876,2,0.08465968696014561,FALSE
parametric,12,3,Continuous,X2,R_squared,parmlinsyn,parm,1,0,0.09603767228798757,2,-0.09603767228798757,TRUE
parametric,12,3,Continuous,X2,R_squared,svmlinsyn,svm,0.8283147672250917,0.17168523277490833,-0.0239446446806469,2,0.1956298774555552,FALSE
parametric,12,3,Continuous,X4,MAE,cartlinsyn,cart,0.8351959813783298,0.1063650377075361,0.04554976613686068,2,0.060815271570675414,FALSE
parametric,12,3,Continuous,X4,MAE,parmlinsyn,parm,1,0,0.07605579526642695,2,-0.07605579526642695,TRUE
parametric,12,3,Continuous,X4,MAE,svmlinsyn,svm,0.9059690013262892,0.09174431018287776,-0.22197558646218174,2,0.3137198966450595,FALSE
parametric,12,3,Continuous,X4,RMSE,cartlinsyn,cart,0.8382548239912252,0.10442887390956723,0.044794380517013996,2,0.05963449339255324,FALSE
parametric,12,3,Continuous,X4,RMSE,parmlinsyn,parm,1,0,0.07386031819196678,2,-0.07386031819196678,TRUE
parametric,12,3,Continuous,X4,RMSE,svmlinsyn,svm,0.9029894393950487,0.09701056060495128,-0.249417883748328,2,0.34642844435327924,FALSE
parametric,12,3,Continuous,X4,R_squared,cartlinsyn,cart,0.703427782736808,0.1856278017689939,0.08512461362394956,2,0.10050318814504434,FALSE
parametric,12,3,Continuous,X4,R_squared,parmlinsyn,parm,1,0,0.13409948803719934,2,-0.13409948803719934,TRUE
parametric,12,3,Continuous,X4,R_squared,svmlinsyn,svm,0.8159643964727137,0.18403560352728632,-0.32862738591701446,2,0.5126629894443008,FALSE
parametric,12,3,Continuous,X6,MAE,cartlinsyn,cart,0.7665055589621436,0.1685657819379469,0.054725185726457945,2,0.11384059621148897,FALSE
parametric,12,3,Continuous,X6,MAE,parmlinsyn,parm,1,0,0.07977880322576059,2,-0.07977880322576059,TRUE
parametric,12,3,Continuous,X6,MAE,svmlinsyn,svm,0.8841213892822731,0.1054278623352054,-0.18197419477653148,2,0.2874020571117369,FALSE
parametric,12,3,Continuous,X6,RMSE,cartlinsyn,cart,0.7664828121592092,0.16745548096482296,0.05293665895794536,2,0.1145188220068776,FALSE
parametric,12,3,Continuous,X6,RMSE,parmlinsyn,parm,1,0,0.07682193571910065,2,-0.07682193571910065,TRUE
parametric,12,3,Continuous,X6,RMSE,svmlinsyn,svm,0.8819262714732313,0.11098315496110622,-0.17016632554159386,2,0.28114948050270006,FALSE
parametric,12,3,Continuous,X6,R_squared,cartlinsyn,cart,0.5878793473364058,0.2840310018402203,0.09926040224734198,2,0.1847705995928783,FALSE
parametric,12,3,Continuous,X6,R_squared,parmlinsyn,parm,1,0,0.13358255273536207,2,-0.13358255273536207,TRUE
parametric,12,3,Continuous,X6,R_squared,svmlinsyn,svm,0.7782481455292882,0.2064233205391621,-0.20259531358086996,2,0.40901863412003203,FALSE
parametric,12,4,Categorical,C2,Accuracy,bnlinsyn,bn,0.8394893440085954,0.16012946010568813,0.06169791097785662,3,0.0984315491278315,FALSE
parametric,12,4,Categorical,C2,Accuracy,cartlinsyn,cart,0.8901738686929064,0.07577477520429945,0.044828434061023006,3,0.03094634114327645,FALSE
parametric,12,4,Categorical,C2,Accuracy,parmlinsyn,parm,1,0,0.05828643837049167,3,-0.05828643837049167,TRUE
parametric,12,4,Categorical,C2,Accuracy,svmlinsyn,svm,0.9186705943339708,0.07596317709808571,0.05548050750217067,3,0.02048266959591504,FALSE
parametric,12,4,Categorical,C2,F1,bnlinsyn,bn,0.7013822690142196,0.26593534503792693,0.07719951490028662,3,0.1887358301376403,FALSE
parametric,12,4,Categorical,C2,F1,cartlinsyn,cart,0.8424515179656398,0.10516862451559286,0.06616015870718205,3,0.03900846580841082,FALSE
parametric,12,4,Categorical,C2,F1,parmlinsyn,parm,1,0,0.09104239653398105,3,-0.09104239653398105,TRUE
parametric,12,4,Categorical,C2,F1,svmlinsyn,svm,0.8684012032309887,0.12196760541945231,0.108307756013571,3,0.013659849405881316,FALSE
parametric,12,4,Categorical,C2,Specificity,bnlinsyn,bn,0.9092801770630378,0.08718799378976058,0.023845439389481648,3,0.06334255440027893,FALSE
parametric,12,4,Categorical,C2,Specificity,cartlinsyn,cart,0.9596104866723999,0.028071788613857153,0.01698355921986432,3,0.011088229393992833,FALSE
parametric,12,4,Categorical,C2,Specificity,parmlinsyn,parm,1,0,0.026549206580122504,3,-0.026549206580122504,TRUE
parametric,12,4,Categorical,C2,Specificity,svmlinsyn,svm,0.9624831350096726,0.03152042473247489,0.03306269863486756,3,-0.0015422739023926713,FALSE
parametric,12,4,Categorical,C4,Accuracy,bnlinsyn,bn,0.8575367687025054,0.12546826445376397,0.036533188907260504,3,0.08893507554650346,FALSE
parametric,12,4,Categorical,C4,Accuracy,cartlinsyn,cart,0.9177894716144676,0.06379546962575414,0.03596707971384741,3,0.027828389911906726,FALSE
parametric,12,4,Categorical,C4,Accuracy,parmlinsyn,parm,1,0,0.04262800422658886,3,-0.04262800422658886,TRUE
parametric,12,4,Categorical,C4,Accuracy,svmlinsyn,svm,0.9474540562959454,0.04947581260222733,0.03684646083111433,3,0.012629351771113004,FALSE
parametric,12,4,Categorical,C4,F1,bnlinsyn,bn,0.850123494566925,0.13488534643190397,0.04067377306165437,3,0.0942115733702496,FALSE
parametric,12,4,Categorical,C4,F1,cartlinsyn,cart,0.9120846896413961,0.0724832429934151,0.04261248570095243,3,0.029870757292462677,FALSE
parametric,12,4,Categorical,C4,F1,parmlinsyn,parm,1,0,0.04509001780078706,3,-0.04509001780078706,TRUE
parametric,12,4,Categorical,C4,F1,svmlinsyn,svm,0.9410834030825512,0.05755412614111366,0.026024684083613,3,0.03152944205750066,FALSE
parametric,12,4,Categorical,C4,Specificity,bnlinsyn,bn,0.919663297318755,0.06969742085535051,0.028084303523022793,3,0.04161311733232771,FALSE
parametric,12,4,Categorical,C4,Specificity,cartlinsyn,cart,0.9454192764748489,0.04955294244253343,0.030759260208929332,3,0.018793682233604097,FALSE
parametric,12,4,Categorical,C4,Specificity,parmlinsyn,parm,1,0,0.025831713016996185,3,-0.025831713016996185,TRUE
parametric,12,4,Categorical,C4,Specificity,svmlinsyn,svm,0.9579432821182096,-0.03647491769248605,-0.025038065904911637,3,-0.011436851787574413,FALSE
parametric,12,4,Categorical,C6,Accuracy,bnlinsyn,bn,0.9547214150297332,0.03900889319414256,0.007941207768868619,3,0.03106768542527394,FALSE
parametric,12,4,Categorical,C6,Accuracy,cartlinsyn,cart,0.9710266470776461,0.015113924084365871,0.00513709113237187,3,0.009976832951994,FALSE
parametric,12,4,Categorical,C6,Accuracy,parmlinsyn,parm,1,0,0.007327928340247298,3,-0.007327928340247298,TRUE
parametric,12,4,Categorical,C6,Accuracy,svmlinsyn,svm,0.9928432430363608,0.005806548928499055,-0.03694660327071153,3,0.04275315219921059,FALSE
parametric,12,4,Categorical,C6,F1,bnlinsyn,bn,0.9313220331161126,0.05292926351823422,0.007238172808779831,3,0.04569109070945439,FALSE
parametric,12,4,Categorical,C6,F1,cartlinsyn,cart,0.9728503711904937,0.01385835539171365,0.010462078166142988,3,0.0033962772255706625,FALSE
parametric,12,4,Categorical,C6,F1,parmlinsyn,parm,1,0,0.012789240205493761,3,-0.012789240205493761,TRUE
parametric,12,4,Categorical,C6,F1,svmlinsyn,svm,0.9937956153764999,-1.609796225332527e-5,-0.06385678163603557,3,0.06384068367378225,FALSE
parametric,12,4,Categorical,C6,Specificity,bnlinsyn,bn,1,-0.006849805170027557,0.0049795057387473475,3,-0.011829310908774905,FALSE
parametric,12,4,Categorical,C6,Specificity,cartlinsyn,cart,0.94269395738341355,0.024049652473731697,-0.010524498394919061,3,0.03457415086865076,FALSE
parametric,12,4,Categorical,C6,Specificity,parmlinsyn,parm,0.9730580492803146,0.013534011840715699,0.0018462904069004383,3,0.01168772143381526,FALSE
parametric,12,4,Categorical,C6,Specificity,svmlinsyn,svm,0.9604876971857557,0.03573248854323352,0.0017924175245317582,3,0.033940071018701765,FALSE
parametric,12,4,Continuous,X2,MAE,cartlinsyn,cart,0.035105584415598766,0.7680808242302248,0.394389271083705,2,0.37369155314651986,FALSE
parametric,12,4,Continuous,X2,MAE,parmlinsyn,parm,1,0,7.331248997867849e-4,2,-7.331248997867849e-4,TRUE
parametric,12,4,Continuous,X2,MAE,svmlinsyn,svm,0.20234180641433816,0.7976581935856618,0.3530734291191174,2,0.44458476446654444,FALSE
parametric,12,4,Continuous,X2,RMSE,cartlinsyn,cart,0.034468428728824795,0.7777676901110245,0.41614969400445934,2,0.3616179961065652,FALSE
parametric,12,4,Continuous,X2,RMSE,parmlinsyn,parm,1,0,0.005445796891104317,2,-0.005445796891104317,TRUE
parametric,12,4,Continuous,X2,RMSE,svmlinsyn,svm,0.1632806333143596,0.8367193666856404,0.34730295502960506,2,0.48941641165603533,FALSE
parametric,12,4,Continuous,X2,R_squared,cartlinsyn,cart,0.0011886960104147868,0.6581931638550305,0.48216085589655977,2,0.1760323079584707,FALSE
parametric,12,4,Continuous,X2,R_squared,parmlinsyn,parm,1,0,0.0018531410073232856,2,-0.0018531410073232856,TRUE
parametric,12,4,Continuous,X2,R_squared,svmlinsyn,svm,0.026305574284059382,0.9736944257159407,0.258924731865351,2,0.7147696938505896,FALSE
parametric,12,4,Continuous,X4,MAE,cartlinsyn,cart,0.050224834312671045,0.8554563058474557,0.31359074886178323,2,0.5418655569856725,FALSE
parametric,12,4,Continuous,X4,MAE,parmlinsyn,parm,1,0,1.268524302073616e-4,2,-1.268524302073616e-4,TRUE
parametric,12,4,Continuous,X4,MAE,svmlinsyn,svm,0.36538405989018613,0.587661170782194,0.17983930297994463,2,0.4078218678022494,FALSE
parametric,12,4,Continuous,X4,RMSE,cartlinsyn,cart,0.04987305195466742,0.8656360980766691,0.3598167532627289,2,0.5058193448139402,FALSE
parametric,12,4,Continuous,X4,RMSE,parmlinsyn,parm,1,0,0.0024526019077093252,2,-0.0024526019077093252,TRUE
parametric,12,4,Continuous,X4,RMSE,svmlinsyn,svm,0.2781404040806601,0.6548580603345769,0.1820008656003405,2,0.47285719473423643,FALSE
parametric,12,4,Continuous,X4,R_squared,cartlinsyn,cart,0.0024894725813084306,0.8352349379143228,0.45929121222922514,2,0.37594372568509765,FALSE
parametric,12,4,Continuous,X4,R_squared,parmlinsyn,parm,1,0,0.001271109283499656,2,-0.001271109283499656,TRUE
parametric,12,4,Continuous,X4,R_squared,svmlinsyn,svm,0.07662764682079991,0.7927288203322271,0.08441834647143032,2,0.7083104738607968,FALSE
parametric,12,4,Continuous,X6,MAE,cartlinsyn,cart,0.029439852944358757,0.8555250545101649,0.4110844791755393,2,0.4444405753346256,FALSE
parametric,12,4,Continuous,X6,MAE,parmlinsyn,parm,1,0,-5.773896425775683e-4,2,5.773896425775683e-4,TRUE
parametric,12,4,Continuous,X6,MAE,svmlinsyn,svm,0.16092408444933282,0.8295451599596785,0.45407235662688444,2,0.37547280333279404,FALSE
parametric,12,4,Continuous,X6,RMSE,cartlinsyn,cart,0.029174438542127527,0.8617715402974078,0.4259772091533899,2,0.4357943311440179,FALSE
parametric,12,4,Continuous,X6,RMSE,parmlinsyn,parm,1,0,8.212102232645266e-4,2,-8.212102232645266e-4,TRUE
parametric,12,4,Continuous,X6,RMSE,svmlinsyn,svm,0.13363683469939833,0.8564855425234205,0.45470542946812126,2,0.4017801130552992,FALSE
parametric,12,4,Continuous,X6,R_squared,cartlinsyn,cart,8.519726122037199e-4,0.7925765260149578,0.4765899857271726,2,0.31598654028778517,FALSE
parametric,12,4,Continuous,X6,R_squared,parmlinsyn,parm,1,0,2.7850112680307114e-4,2,-2.7850112680307114e-4,TRUE
parametric,12,4,Continuous,X6,R_squared,svmlinsyn,svm,0.01755156491900883,0.9634614869903806,0.4399980036116928,2,0.5234634833786878,FALSE
parametric,12,5,Categorical,C2,Accuracy,bnlinsyn,bn,0.8663462477537642,0.1263621158200158,0.047162482428434335,3,0.07919963339158147,FALSE
parametric,12,5,Categorical,C2,Accuracy,cartlinsyn,cart,0.910348403776869,0.07434813414673576,0.040857196562719876,3,0.03349093758401588,FALSE
parametric,12,5,Categorical,C2,Accuracy,parmlinsyn,parm,1,0,0.04963520256654573,3,-0.04963520256654573,TRUE
parametric,12,5,Categorical,C2,Accuracy,svmlinsyn,svm,0.9391449620425809,-0.021002506948403443,-0.01674318433883847,3,-0.004259322609564974,FALSE
parametric,12,5,Categorical,C2,F1,bnlinsyn,bn,0.8208022052611452,0.17354485393010738,0.06714452386913491,3,0.10640033006097246,FALSE
parametric,12,5,Categorical,C2,F1,cartlinsyn,cart,0.876558173716525,0.10995522249178373,0.058908873517389604,3,0.051046348974394126,FALSE
parametric,12,5,Categorical,C2,F1,parmlinsyn,parm,1,0,0.07448546520667047,3,-0.07448546520667047,TRUE
parametric,12,5,Categorical,C2,F1,svmlinsyn,svm,0.9084609882513491,0.008318758114924774,0.005786584010310097,3,0.002532174104614676,FALSE
parametric,12,5,Categorical,C2,Specificity,bnlinsyn,bn,0.9413812705108068,0.05664063318685901,0.02251057764038848,3,0.03413005554647053,FALSE
parametric,12,5,Categorical,C2,Specificity,cartlinsyn,cart,0.9574917431413669,0.03766760557802571,0.02003422428854013,3,0.01763338128948558,FALSE
parametric,12,5,Categorical,C2,Specificity,parmlinsyn,parm,1,0,0.024517026619357937,3,-0.024517026619357937,TRUE
parametric,12,5,Categorical,C2,Specificity,svmlinsyn,svm,0.9691625346756892,-0.016715893832004093,-0.021479309421842025,3,0.004763415589837932,FALSE
parametric,12,5,Categorical,C4,Accuracy,bnlinsyn,bn,0.9160438289628021,0.07982300180763369,0.027133045868967632,3,0.05268995593866606,FALSE
parametric,12,5,Categorical,C4,Accuracy,cartlinsyn,cart,0.9404060632754219,0.044514741166346815,0.02166261233248489,3,0.022852128833861923,FALSE
parametric,12,5,Categorical,C4,Accuracy,parmlinsyn,parm,1,0,0.025712463516816435,3,-0.025712463516816435,TRUE
parametric,12,5,Categorical,C4,Accuracy,svmlinsyn,svm,0.9715095662713157,0.01846374136740623,-0.025125970247557222,3,0.04358971161496345,FALSE
parametric,12,5,Categorical,C4,F1,bnlinsyn,bn,0.8769869265898225,0.11848311311814193,0.03811771846287236,3,0.08036539465526957,FALSE
parametric,12,5,Categorical,C4,F1,cartlinsyn,cart,0.9189144801408455,0.06506416420022328,0.03296882842451697,3,0.03209533577570631,FALSE
parametric,12,5,Categorical,C4,F1,parmlinsyn,parm,1,0,0.036893774639498875,3,-0.036893774639498875,TRUE
parametric,12,5,Categorical,C4,F1,svmlinsyn,svm,0.9581094134334033,0.028238514501969413,-0.04996796819951286,3,0.07820648270148227,FALSE
parametric,12,5,Categorical,C4,Specificity,bnlinsyn,bn,0.9380643708746157,0.05893413774343674,0.019319343562636638,3,0.039614794180800106,FALSE
parametric,12,5,Categorical,C4,Specificity,cartlinsyn,cart,0.9575788719576189,0.035189479097330036,0.01710766565712133,3,0.018081813440208705,FALSE
parametric,12,5,Categorical,C4,Specificity,parmlinsyn,parm,1,0,0.01942545720086637,3,-0.01942545720086637,TRUE
parametric,12,5,Categorical,C4,Specificity,svmlinsyn,svm,0.9784441048400402,0.015908491665406754,2.008278272918491e-4,3,0.015707663838114904,FALSE
parametric,12,5,Categorical,C6,Accuracy,bnlinsyn,bn,0.882935499511335,0.1127657388250047,0.03835478649009378,3,0.07441095233491091,FALSE
parametric,12,5,Categorical,C6,Accuracy,cartlinsyn,cart,0.9124627608824785,0.06840516207646814,0.0047766385052103065,3,0.06362852357125784,FALSE
parametric,12,5,Categorical,C6,Accuracy,parmlinsyn,parm,1,0,0.014985657338362879,3,-0.014985657338362879,TRUE
parametric,12,5,Categorical,C6,Accuracy,svmlinsyn,svm,0.9652693428767134,0.029654259979605115,0.02448470155846895,3,0.005169558421136165,FALSE
parametric,12,5,Categorical,C6,F1,bnlinsyn,bn,0.8631517755002104,0.13553598575480114,0.044155993902071144,3,0.09137999185272999,FALSE
parametric,12,5,Categorical,C6,F1,cartlinsyn,cart,0.8836927855929299,0.09343989696754565,0.007552347976939134,3,0.08588754899060652,FALSE
parametric,12,5,Categorical,C6,F1,parmlinsyn,parm,1,0,0.010435512921217619,3,-0.010435512921217619,TRUE
parametric,12,5,Categorical,C6,F1,svmlinsyn,svm,0.9584439214533595,0.03686404979805078,0.03052492880234666,3,0.00633912099570412,FALSE
parametric,12,5,Categorical,C6,Specificity,bnlinsyn,bn,0.9727761603947197,0.027223839605280298,0.0065698164616096785,3,0.020654023143670618,FALSE
parametric,12,5,Categorical,C6,Specificity,cartlinsyn,cart,0.9714621856015524,0.02537641679194309,0.0013524013003626636,3,0.024024015491580425,FALSE
parametric,12,5,Categorical,C6,Specificity,parmlinsyn,parm,1,0,-0.002552037381719911,3,0.002552037381719911,TRUE
parametric,12,5,Categorical,C6,Specificity,svmlinsyn,svm,0.9931176334319193,0.005903526609071697,-0.0013359047050562607,3,0.007239431314127957,FALSE
parametric,12,5,Continuous,X2,MAE,cartlinsyn,cart,0.704013494172361,0.17438054696690278,0.034159081885003426,2,0.14022146508189937,FALSE
parametric,12,5,Continuous,X2,MAE,parmlinsyn,parm,1,0,0.04547918667130388,2,-0.04547918667130388,TRUE
parametric,12,5,Continuous,X2,MAE,svmlinsyn,svm,0.9284172470455585,-0.42406917431321817,-0.2734439532990339,2,-0.15062522101418424,FALSE
parametric,12,5,Continuous,X2,RMSE,cartlinsyn,cart,0.7008686787044975,0.17999231353355152,0.036718623334922075,2,0.14327369019862946,FALSE
parametric,12,5,Continuous,X2,RMSE,parmlinsyn,parm,1,0,0.04860495974503577,2,-0.04860495974503577,TRUE
parametric,12,5,Continuous,X2,RMSE,svmlinsyn,svm,0.9200440461085758,-0.3811945371017442,-0.26714228582204713,2,-0.11405225127969709,FALSE
parametric,12,5,Continuous,X2,R_squared,cartlinsyn,cart,0.4916980156074873,0.28381176846688266,0.06969343296669431,2,0.21411833550018836,FALSE
parametric,12,5,Continuous,X2,R_squared,parmlinsyn,parm,1,0,0.08060233840584727,2,-0.08060233840584727,TRUE
parametric,12,5,Continuous,X2,R_squared,svmlinsyn,svm,0.8479749095768284,-0.5563454983239567,-0.23192175122045577,2,-0.32442374710350097,FALSE
parametric,12,5,Continuous,X4,MAE,cartlinsyn,cart,0.46274902579591337,0.2497863453294889,0.029761645949925163,2,0.22002469937956373,FALSE
parametric,12,5,Continuous,X4,MAE,parmlinsyn,parm,1,0,0.022311250470910354,2,-0.022311250470910354,TRUE
parametric,12,5,Continuous,X4,MAE,svmlinsyn,svm,0.9375532734945455,-0.05812630950498665,-0.13050386938568018,2,0.07237755988069353,FALSE
parametric,12,5,Continuous,X4,RMSE,cartlinsyn,cart,0.45900873275005677,0.2585183309303895,0.042240609281077604,2,0.21627772164931192,FALSE
parametric,12,5,Continuous,X4,RMSE,parmlinsyn,parm,1,0,0.03050522582400601,2,-0.03050522582400601,TRUE
parametric,12,5,Continuous,X4,RMSE,svmlinsyn,svm,0.9091083921819274,0.016393293756962257,-0.11874451533075993,2,0.1351378090877222,FALSE
parametric,12,5,Continuous,X4,R_squared,cartlinsyn,cart,0.21092325342565493,0.30375198034474316,0.08004686114985332,2,0.22370511919488983,FALSE
parametric,12,5,Continuous,X4,R_squared,parmlinsyn,parm,1,0,0.04994445159415106,2,-0.04994445159415106,TRUE
parametric,12,5,Continuous,X4,R_squared,svmlinsyn,svm,0.8267421672610876,0.03421266925993791,-0.08083629902646018,2,0.1150489682863981,FALSE
parametric,12,5,Continuous,X6,MAE,cartlinsyn,cart,0.6196605059240287,0.279279894489218,0.07363735623170584,2,0.20564253825751214,FALSE
parametric,12,5,Continuous,X6,MAE,parmlinsyn,parm,1,0,0.1237567302334027,2,-0.1237567302334027,TRUE
parametric,12,5,Continuous,X6,MAE,svmlinsyn,svm,0.839319820809351,0.16068017919064903,-0.10574450275637343,2,0.26642468194702246,FALSE
parametric,12,5,Continuous,X6,RMSE,cartlinsyn,cart,0.618351743674135,0.28472797744190376,0.07330238362775468,2,0.21142559381414908,FALSE
parametric,12,5,Continuous,X6,RMSE,parmlinsyn,parm,1,0,0.12183264931871005,2,-0.12183264931871005,TRUE
parametric,12,5,Continuous,X6,RMSE,svmlinsyn,svm,0.8404205771672814,0.15957942283271864,-0.11252911899303174,2,0.2721085418257504,FALSE
parametric,12,5,Continuous,X6,R_squared,cartlinsyn,cart,0.3822611070217788,0.4331868753465034,0.13373043827517014,2,0.2994564370713333,FALSE
parametric,12,5,Continuous,X6,R_squared,parmlinsyn,parm,1,0,0.1979710669574007,2,-0.1979710669574007,TRUE
parametric,12,5,Continuous,X6,R_squared,svmlinsyn,svm,0.7068250618509465,0.2931749381490535,-0.16352726397576256,2,0.45670220212481605,FALSE
parametric,18,1,Categorical,C3,Accuracy,bnlinsyn,bn,0.7769174618393169,0.20239353301944324,0.09596664978941823,3,0.10642688323002501,FALSE
parametric,18,1,Categorical,C3,Accuracy,cartlinsyn,cart,0.823561558331221,0.15285982041663693,0.08970844457540489,3,0.06315137584123204,FALSE
parametric,18,1,Categorical,C3,Accuracy,parmlinsyn,parm,1,0,0.11844276156870587,3,-0.11844276156870587,TRUE
parametric,18,1,Categorical,C3,Accuracy,svmlinsyn,svm,0.8567006636960496,0.14317554328587664,0.09778292689413602,3,0.04539261639174062,FALSE
parametric,18,1,Categorical,C3,F1,bnlinsyn,bn,0.7808097481523811,0.20026763000798375,0.09641750532199414,3,0.10385012468598961,FALSE
parametric,18,1,Categorical,C3,F1,cartlinsyn,cart,0.8208893221693091,0.15154195469622903,0.0898095992293909,3,0.061732355466838126,FALSE
parametric,18,1,Categorical,C3,F1,parmlinsyn,parm,1,0,0.10736787219422511,3,-0.10736787219422511,TRUE
parametric,18,1,Categorical,C3,F1,svmlinsyn,svm,0.8559985044201455,0.14323767138200896,0.0936281591686627,3,0.049609512213346266,FALSE
parametric,18,1,Categorical,C3,Specificity,bnlinsyn,bn,0.8972605597280126,0.09738297892162817,0.05162232819659596,3,0.045760650725032215,FALSE
parametric,18,1,Categorical,C3,Specificity,cartlinsyn,cart,0.9066439468671086,0.0777454630188296,0.047993079200519206,3,0.0297523838183104,FALSE
parametric,18,1,Categorical,C3,Specificity,parmlinsyn,parm,1,0,0.058565337957705646,3,-0.058565337957705646,TRUE
parametric,18,1,Categorical,C3,Specificity,svmlinsyn,svm,0.9244726314921454,0.07503633486781032,0.03640571485124692,3,0.0386306200165634,FALSE
parametric,18,1,Categorical,C6,Accuracy,bnlinsyn,bn,0.7781394783319129,0.21402531648305345,0.06841088628618834,3,0.1456144301968651,FALSE
parametric,18,1,Categorical,C6,Accuracy,cartlinsyn,cart,0.859318876296151,0.1276078978713335,0.05535286121612054,3,0.07225503665521296,FALSE
parametric,18,1,Categorical,C6,Accuracy,parmlinsyn,parm,1,0,0.06898715339089308,3,-0.06898715339089308,TRUE
parametric,18,1,Categorical,C6,Accuracy,svmlinsyn,svm,0.9234889049798418,0.07651109502015818,0.0834900402224209,3,-0.006978945202262721,FALSE
parametric,18,1,Categorical,C6,F1,bnlinsyn,bn,0.7123360085752267,0.26077835038143865,0.06978880067283377,3,0.19098954970860488,FALSE
parametric,18,1,Categorical,C6,F1,cartlinsyn,cart,0.8347064408993442,0.14782489249731448,0.06403863872498043,3,0.08378625377233405,FALSE
parametric,18,1,Categorical,C6,F1,parmlinsyn,parm,1,0,0.08282801111105012,3,-0.08282801111105012,TRUE
parametric,18,1,Categorical,C6,F1,svmlinsyn,svm,0.9101456138586933,0.0898543861413067,0.11410137450232892,3,-0.024246988361022223,FALSE
parametric,18,1,Categorical,C6,Specificity,bnlinsyn,bn,0.9246695357084886,0.06927095066266593,0.018371988898882526,3,0.050898961763783404,FALSE
parametric,18,1,Categorical,C6,Specificity,cartlinsyn,cart,0.9571070839317909,0.03689431283079388,0.01672788900378971,3,0.020166423827004166,FALSE
parametric,18,1,Categorical,C6,Specificity,parmlinsyn,parm,1,0,0.020078418548935245,3,-0.020078418548935245,TRUE
parametric,18,1,Categorical,C6,Specificity,svmlinsyn,svm,0.9759778290035401,0.02402217099645987,0.022963334252873106,3,0.0010588367435867621,FALSE
parametric,18,1,Categorical,C9,Accuracy,bnlinsyn,bn,0.8192582281170748,0.18074177188292517,0.03013571766049459,3,0.1506060542224306,FALSE
parametric,18,1,Categorical,C9,Accuracy,cartlinsyn,cart,0.8952387560537877,0.10293152915441546,0.027803558659794003,3,0.07512797049462146,FALSE
parametric,18,1,Categorical,C9,Accuracy,parmlinsyn,parm,1,0,0.007094793807774662,3,-0.007094793807774662,TRUE
parametric,18,1,Categorical,C9,Accuracy,svmlinsyn,svm,0.9728784545513554,0.014218363698120084,0.01986351642302487,3,-0.005645152724904786,FALSE
parametric,18,1,Categorical,C9,F1,bnlinsyn,bn,0.7782062835152346,0.22179371648476542,0.028206014329721148,3,0.19358770215504428,FALSE
parametric,18,1,Categorical,C9,F1,cartlinsyn,cart,0.8767040362724308,0.12091709278048952,0.028953626292448326,3,0.0919634664880412,FALSE
parametric,18,1,Categorical,C9,F1,parmlinsyn,parm,1,0,0.011198139551859635,3,-0.011198139551859635,TRUE
parametric,18,1,Categorical,C9,F1,svmlinsyn,svm,0.9662878312999993,0.0092962147452047,0.007246856832683801,3,0.0020493579125209,FALSE
parametric,18,1,Categorical,C9,Specificity,bnlinsyn,bn,0.9482393840211254,0.0508919970393759,0.008564482297057988,3,0.04232751474231791,FALSE
parametric,18,1,Categorical,C9,Specificity,cartlinsyn,cart,0.9715620219699417,0.028172426609268175,0.006749447244120344,3,0.02142297936514783,FALSE
parametric,18,1,Categorical,C9,Specificity,parmlinsyn,parm,1,0,0.00224686746857156,3,-0.00224686746857156,TRUE
parametric,18,1,Categorical,C9,Specificity,svmlinsyn,svm,0.9904113520470513,0.0017215642967752577,-0.0033214708487190546,3,0.005043035145494312,FALSE
parametric,18,1,Continuous,X3,MAE,cartlinsyn,cart,0.32188840651212675,0.5176124585089215,0.04982304481253634,2,0.4677894136963851,FALSE
parametric,18,1,Continuous,X3,MAE,parmlinsyn,parm,1,0,0.011945567669489659,2,-0.011945567669489659,TRUE
parametric,18,1,Continuous,X3,MAE,svmlinsyn,svm,0.8952812171305446,0.09308858472093973,0.10807814523704447,2,-0.014989560516104741,FALSE
parametric,18,1,Continuous,X3,RMSE,cartlinsyn,cart,0.3217355458138829,0.5179679017518916,0.0597724999203339,2,0.45819540183155766,FALSE
parametric,18,1,Continuous,X3,RMSE,parmlinsyn,parm,1,0,0.013790204259940007,2,-0.013790204259940007,TRUE
parametric,18,1,Continuous,X3,RMSE,svmlinsyn,svm,0.8689131872179717,0.11986170358184793,0.10384717420524665,2,0.016014529376601278,FALSE
parametric,18,1,Continuous,X3,R_squared,cartlinsyn,cart,0.10348629322545626,0.6015455830719189,0.11158825353848134,2,0.4899573295334375,FALSE
parametric,18,1,Continuous,X3,R_squared,parmlinsyn,parm,1,0,0.020511642125664295,2,-0.020511642125664295,TRUE
parametric,18,1,Continuous,X3,R_squared,svmlinsyn,svm,0.7549566316925843,0.22367382665907712,0.08842280205153617,2,0.13525102460754096,FALSE
parametric,18,1,Continuous,X6,MAE,cartlinsyn,cart,0.11573305795799298,0.5885063381236584,0.13545919125799394,2,0.45304714686566444,FALSE
parametric,18,1,Continuous,X6,MAE,parmlinsyn,parm,1,0,1.8942778656531875e-4,2,-1.8942778656531875e-4,TRUE
parametric,18,1,Continuous,X6,MAE,svmlinsyn,svm,0.7238969860036569,0.2440497820589344,0.19324530407378865,2,0.05080447798514576,FALSE
parametric,18,1,Continuous,X6,RMSE,cartlinsyn,cart,0.11483826452397693,0.5904117486880471,0.18148091668538563,2,0.4089308320026615,FALSE
parametric,18,1,Continuous,X6,RMSE,parmlinsyn,parm,1,0,-0.002062373782924834,2,0.002062373782924834,TRUE
parametric,18,1,Continuous,X6,RMSE,svmlinsyn,svm,0.6277311496141568,0.3344083575913645,0.19533899665631593,2,0.13906936093504857,FALSE
parametric,18,1,Continuous,X6,R_squared,cartlinsyn,cart,0.013188917338442605,0.48414392576111576,0.29426410280424936,2,0.1898798229568664,FALSE
parametric,18,1,Continuous,X6,R_squared,parmlinsyn,parm,1,0,-0.0032890418007567716,2,0.0032890418007567716,TRUE
parametric,18,1,Continuous,X6,R_squared,svmlinsyn,svm,0.3938527805462282,0.5320089090692958,0.12122475560894048,2,0.4107841534603553,FALSE
parametric,18,1,Continuous,X9,MAE,cartlinsyn,cart,0.22455727651550084,0.6889129234233495,0.09299491757418826,2,0.5959180058491613,FALSE
parametric,18,1,Continuous,X9,MAE,parmlinsyn,parm,1,0,0.0072074938169902625,2,-0.0072074938169902625,TRUE
parametric,18,1,Continuous,X9,MAE,svmlinsyn,svm,0.7963745194424661,0.19431660055663846,0.18969248053301824,2,0.004624120023620226,FALSE
parametric,18,1,Continuous,X9,RMSE,cartlinsyn,cart,0.22329329862286598,0.6889951444506015,0.1315755594821506,2,0.5574195849684509,FALSE
parametric,18,1,Continuous,X9,RMSE,parmlinsyn,parm,1,0,0.011798715185308147,2,-0.011798715185308147,TRUE
parametric,18,1,Continuous,X9,RMSE,svmlinsyn,svm,0.7123676690073831,0.2794033221540419,0.19147604507285965,2,0.08792727708118225,FALSE
parametric,18,1,Continuous,X9,R_squared,cartlinsyn,cart,0.049862997660705,0.7822013782265744,0.2225840900149039,2,0.5596172882116706,FALSE
parametric,18,1,Continuous,X9,R_squared,parmlinsyn,parm,1,0,0.01681138298725028,2,-0.01681138298725028,TRUE
parametric,18,1,Continuous,X9,R_squared,svmlinsyn,svm,0.5071156783895447,0.4775860897788552,0.15887368839766533,2,0.31871240138118984,FALSE
parametric,18,2,Categorical,C3,Accuracy,bnlinsyn,bn,0.815758428849532,0.1738035785915181,0.09159079372268937,3,0.08221278486882873,FALSE
parametric,18,2,Categorical,C3,Accuracy,cartlinsyn,cart,0.8386779911192911,0.13027024132498624,0.08334167659405074,3,0.0469285647309355,FALSE
parametric,18,2,Categorical,C3,Accuracy,parmlinsyn,parm,1,0,0.1154338951764301,3,-0.1154338951764301,TRUE
parametric,18,2,Categorical,C3,Accuracy,svmlinsyn,svm,0.8781618242621724,0.11654767305334202,0.03456824240467657,3,0.08197943064866545,FALSE
parametric,18,2,Categorical,C3,F1,bnlinsyn,bn,0.7763278484686016,0.1926760393128405,0.10460697825836764,3,0.08806906105447286,FALSE
parametric,18,2,Categorical,C3,F1,cartlinsyn,cart,0.8131788454419572,0.14699290464567244,0.09633551384117181,3,0.05065739080450063,FALSE
parametric,18,2,Categorical,C3,F1,parmlinsyn,parm,1,0,0.13080694753430738,3,-0.13080694753430738,TRUE
parametric,18,2,Categorical,C3,F1,svmlinsyn,svm,0.8580712730661854,0.13768096366445182,0.05825242586064446,3,0.07942853780380735,FALSE
parametric,18,2,Categorical,C3,Specificity,bnlinsyn,bn,0.8730811993598263,0.11026936251223884,0.05924605802272242,3,0.051023304489516426,FALSE
parametric,18,2,Categorical,C3,Specificity,cartlinsyn,cart,0.8921370275991602,0.08749568078713957,0.055799291685355,3,0.031696389101784565,FALSE
parametric,18,2,Categorical,C3,Specificity,parmlinsyn,parm,1,0,0.07526137142686429,3,-0.07526137142686429,TRUE
parametric,18,2,Categorical,C3,Specificity,svmlinsyn,svm,0.9177949828920874,0.08091985927853533,0.06264854320534759,3,0.018271316073187743,FALSE
parametric,18,2,Categorical,C6,Accuracy,bnlinsyn,bn,0.8296056294135886,0.15027748497399282,0.05421565307758309,3,0.09606183189640974,FALSE
parametric,18,2,Categorical,C6,Accuracy,cartlinsyn,cart,0.87705752014437,0.09158731421209784,0.0263559285968205,3,0.06523138561527735,FALSE
parametric,18,2,Categorical,C6,Accuracy,parmlinsyn,parm,1,0,0.036271871974330065,3,-0.036271871974330065,TRUE
parametric,18,2,Categorical,C6,Accuracy,svmlinsyn,svm,0.9524772426238628,-0.11867705933381698,-0.031143536010271217,3,-0.08753352332354576,FALSE
parametric,18,2,Categorical,C6,F1,bnlinsyn,bn,0.8162140902598712,0.16156355816004103,0.04889431772237873,3,0.1126692404376623,FALSE
parametric,18,2,Categorical,C6,F1,cartlinsyn,cart,0.8746438076441357,0.09180061220887765,0.020388395709099318,3,0.07141221649977833,FALSE
parametric,18,2,Categorical,C6,F1,parmlinsyn,parm,1,0,0.03354032469554463,3,-0.03354032469554463,TRUE
parametric,18,2,Categorical,C6,F1,svmlinsyn,svm,0.9525268171373525,-0.12904476068115578,-0.019474020832660244,3,-0.10957073984849554,FALSE
parametric,18,2,Categorical,C6,Specificity,bnlinsyn,bn,0.9225925838448953,0.06988876793888436,0.024761395056921653,3,0.04512737288196271,FALSE
parametric,18,2,Categorical,C6,Specificity,cartlinsyn,cart,0.9444276760217227,0.04227617800479326,0.012889545734032249,3,0.029386632270761014,FALSE
parametric,18,2,Categorical,C6,Specificity,parmlinsyn,parm,1,0,0.018888107764589254,3,-0.018888107764589254,TRUE
parametric,18,2,Categorical,C6,Specificity,svmlinsyn,svm,0.9783181549141081,-0.11453886800384883,-0.11937919993435651,3,0.004840331930507688,FALSE
parametric,18,2,Categorical,C9,Accuracy,bnlinsyn,bn,0.8238041052283951,0.1761958947716049,0.020511617755217128,3,0.1556842770163878,FALSE
parametric,18,2,Categorical,C9,Accuracy,cartlinsyn,cart,0.8927374301675978,0.06922284558265701,0.02232866973403181,3,0.0468941758486252,FALSE
parametric,18,2,Categorical,C9,Accuracy,parmlinsyn,parm,1,0,0.01958965068190798,3,-0.01958965068190798,TRUE
parametric,18,2,Categorical,C9,Accuracy,svmlinsyn,svm,0.9890751086281813,-0.0016958646060029503,0.013707893247219119,3,-0.01540375785322207,FALSE
parametric,18,2,Categorical,C9,F1,bnlinsyn,bn,0.7642110016804806,0.23578899831951938,0.015861628967838506,3,0.2199273693516809,FALSE
parametric,18,2,Categorical,C9,F1,cartlinsyn,cart,0.8848221402040893,0.0737944537467439,0.027899512093988735,3,0.045894941652755164,FALSE
parametric,18,2,Categorical,C9,F1,parmlinsyn,parm,1,0,0.029988770047395884,3,-0.029988770047395884,TRUE
parametric,18,2,Categorical,C9,F1,svmlinsyn,svm,0.9878332782346225,-0.004263180667948663,0.027244518812160435,3,-0.0315076994801091,FALSE
parametric,18,2,Categorical,C9,Specificity,bnlinsyn,bn,0.8867004683608607,0.1132995316391393,0.0132227373370242,3,0.10007679430211511,FALSE
parametric,18,2,Categorical,C9,Specificity,cartlinsyn,cart,0.9397771157979148,0.03834392483154003,0.013841672631101054,3,0.02450225220043898,FALSE
parametric,18,2,Categorical,C9,Specificity,parmlinsyn,parm,1,0,0.013635266854597193,3,-0.013635266854597193,TRUE
parametric,18,2,Categorical,C9,Specificity,svmlinsyn,svm,0.993187092719656,0.0036427995095770884,0.03618716086344592,3,-0.03254436135386883,FALSE
parametric,18,2,Continuous,X3,MAE,cartlinsyn,cart,0.35142780719574723,0.3787667933036363,0.04185455387583235,2,0.3369122394278039,FALSE
parametric,18,2,Continuous,X3,MAE,parmlinsyn,parm,1,0,0.008552190881338545,2,-0.008552190881338545,TRUE
parametric,18,2,Continuous,X3,MAE,svmlinsyn,svm,0.8960636984513011,0.07160281835084274,0.007575746153155744,2,0.064027072197687,FALSE
parametric,18,2,Continuous,X3,RMSE,cartlinsyn,cart,0.3469709383819201,0.38468458794459287,0.07675176487383065,2,0.3079328230707622,FALSE
parametric,18,2,Continuous,X3,RMSE,parmlinsyn,parm,1,0,0.022602055152779087,2,-0.022602055152779087,TRUE
parametric,18,2,Continuous,X3,RMSE,svmlinsyn,svm,0.8112491362241612,0.15017430224066872,0.007371285292023006,2,0.14280301694864572,FALSE
parametric,18,2,Continuous,X3,R_squared,cartlinsyn,cart,0.12068909225113954,0.4146833389308077,0.13737921879456397,2,0.2773041201362437,FALSE
parametric,18,2,Continuous,X3,R_squared,parmlinsyn,parm,1,0,0.03541965395664758,2,-0.03541965395664758,TRUE
parametric,18,2,Continuous,X3,R_squared,svmlinsyn,svm,0.6569497378803786,0.2677956336396061,0.005101562137068101,2,0.26269407150253804,FALSE
parametric,18,2,Continuous,X6,MAE,cartlinsyn,cart,0.39728897136616564,0.3147266895249087,0.031802589228353405,2,0.2829241002965553,FALSE
parametric,18,2,Continuous,X6,MAE,parmlinsyn,parm,1,0,0.0077273845646198495,2,-0.0077273845646198495,TRUE
parametric,18,2,Continuous,X6,MAE,svmlinsyn,svm,0.9292308747416917,0.04338759036708488,0.03386376752553356,2,0.009523822841551323,FALSE
parametric,18,2,Continuous,X6,RMSE,cartlinsyn,cart,0.39759086619056044,0.3170763930880111,0.04459650790427646,2,0.27247988518373467,FALSE
parametric,18,2,Continuous,X6,RMSE,parmlinsyn,parm,1,0,0.007130729811239589,2,-0.007130729811239589,TRUE
parametric,18,2,Continuous,X6,RMSE,svmlinsyn,svm,0.8932551682514944,0.07645517069915667,0.0354717603936142,2,0.040983410305542464,FALSE
parametric,18,2,Continuous,X6,R_squared,cartlinsyn,cart,0.15803805401650678,0.3527241352625911,0.08420475998062758,2,0.2685193752819635,FALSE
parametric,18,2,Continuous,X6,R_squared,parmlinsyn,parm,1,0,0.009307014052544799,2,-0.009307014052544799,TRUE
parametric,18,2,Continuous,X6,R_squared,svmlinsyn,svm,0.7980588551229855,0.1427083394540687,0.03074940849128232,2,0.11195893096278636,FALSE
parametric,18,2,Continuous,X9,MAE,cartlinsyn,cart,0.35467158196358706,0.5728343550954825,0.042242360678531835,2,0.5305919944169507,FALSE
parametric,18,2,Continuous,X9,MAE,parmlinsyn,parm,1,0,0.013464517859856561,2,-0.013464517859856561,TRUE
parametric,18,2,Continuous,X9,MAE,svmlinsyn,svm,0.9117980225063517,0.08105208274597413,0.08109891827895556,2,-4.683553298143184e-5,FALSE
parametric,18,2,Continuous,X9,RMSE,cartlinsyn,cart,0.35392381464187256,0.5770964977288608,0.05450886242393231,2,0.5225876353049286,FALSE
parametric,18,2,Continuous,X9,RMSE,parmlinsyn,parm,1,0,0.014575917942762119,2,-0.014575917942762119,TRUE
parametric,18,2,Continuous,X9,RMSE,svmlinsyn,svm,0.8889257540372603,0.10285676666595349,0.08178897524662701,2,0.02106779141932648,FALSE
parametric,18,2,Continuous,X9,R_squared,cartlinsyn,cart,0.12522886169681,0.7407522070532001,0.10307303232373968,2,0.6376791747294605,FALSE
parametric,18,2,Continuous,X9,R_squared,parmlinsyn,parm,1,0,0.023268793923504658,2,-0.023268793923504658,TRUE
parametric,18,2,Continuous,X9,R_squared,svmlinsyn,svm,0.789962711548157,0.19432068585887494,0.07064377189201075,2,0.12367691396686419,FALSE
parametric,18,3,Categorical,C3,Accuracy,bnlinsyn,bn,0.7663383909714315,0.228931640980321,0.08976856698866972,3,0.1391630739916513,FALSE
parametric,18,3,Categorical,C3,Accuracy,cartlinsyn,cart,0.8347719042069334,0.13706654145236916,0.08259177729815875,3,0.0544747641542104,FALSE
parametric,18,3,Categorical,C3,Accuracy,parmlinsyn,parm,1,0,0.11579956012758423,3,-0.11579956012758423,TRUE
parametric,18,3,Categorical,C3,Accuracy,svmlinsyn,svm,0.8872762432085456,0.10704980970610749,0.06627675976263915,3,0.04077304994346834,FALSE
parametric,18,3,Categorical,C3,F1,bnlinsyn,bn,0.712580641986457,0.24203671165812138,0.07971495012292538,3,0.162321761535196,FALSE
parametric,18,3,Categorical,C3,F1,cartlinsyn,cart,0.8238036562662339,0.1503625872002289,0.08958459809069168,3,0.06077798910953723,FALSE
parametric,18,3,Categorical,C3,F1,parmlinsyn,parm,1,0,0.1266587200333026,3,-0.1266587200333026,TRUE
parametric,18,3,Categorical,C3,F1,svmlinsyn,svm,0.8804172353954891,0.1062922735680674,0.070651235167499,3,0.03564103840056841,FALSE
parametric,18,3,Categorical,C3,Specificity,bnlinsyn,bn,0.8610158017885038,0.1295651090249637,0.04610037048265617,3,0.08346473854230754,FALSE
parametric,18,3,Categorical,C3,Specificity,cartlinsyn,cart,0.9113425198156422,0.07938434616504828,0.0452113340492461,3,0.034173012115802176,FALSE
parametric,18,3,Categorical,C3,Specificity,parmlinsyn,parm,1,0,0.0625522857793806,3,-0.0625522857793806,TRUE
parametric,18,3,Categorical,C3,Specificity,svmlinsyn,svm,0.9386883948465506,0.0570970020367124,0.051177889175129374,3,0.005919112861583024,FALSE
parametric,18,3,Categorical,C6,Accuracy,bnlinsyn,bn,0.8351442952360034,0.1258995344029799,0.06691212435959663,3,0.05898741004338327,FALSE
parametric,18,3,Categorical,C6,Accuracy,cartlinsyn,cart,0.869560238204306,0.09865264618043665,0.050386329600585776,3,0.04826631657985087,FALSE
parametric,18,3,Categorical,C6,Accuracy,parmlinsyn,parm,1,-0.0014141852602719718,0.060392580596864205,3,-0.061806765857136174,FALSE
parametric,18,3,Categorical,C6,Accuracy,svmlinsyn,svm,0.9163994502977554,0.06595390019067934,0.026044560826590176,3,0.039909339364089164,FALSE
parametric,18,3,Categorical,C6,F1,bnlinsyn,bn,0.8504425364587042,0.11645487500022884,0.06759693599348453,3,0.048857939006744316,FALSE
parametric,18,3,Categorical,C6,F1,cartlinsyn,cart,0.8647090788513828,0.09669991296255187,0.055009286491554024,3,0.041690626470997846,FALSE
parametric,18,3,Categorical,C6,F1,parmlinsyn,parm,1,-0.0014404843047062022,0.0649028533696545,3,-0.0663433376743607,FALSE
parametric,18,3,Categorical,C6,F1,svmlinsyn,svm,0.9140242870318152,0.059926626491122036,-0.0029070640066613342,3,0.06283369049778337,FALSE
parametric,18,3,Categorical,C6,Specificity,bnlinsyn,bn,0.7595205909843142,0.165850324301749,0.05034139046658106,3,0.11550893383516794,FALSE
parametric,18,3,Categorical,C6,Specificity,cartlinsyn,cart,0.8670432326743429,0.11624796647359255,0.043104833568820014,3,0.07314313290477253,FALSE
parametric,18,3,Categorical,C6,Specificity,parmlinsyn,parm,1,-0.002390640417962664,0.06998265678875794,3,-0.0723732972067206,FALSE
parametric,18,3,Categorical,C6,Specificity,svmlinsyn,svm,0.9098414077775364,0.08342429841114127,0.10037975881161647,3,-0.0169554604004752,FALSE
parametric,18,3,Categorical,C9,Accuracy,bnlinsyn,bn,0.799919054626116,0.200080945373884,0.027332324410517597,3,0.1727486209633664,FALSE
parametric,18,3,Categorical,C9,Accuracy,cartlinsyn,cart,0.8936018614917107,0.10304580186789644,0.028615705224284582,3,0.07443009664361186,FALSE
parametric,18,3,Categorical,C9,Accuracy,parmlinsyn,parm,1,0,0.006631915466271028,3,-0.006631915466271028,TRUE
parametric,18,3,Categorical,C9,Accuracy,svmlinsyn,svm,0.966510689219429,0.011653113268081428,-0.015371218352585451,3,0.027024331620666878,FALSE
parametric,18,3,Categorical,C9,F1,bnlinsyn,bn,0.7844940792349597,0.21550592076504027,0.028281495098559196,3,0.18722442566648106,FALSE
parametric,18,3,Categorical,C9,F1,cartlinsyn,cart,0.8780339119032287,0.11684559741634595,0.03097722397507654,3,0.08586837344126941,FALSE
parametric,18,3,Categorical,C9,F1,parmlinsyn,parm,1,0,0.008053147558565047,3,-0.008053147558565047,TRUE
parametric,18,3,Categorical,C9,F1,svmlinsyn,svm,0.9604060497448457,0.01627982432584809,-0.03306223214601646,3,0.04934205647186455,FALSE
parametric,18,3,Categorical,C9,Specificity,bnlinsyn,bn,0.9519179760004249,0.047694182280306016,0.007174430746721675,3,0.04051975153358434,FALSE
parametric,18,3,Categorical,C9,Specificity,cartlinsyn,cart,0.9728645020263635,0.02624668529047054,0.005733793259422604,3,0.020512892031047933,FALSE
parametric,18,3,Categorical,C9,Specificity,parmlinsyn,parm,1,0,0.0011193979329270798,3,-0.0011193979329270798,TRUE
parametric,18,3,Categorical,C9,Specificity,svmlinsyn,svm,0.9902766313581727,0.005217269136997915,0.0034866138104680277,3,0.0017306553265298871,FALSE
parametric,18,3,Continuous,X3,MAE,cartlinsyn,cart,0.6706321913990683,0.11135459392868836,0.02841677775374133,2,0.08293781617494703,FALSE
parametric,18,3,Continuous,X3,MAE,parmlinsyn,parm,1,0,0.030750114623032312,2,-0.030750114623032312,TRUE
parametric,18,3,Continuous,X3,MAE,svmlinsyn,svm,0.936121479119769,0.01878244646147902,-0.21256193679771745,2,0.23134438325919648,FALSE
parametric,18,3,Continuous,X3,RMSE,cartlinsyn,cart,0.6654234343653203,0.11465588435823706,0.029641710043785963,2,0.0850141743144511,FALSE
parametric,18,3,Continuous,X3,RMSE,parmlinsyn,parm,1,0,0.034259303226933796,2,-0.034259303226933796,TRUE
parametric,18,3,Continuous,X3,RMSE,svmlinsyn,svm,0.9277475506322745,0.006369139952704872,-0.20954038905045216,2,0.21590952900315705,FALSE
parametric,18,3,Continuous,X3,R_squared,cartlinsyn,cart,0.4427985298711935,0.16569230497936913,0.05651716881107246,2,0.10917513616829666,FALSE
parametric,18,3,Continuous,X3,R_squared,parmlinsyn,parm,1,0,0.056412671964345684,2,-0.056412671964345684,TRUE
parametric,18,3,Continuous,X3,R_squared,svmlinsyn,svm,0.8611061519670018,0.010606322081517993,-0.19104880306759084,2,0.20165512514910883,FALSE
parametric,18,3,Continuous,X6,MAE,cartlinsyn,cart,0.6649983126164579,0.23838346831272886,0.03527389261325958,2,0.20310957569946927,FALSE
parametric,18,3,Continuous,X6,MAE,parmlinsyn,parm,1,0,0.0364456642288067,2,-0.0364456642288067,TRUE
parametric,18,3,Continuous,X6,MAE,svmlinsyn,svm,0.9236086218859685,0.05733529895970022,-0.17227881164967865,2,0.22961411060937886,FALSE
parametric,18,3,Continuous,X6,RMSE,cartlinsyn,cart,0.6645607043462451,0.24070270242800848,0.039796751350941385,2,0.2009059510770671,FALSE
parametric,18,3,Continuous,X6,RMSE,parmlinsyn,parm,1,0,0.03785198967443695,2,-0.03785198967443695,TRUE
parametric,18,3,Continuous,X6,RMSE,svmlinsyn,svm,0.9124194873059521,0.0708283410161608,-0.1694842251167093,2,0.2403125661328701,FALSE
parametric,18,3,Continuous,X6,R_squared,cartlinsyn,cart,0.44153869607486246,0.37811383068024984,0.07554973640313277,2,0.30256409427711706,FALSE
parametric,18,3,Continuous,X6,R_squared,parmlinsyn,parm,1,0,0.06199528834700033,2,-0.06199528834700033,TRUE
parametric,18,3,Continuous,X6,R_squared,svmlinsyn,svm,0.8333638903812951,0.13414588882869716,-0.16776391276559163,2,0.3019098015942888,FALSE
parametric,18,3,Continuous,X9,MAE,cartlinsyn,cart,0.41648342472682925,0.512988470557344,0.03911282477361526,2,0.4738756457837287,FALSE
parametric,18,3,Continuous,X9,MAE,parmlinsyn,parm,1,0,0.01796062019387134,2,-0.01796062019387134,TRUE
parametric,18,3,Continuous,X9,MAE,svmlinsyn,svm,0.9152567148121058,0.06838705006621056,-0.03492421740562181,2,0.10331126747183236,FALSE
parametric,18,3,Continuous,X9,RMSE,cartlinsyn,cart,0.41727932864470474,0.5098889618515151,0.054496747874519545,2,0.4553922139769956,FALSE
parametric,18,3,Continuous,X9,RMSE,parmlinsyn,parm,1,0,0.027135133870318073,2,-0.027135133870318073,TRUE
parametric,18,3,Continuous,X9,RMSE,svmlinsyn,svm,0.8780343433364408,0.09816349338150117,-0.03491984893799683,2,0.133083342319498,FALSE
parametric,18,3,Continuous,X9,R_squared,cartlinsyn,cart,0.1743854020530708,0.6854255481673526,0.10143590546032766,2,0.5839896427070249,FALSE
parametric,18,3,Continuous,X9,R_squared,parmlinsyn,parm,1,0,0.04328693357088059,2,-0.04328693357088059,TRUE
parametric,18,3,Continuous,X9,R_squared,svmlinsyn,svm,0.7713835054256731,0.18205351221252675,-0.026844118104288398,2,0.20889763031681513,FALSE
parametric,18,4,Categorical,C3,Accuracy,bnlinsyn,bn,0.6717693128543725,0.3233562195100085,0.05660744784145697,3,0.2667487716685515,FALSE
parametric,18,4,Categorical,C3,Accuracy,cartlinsyn,cart,0.8586420725996255,0.10260931236792654,0.03256021884765172,3,0.07004909352027483,FALSE
parametric,18,4,Categorical,C3,Accuracy,parmlinsyn,parm,1,0,0.017666418158077478,3,-0.017666418158077478,TRUE
parametric,18,4,Categorical,C3,Accuracy,svmlinsyn,svm,0.9542299823860452,0.04577001761395483,0.12880075490622095,3,-0.08303073729226612,FALSE
parametric,18,4,Categorical,C3,F1,bnlinsyn,bn,0.6583225312063555,0.3372180753832209,0.060198548789073,3,0.2770195265941479,FALSE
parametric,18,4,Categorical,C3,F1,cartlinsyn,cart,0.8549327737978073,0.10661443527773089,0.022059553806516214,3,0.08455488147121468,FALSE
parametric,18,4,Categorical,C3,F1,parmlinsyn,parm,1,0,0.012462327753654471,3,-0.012462327753654471,TRUE
parametric,18,4,Categorical,C3,F1,svmlinsyn,svm,0.9527081372406117,0.04394626706867906,0.12807723512869115,3,-0.08413096806001209,FALSE
parametric,18,4,Categorical,C3,Specificity,bnlinsyn,bn,0.9361167546550668,0.061226936607149084,0.011035998268624033,3,0.05019093833852505,FALSE
parametric,18,4,Categorical,C3,Specificity,cartlinsyn,cart,0.9699866020835513,0.02376132761594545,0.006234389956569383,3,0.017526937659376067,FALSE
parametric,18,4,Categorical,C3,Specificity,parmlinsyn,parm,1,0,0.0021968606835439442,3,-0.0021968606835439442,TRUE
parametric,18,4,Categorical,C3,Specificity,svmlinsyn,svm,0.9904907669364863,0.0076794112724034806,0.01407534967941467,3,-0.006395938407011189,FALSE
parametric,18,4,Categorical,C6,Accuracy,bnlinsyn,bn,0.8365504515855293,0.16344954841447068,0.05495162384489588,3,0.1084979245695748,FALSE
parametric,18,4,Categorical,C6,Accuracy,cartlinsyn,cart,0.8620259963140343,0.1301051112127734,0.061540820378028514,3,0.06856429083474488,FALSE
parametric,18,4,Categorical,C6,Accuracy,parmlinsyn,parm,1,0,0.03867289939312724,3,-0.03867289939312724,TRUE
parametric,18,4,Categorical,C6,Accuracy,svmlinsyn,svm,0.929128004012287,0.06502344511960137,0.05205347422644687,3,0.012969970893154499,FALSE
parametric,18,4,Categorical,C6,F1,bnlinsyn,bn,0.7958107308269823,0.20418926917301772,0.06175420858371877,3,0.14243506058929895,FALSE
parametric,18,4,Categorical,C6,F1,cartlinsyn,cart,0.8301535715733195,0.15431415063511472,0.07288499162784884,3,0.08142915900726588,FALSE
parametric,18,4,Categorical,C6,F1,parmlinsyn,parm,1,0,0.0434348633000131,3,-0.0434348633000131,TRUE
parametric,18,4,Categorical,C6,F1,svmlinsyn,svm,0.9145485868415852,0.07751466256380737,0.06950067994334501,3,0.008013982620462365,FALSE
parametric,18,4,Categorical,C6,Specificity,bnlinsyn,bn,0.9387629765879224,0.06091807234022719,0.016882574220205598,3,0.044035498120021596,FALSE
parametric,18,4,Categorical,C6,Specificity,cartlinsyn,cart,0.9511472926638279,0.045852735284324764,0.020370838272167527,3,0.025481897012157237,FALSE
parametric,18,4,Categorical,C6,Specificity,parmlinsyn,parm,1,0,0.01257165751487798,3,-0.01257165751487798,TRUE
parametric,18,4,Categorical,C6,Specificity,svmlinsyn,svm,0.9765806169814198,0.01674345853152399,0.009859140869642641,3,0.006884317661881349,FALSE
parametric,18,4,Categorical,C9,Accuracy,bnlinsyn,bn,0.8922154580364927,0.08926216636731113,0.022659302815476807,3,0.06660286355183433,FALSE
parametric,18,4,Categorical,C9,Accuracy,cartlinsyn,cart,0.9428550104322393,0.0314304200429131,0.01854513249617248,3,0.012885287546740617,FALSE
parametric,18,4,Categorical,C9,Accuracy,parmlinsyn,parm,1,0,0.016263949698811685,3,-0.016263949698811685,TRUE
parametric,18,4,Categorical,C9,Accuracy,svmlinsyn,svm,0.9799246932436639,0.006051373519235281,0.006638712034293966,3,-5.873385150586847e-4,FALSE
parametric,18,4,Categorical,C9,F1,bnlinsyn,bn,0.8835231365924817,0.09173652214964341,0.023649309777933433,3,0.06808721237170998,FALSE
parametric,18,4,Categorical,C9,F1,cartlinsyn,cart,0.939877287435857,0.03461441452830414,0.020146713052329762,3,0.014467701475974377,FALSE
parametric,18,4,Categorical,C9,F1,parmlinsyn,parm,1,0,0.01755553710887927,3,-0.01755553710887927,TRUE
parametric,18,4,Categorical,C9,F1,svmlinsyn,svm,0.979057548026967,9.878368319728326e-4,6.711993297296697e-4,3,3.166375022431629e-4,FALSE
parametric,18,4,Categorical,C9,Specificity,bnlinsyn,bn,0.9361809013473961,0.05329602902137283,0.013628270520385207,3,0.039667758500987624,FALSE
parametric,18,4,Categorical,C9,Specificity,cartlinsyn,cart,0.9667268878129213,0.021722634887072247,0.011604841054502695,3,0.010117793832569551,FALSE
parametric,18,4,Categorical,C9,Specificity,parmlinsyn,parm,1,0,0.008854115706533916,3,-0.008854115706533916,TRUE
parametric,18,4,Categorical,C9,Specificity,svmlinsyn,svm,0.9886893487826431,0.003005529623551895,0.008527294803510183,3,-0.005521765179958288,FALSE
parametric,18,4,Continuous,X3,MAE,cartlinsyn,cart,0.1641923315456368,0.599249164243696,0.09640860294654588,2,0.5028405612971502,FALSE
parametric,18,4,Continuous,X3,MAE,parmlinsyn,parm,1,0,0.005526822761683844,2,-0.005526822761683844,TRUE
parametric,18,4,Continuous,X3,MAE,svmlinsyn,svm,0.7979662277630747,0.19712429514136215,0.35268508393198644,2,-0.1555607887906243,FALSE
parametric,18,4,Continuous,X3,RMSE,cartlinsyn,cart,0.1653376750979071,0.5970640585068516,0.11648124233466503,2,0.48058281617218657,FALSE
parametric,18,4,Continuous,X3,RMSE,parmlinsyn,parm,1,0,-0.025864873065278023,2,0.025864873065278023,TRUE
parametric,18,4,Continuous,X3,RMSE,svmlinsyn,svm,0.7533438298275899,0.24034206840931185,0.3517974928198123,2,-0.11145542441050046,FALSE
parametric,18,4,Continuous,X3,R_squared,cartlinsyn,cart,0.027339607222923144,0.5539439513033784,0.20309652779409215,2,0.3508474235092862,FALSE
parametric,18,4,Continuous,X3,R_squared,parmlinsyn,parm,1,0,-0.03833060361351639,2,0.03833060361351639,TRUE
parametric,18,4,Continuous,X3,R_squared,svmlinsyn,svm,0.567055733223512,0.4213724519181104,0.3639306931742415,2,0.05744175874386892,FALSE
parametric,18,4,Continuous,X6,MAE,cartlinsyn,cart,0.17328157037568762,0.6522674402811178,0.06528147219351013,2,0.5869859680876077,FALSE
parametric,18,4,Continuous,X6,MAE,parmlinsyn,parm,1,0,0.001469857236945271,2,-0.001469857236945271,TRUE
parametric,18,4,Continuous,X6,MAE,svmlinsyn,svm,0.8629319862796752,0.10361672381020319,0.17365958036833898,2,-0.07004285655813579,FALSE
parametric,18,4,Continuous,X6,RMSE,cartlinsyn,cart,0.17469166467576777,0.6546856358310605,0.07840304579603113,2,0.5762825900350295,FALSE
parametric,18,4,Continuous,X6,RMSE,parmlinsyn,parm,1,0,-0.017175441701343993,2,0.017175441701343993,TRUE
parametric,18,4,Continuous,X6,RMSE,svmlinsyn,svm,0.8335899440110963,0.13088347623191712,0.17273897541519034,2,-0.04185549918327322,FALSE
parametric,18,4,Continuous,X6,R_squared,cartlinsyn,cart,0.030524621549617374,0.657508736592678,0.14269562570077654,2,0.5148131108919014,FALSE
parametric,18,4,Continuous,X6,R_squared,parmlinsyn,parm,1,0,-0.029970916082297773,2,0.029970916082297773,TRUE
parametric,18,4,Continuous,X6,R_squared,svmlinsyn,svm,0.6962527106161804,0.23497486736191053,0.12005749376170848,2,0.11491737360020206,FALSE
parametric,18,4,Continuous,X9,MAE,cartlinsyn,cart,0.20096174272394768,0.7316725915355089,0.061754749022003966,2,0.669917842513505,FALSE
parametric,18,4,Continuous,X9,MAE,parmlinsyn,parm,1,0,-0.003599584767586786,2,0.003599584767586786,TRUE
parametric,18,4,Continuous,X9,MAE,svmlinsyn,svm,0.8745156035403308,0.11206587398083154,0.2211478768243829,2,-0.10908200284355135,FALSE
parametric,18,4,Continuous,X9,RMSE,cartlinsyn,cart,0.20203150901760294,0.7317047956998924,0.0755328384549991,2,0.6561719572448933,FALSE
parametric,18,4,Continuous,X9,RMSE,parmlinsyn,parm,1,0,-0.027997595475440052,2,0.027997595475440052,TRUE
parametric,18,4,Continuous,X9,RMSE,svmlinsyn,svm,0.8439677324825464,0.141362390374614,0.2227644205754319,2,-0.08140203020081788,FALSE
parametric,18,4,Continuous,X9,R_squared,cartlinsyn,cart,0.04085365335089944,0.8310521777828264,0.13898964250372436,2,0.692062535279102,FALSE
parametric,18,4,Continuous,X9,R_squared,parmlinsyn,parm,1,0,-0.04777573300290089,2,0.04777573300290089,TRUE
parametric,18,4,Continuous,X9,R_squared,svmlinsyn,svm,0.7133051501006602,0.2586257321246994,0.18922384665623432,2,0.0694018854684651,FALSE
parametric,18,5,Categorical,C3,Accuracy,bnlinsyn,bn,0.7258825059756516,0.26462318316390515,0.0991244724689021,3,0.16549871069500305,FALSE
parametric,18,5,Categorical,C3,Accuracy,cartlinsyn,cart,0.8008338180212521,0.1564440893627527,0.09411402083655444,3,0.062330068526198254,FALSE
parametric,18,5,Categorical,C3,Accuracy,parmlinsyn,parm,1,0,0.09576739549599085,3,-0.09576739549599085,TRUE
parametric,18,5,Categorical,C3,Accuracy,svmlinsyn,svm,0.8748028829868438,0.1238392095314026,0.12729563856760606,3,-0.0034564290362034678,FALSE
parametric,18,5,Categorical,C3,F1,bnlinsyn,bn,0.6795652871720073,0.3066834032907209,0.11432036000575763,3,0.1923630432849633,FALSE
parametric,18,5,Categorical,C3,F1,cartlinsyn,cart,0.7690273903590582,0.17218924436118024,0.10488985955636031,3,0.06729938480481994,FALSE
parametric,18,5,Categorical,C3,F1,parmlinsyn,parm,1,0,0.10591370184124252,3,-0.10591370184124252,TRUE
parametric,18,5,Categorical,C3,F1,svmlinsyn,svm,0.8452088422960701,0.14617705816548648,0.1431094662841906,3,0.003067591881295878,FALSE
parametric,18,5,Categorical,C3,Specificity,bnlinsyn,bn,0.9345659778151503,0.06208243768341211,0.024138935234407244,3,0.037943502449004865,FALSE
parametric,18,5,Categorical,C3,Specificity,cartlinsyn,cart,0.951008536570975,0.03876385808803558,0.02300150750350547,3,0.015762350584530106,FALSE
parametric,18,5,Categorical,C3,Specificity,parmlinsyn,parm,1,0,0.023717695648721764,3,-0.023717695648721764,TRUE
parametric,18,5,Categorical,C3,Specificity,svmlinsyn,svm,0.9669813356733327,0.029754670555249385,0.025083849847344086,3,0.0046708207079052995,FALSE
parametric,18,5,Categorical,C6,Accuracy,bnlinsyn,bn,0.7754889619008729,0.22200727621664887,0.061160534048098306,3,0.16084674216855055,FALSE
parametric,18,5,Categorical,C6,Accuracy,cartlinsyn,cart,0.8545468292543207,0.14069291362282868,0.04734772788710494,3,0.09334518573572374,FALSE
parametric,18,5,Categorical,C6,Accuracy,parmlinsyn,parm,1,0,0.03384814436714828,3,-0.03384814436714828,TRUE
parametric,18,5,Categorical,C6,Accuracy,svmlinsyn,svm,0.9428032242608891,0.04402783494561089,0.07718003506474118,3,-0.03315220011913029,FALSE
parametric,18,5,Categorical,C6,F1,bnlinsyn,bn,0.72602175255707,0.2714410793974329,0.06818842420598611,3,0.20325265519144678,FALSE
parametric,18,5,Categorical,C6,F1,cartlinsyn,cart,0.8123494718075223,0.18151864381236088,0.029769385385503947,3,0.15174925842685694,FALSE
parametric,18,5,Categorical,C6,F1,parmlinsyn,parm,1,0,0.03383080582418581,3,-0.03383080582418581,TRUE
parametric,18,5,Categorical,C6,F1,svmlinsyn,svm,0.926925580973058,0.04940501576613669,0.09198736613446552,3,-0.04258235036832883,FALSE
parametric,18,5,Categorical,C6,Specificity,bnlinsyn,bn,0.9265589221833432,0.07227881552360238,0.015631921113682664,3,0.05664689440991971,FALSE
parametric,18,5,Categorical,C6,Specificity,cartlinsyn,cart,0.9490136143579203,0.049417815181600176,0.005679553376293726,3,0.04373826180530645,FALSE
parametric,18,5,Categorical,C6,Specificity,parmlinsyn,parm,1,0,0.00845009046618684,3,-0.00845009046618684,TRUE
parametric,18,5,Categorical,C6,Specificity,svmlinsyn,svm,0.9793602236014511,0.0077122330264825624,0.015043403031840553,3,-0.007331170005357991,FALSE
parametric,18,5,Categorical,C9,Accuracy,bnlinsyn,bn,0.7216282599401124,0.2781714100150286,0.05743260137694042,3,0.22073880863808817,FALSE
parametric,18,5,Categorical,C9,Accuracy,cartlinsyn,cart,0.8362371441391087,0.11746882168540371,0.039678749282228296,3,0.07779007240317541,FALSE
parametric,18,5,Categorical,C9,Accuracy,parmlinsyn,parm,1,0,0.017486949867700875,3,-0.017486949867700875,TRUE
parametric,18,5,Categorical,C9,Accuracy,svmlinsyn,svm,0.9451718308889049,0.02657462655736016,0.05172701708929991,3,-0.02515239053193975,FALSE
parametric,18,5,Categorical,C9,F1,bnlinsyn,bn,0.6939815339084444,0.30119340373513975,0.062200199990721454,3,0.2389932037444183,FALSE
parametric,18,5,Categorical,C9,F1,cartlinsyn,cart,0.8174271256293115,0.13349626552517233,0.03362299785287145,3,0.09987326767230087,FALSE
parametric,18,5,Categorical,C9,F1,parmlinsyn,parm,1,0,0.004686556828988649,3,-0.004686556828988649,TRUE
parametric,18,5,Categorical,C9,F1,svmlinsyn,svm,0.9398867592517223,0.010846916210502423,0.019302019920252933,3,-0.00845510370975051,FALSE
parametric,18,5,Categorical,C9,Specificity,bnlinsyn,bn,0.9478413788518862,0.05031934554521762,0.009901611342322413,3,0.04041773420289521,FALSE
parametric,18,5,Categorical,C9,Specificity,cartlinsyn,cart,0.9700798803078089,0.024421550546951276,0.007143217751109332,3,0.017278332795841945,FALSE
parametric,18,5,Categorical,C9,Specificity,parmlinsyn,parm,1,0,8.487849020372289e-4,3,-8.487849020372289e-4,TRUE
parametric,18,5,Categorical,C9,Specificity,svmlinsyn,svm,0.9893772654822541,-1.8810061496672416e-4,-0.008010870164033545,3,0.007822769549066822,FALSE
parametric,18,5,Continuous,X3,MAE,cartlinsyn,cart,0.02446323703818993,0.8944620252092227,0.4154699719848301,2,0.4789920532243926,FALSE
parametric,18,5,Continuous,X3,MAE,parmlinsyn,parm,1,0,0.003254810045704357,2,-0.003254810045704357,TRUE
parametric,18,5,Continuous,X3,MAE,svmlinsyn,svm,0.16569716690293057,0.8343028330970694,0.14298321954430201,2,0.6913196135527674,FALSE
parametric,18,5,Continuous,X3,RMSE,cartlinsyn,cart,0.024342147082989388,0.8972017766550706,0.4370581973055586,2,0.460143579349512,FALSE
parametric,18,5,Continuous,X3,RMSE,parmlinsyn,parm,1,0,0.005937035488324387,2,-0.005937035488324387,TRUE
parametric,18,5,Continuous,X3,RMSE,svmlinsyn,svm,0.1179441719751865,0.8820558280248135,0.14142612563218715,2,0.7406297023926264,FALSE
parametric,18,5,Continuous,X3,R_squared,cartlinsyn,cart,5.931789926237193e-4,0.8487537572104847,0.4854400397025682,2,0.3633137175079165,FALSE
parametric,18,5,Continuous,X3,R_squared,parmlinsyn,parm,1,0,0.001502172679701599,2,-0.001502172679701599,TRUE
parametric,18,5,Continuous,X3,R_squared,svmlinsyn,svm,0.013849285922718245,0.9861507140772817,0.0035608097621741414,2,0.9825899043151076,FALSE
parametric,18,5,Continuous,X6,MAE,cartlinsyn,cart,0.0062224097114311405,0.7971570936034099,0.4814266746203514,2,0.31573041898305854,FALSE
parametric,18,5,Continuous,X6,MAE,parmlinsyn,parm,1,0,-8.641750010365969e-5,2,8.641750010365969e-5,TRUE
parametric,18,5,Continuous,X6,MAE,svmlinsyn,svm,0.03202567972142255,0.8971734756424041,0.12950106692518332,2,0.7676724087172209,FALSE
parametric,18,5,Continuous,X6,RMSE,cartlinsyn,cart,0.0061571253299391795,0.8010662816084398,0.4799950010396662,2,0.32107128056877365,FALSE
parametric,18,5,Continuous,X6,RMSE,parmlinsyn,parm,1,0,5.894587324859718e-4,2,-5.894587324859718e-4,TRUE
parametric,18,5,Continuous,X6,RMSE,svmlinsyn,svm,0.02436384839615864,0.9458150151993747,0.14958982782468436,2,0.7962251873746904,FALSE
parametric,18,5,Continuous,X6,R_squared,cartlinsyn,cart,3.7926675262973395e-5,0.6515994566982791,0.4842257775980673,2,0.16737367910021184,FALSE
parametric,18,5,Continuous,X6,R_squared,parmlinsyn,parm,1,0,2.7758385789952106e-5,2,-2.7758385789952106e-5,TRUE
parametric,18,5,Continuous,X6,R_squared,svmlinsyn,svm,5.838745946873697e-4,0.9432746595894566,0.04677507710476762,2,0.896499582484689,FALSE
parametric,18,5,Continuous,X9,MAE,cartlinsyn,cart,0.020182699454121888,0.8893672346918238,0.4247510730147502,2,0.4646161616770736,FALSE
parametric,18,5,Continuous,X9,MAE,parmlinsyn,parm,1,0,0.0014103201326123125,2,-0.0014103201326123125,TRUE
parametric,18,5,Continuous,X9,MAE,svmlinsyn,svm,0.14282169576992518,0.853935606946279,0.08590959811864106,2,0.7680260088276379,FALSE
parametric,18,5,Continuous,X9,RMSE,cartlinsyn,cart,0.020049169624568274,0.8969106232190964,0.4441629557244586,2,0.45274766749463785,FALSE
parametric,18,5,Continuous,X9,RMSE,parmlinsyn,parm,1,0,0.003716503466518411,2,-0.003716503466518411,TRUE
parametric,18,5,Continuous,X9,RMSE,svmlinsyn,svm,0.10827294371585544,0.8917270562841446,0.08264713506093017,2,0.8090799212232145,FALSE
parametric,18,5,Continuous,X9,R_squared,cartlinsyn,cart,4.0232846457134285e-4,0.8399443964767478,0.4904455468955962,2,0.34949884958115157,FALSE
parametric,18,5,Continuous,X9,R_squared,parmlinsyn,parm,1,0,8.772290179505763e-4,2,-8.772290179505763e-4,TRUE
parametric,18,5,Continuous,X9,R_squared,svmlinsyn,svm,0.011564265688560916,0.988435734311439,-0.012591589683376092,2,1.001027323994815,FALSE
