dataset,TargetType,data_type,synth_method,synth_seed,Synthesis_Model,Synth_Family,Prediction_Model,Pred_Family,Metric,Value
Adult,Categorical,original,NA,NA,original,NA,bnpred,bn,Accuracy,0.828332417254344
Adult,Categorical,original,NA,NA,original,NA,cartpred,cart,Accuracy,0.8533916080918345
Adult,Categorical,original,NA,NA,original,NA,parmpred,parm,Accuracy,0.8459652063957693
Adult,Categorical,original,NA,NA,original,NA,svmpred,svm,Accuracy,0.8468932036487207
Adult,Categorical,synthetic,bnsyn,synmc1,bnsyn,bn,bnpred,bn,Accuracy,0.8391906397578389
Adult,Categorical,synthetic,bnsyn,synmc1,bnsyn,bn,cartpred,cart,Accuracy,0.8316424013636757
Adult,Categorical,synthetic,bnsyn,synmc1,bnsyn,bn,parmpred,parm,Accuracy,0.8389693995139905
Adult,Categorical,synthetic,bnsyn,synmc1,bnsyn,bn,svmpred,svm,Accuracy,0.8295866984459038
Adult,Categorical,synthetic,bnsyn,synmc2,bnsyn,bn,bnpred,bn,Accuracy,0.841933598294077
Adult,Categorical,synthetic,bnsyn,synmc2,bnsyn,bn,cartpred,cart,Accuracy,0.8329354883243839
Adult,Categorical,synthetic,bnsyn,synmc2,bnsyn,bn,parmpred,parm,Accuracy,0.8398979243691087
Adult,Categorical,synthetic,bnsyn,synmc2,bnsyn,bn,svmpred,svm,Accuracy,0.8293547898142885
Adult,Categorical,synthetic,bnsyn,synmc3,bnsyn,bn,bnpred,bn,Accuracy,0.8447229341336165
Adult,Categorical,synthetic,bnsyn,synmc3,bnsyn,bn,cartpred,cart,Accuracy,0.8371127619929468
Adult,Categorical,synthetic,bnsyn,synmc3,bnsyn,bn,parmpred,parm,Accuracy,0.84321304113846
Adult,Categorical,synthetic,bnsyn,synmc3,bnsyn,bn,svmpred,svm,Accuracy,0.8400634540531058
Adult,Categorical,synthetic,bnsyn,synmc4,bnsyn,bn,bnpred,bn,Accuracy,0.8422995881044515
Adult,Categorical,synthetic,bnsyn,synmc4,bnsyn,bn,cartpred,cart,Accuracy,0.8321730152595737
Adult,Categorical,synthetic,bnsyn,synmc4,bnsyn,bn,parmpred,parm,Accuracy,0.8414562468316391
Adult,Categorical,synthetic,bnsyn,synmc4,bnsyn,bn,svmpred,svm,Accuracy,0.8296533356987497
Adult,Categorical,synthetic,bnsyn,synmc5,bnsyn,bn,bnpred,bn,Accuracy,0.8423446000215017
Adult,Categorical,synthetic,bnsyn,synmc5,bnsyn,bn,cartpred,cart,Accuracy,0.832935755813368
Adult,Categorical,synthetic,bnsyn,synmc5,bnsyn,bn,parmpred,parm,Accuracy,0.8405613054387717
Adult,Categorical,synthetic,bnsyn,synmc5,bnsyn,bn,svmpred,svm,Accuracy,0.8302833128195332
Adult,Categorical,synthetic,cartsyn,synmc1,cartsyn,cart,bnpred,bn,Accuracy,0.8250912609132948
Adult,Categorical,synthetic,cartsyn,synmc1,cartsyn,cart,cartpred,cart,Accuracy,0.8517341403887813
Adult,Categorical,synthetic,cartsyn,synmc1,cartsyn,cart,parmpred,parm,Accuracy,0.8423182058800383
Adult,Categorical,synthetic,cartsyn,synmc1,cartsyn,cart,svmpred,svm,Accuracy,0.8428482482069221
Adult,Categorical,synthetic,cartsyn,synmc2,cartsyn,cart,bnpred,bn,Accuracy,0.8242435516640648
Adult,Categorical,synthetic,cartsyn,synmc2,cartsyn,cart,cartpred,cart,Accuracy,0.8491480417453727
Adult,Categorical,synthetic,cartsyn,synmc2,cartsyn,cart,parmpred,parm,Accuracy,0.8411248065382266
Adult,Categorical,synthetic,cartsyn,synmc2,cartsyn,cart,svmpred,svm,Accuracy,0.8523306314800634
Adult,Categorical,synthetic,cartsyn,synmc3,cartsyn,cart,bnpred,bn,Accuracy,0.8289927337229097
Adult,Categorical,synthetic,cartsyn,synmc3,cartsyn,cart,cartpred,cart,Accuracy,0.8541873789463597
Adult,Categorical,synthetic,cartsyn,synmc3,cartsyn,cart,parmpred,parm,Accuracy,0.844406739352335
Adult,Categorical,synthetic,cartsyn,synmc3,cartsyn,cart,svmpred,svm,Accuracy,0.8452028799666611
Adult,Categorical,synthetic,cartsyn,synmc4,cartsyn,cart,bnpred,bn,Accuracy,0.8290739977010079
Adult,Categorical,synthetic,cartsyn,synmc4,cartsyn,cart,cartpred,cart,Accuracy,0.8554139605893746
Adult,Categorical,synthetic,cartsyn,synmc4,cartsyn,cart,parmpred,parm,Accuracy,0.8442079102591944
Adult,Categorical,synthetic,cartsyn,synmc4,cartsyn,cart,svmpred,svm,Accuracy,0.8479544077811939
Adult,Categorical,synthetic,cartsyn,synmc5,cartsyn,cart,bnpred,bn,Accuracy,0.8300034959920963
Adult,Categorical,synthetic,cartsyn,synmc5,cartsyn,cart,cartpred,cart,Accuracy,0.8529607329888971
Adult,Categorical,synthetic,cartsyn,synmc5,cartsyn,cart,parmpred,parm,Accuracy,0.8457994129106888
Adult,Categorical,synthetic,cartsyn,synmc5,cartsyn,cart,svmpred,svm,Accuracy,0.8585638295299812
Adult,Categorical,synthetic,parmsyn,synmc1,parmsyn,parm,bnpred,bn,Accuracy,0.8401747423694703
Adult,Categorical,synthetic,parmsyn,synmc1,parmsyn,parm,cartpred,cart,Accuracy,0.8538562277500273
Adult,Categorical,synthetic,parmsyn,synmc1,parmsyn,parm,parmpred,parm,Accuracy,0.8738811096880508
Adult,Categorical,synthetic,parmsyn,synmc1,parmsyn,parm,svmpred,svm,Accuracy,0.8637026636435062
Adult,Categorical,synthetic,parmsyn,synmc2,parmsyn,parm,bnpred,bn,Accuracy,0.835280951244881
Adult,Categorical,synthetic,parmsyn,synmc2,parmsyn,parm,cartpred,cart,Accuracy,0.8531264715154185
Adult,Categorical,synthetic,parmsyn,synmc2,parmsyn,parm,parmpred,parm,Accuracy,0.8752404656792592
Adult,Categorical,synthetic,parmsyn,synmc2,parmsyn,parm,svmpred,svm,Accuracy,0.8535565717026733
Adult,Categorical,synthetic,parmsyn,synmc3,parmsyn,parm,bnpred,bn,Accuracy,0.843236919006085
Adult,Categorical,synthetic,parmsyn,synmc3,parmsyn,parm,cartpred,cart,Accuracy,0.8583981679454424
Adult,Categorical,synthetic,parmsyn,synmc3,parmsyn,parm,parmpred,parm,Accuracy,0.8770640401311794
Adult,Categorical,synthetic,parmsyn,synmc3,parmsyn,parm,svmpred,svm,Accuracy,0.8145350494912815
Adult,Categorical,synthetic,parmsyn,synmc4,parmsyn,parm,bnpred,bn,Accuracy,0.8443049858268679
Adult,Categorical,synthetic,parmsyn,synmc4,parmsyn,parm,cartpred,cart,Accuracy,0.8577018924650057
Adult,Categorical,synthetic,parmsyn,synmc4,parmsyn,parm,parmpred,parm,Accuracy,0.8768982026792517
Adult,Categorical,synthetic,parmsyn,synmc4,parmsyn,parm,svmpred,svm,Accuracy,0.8114846626050093
Adult,Categorical,synthetic,parmsyn,synmc5,parmsyn,parm,bnpred,bn,Accuracy,0.840279699244974
Adult,Categorical,synthetic,parmsyn,synmc5,parmsyn,parm,cartpred,cart,Accuracy,0.8554139181891287
Adult,Categorical,synthetic,parmsyn,synmc5,parmsyn,parm,parmpred,parm,Accuracy,0.8749419582657892
Adult,Categorical,synthetic,parmsyn,synmc5,parmsyn,parm,svmpred,svm,Accuracy,0.8528273210868077
Adult,Categorical,synthetic,svmsyn,synmc1,svmsyn,svm,bnpred,bn,Accuracy,0.818309766788077
Adult,Categorical,synthetic,svmsyn,synmc1,svmsyn,svm,cartpred,cart,Accuracy,0.8456998444892613
Adult,Categorical,synthetic,svmsyn,synmc1,svmsyn,svm,parmpred,parm,Accuracy,0.8293878803626913
Adult,Categorical,synthetic,svmsyn,synmc1,svmsyn,svm,svmpred,svm,Accuracy,0.8353223880065476
Adult,Categorical,synthetic,svmsyn,synmc2,svmsyn,svm,bnpred,bn,Accuracy,0.809872065892698
Adult,Categorical,synthetic,svmsyn,synmc2,svmsyn,svm,cartpred,cart,Accuracy,0.838737490882375
Adult,Categorical,synthetic,svmsyn,synmc2,svmsyn,svm,parmpred,parm,Accuracy,0.8265035782418625
Adult,Categorical,synthetic,svmsyn,synmc2,svmsyn,svm,svmpred,svm,Accuracy,0.8306145004420866
Adult,Categorical,synthetic,svmsyn,synmc3,svmsyn,svm,bnpred,bn,Accuracy,0.8098744760950825
Adult,Categorical,synthetic,svmsyn,synmc3,svmsyn,svm,cartpred,cart,Accuracy,0.8365161043966408
Adult,Categorical,synthetic,svmsyn,synmc3,svmsyn,svm,parmpred,parm,Accuracy,0.8267025392173285
Adult,Categorical,synthetic,svmsyn,synmc3,svmsyn,svm,svmpred,svm,Accuracy,0.8315762147710141
Adult,Categorical,synthetic,svmsyn,synmc4,svmsyn,svm,bnpred,bn,Accuracy,0.8102506994284425
Adult,Categorical,synthetic,svmsyn,synmc4,svmsyn,svm,cartpred,cart,Accuracy,0.837212346901942
Adult,Categorical,synthetic,svmsyn,synmc4,svmsyn,svm,parmpred,parm,Accuracy,0.8255753226836836
Adult,Categorical,synthetic,svmsyn,synmc4,svmsyn,svm,svmpred,svm,Accuracy,0.8312778062829503
Adult,Categorical,synthetic,svmsyn,synmc5,svmsyn,svm,bnpred,bn,Accuracy,0.8063991479030648
Adult,Categorical,synthetic,svmsyn,synmc5,svmsyn,svm,cartpred,cart,Accuracy,0.8391682121013472
Adult,Categorical,synthetic,svmsyn,synmc5,svmsyn,svm,parmpred,parm,Accuracy,0.8291222326716763
Adult,Categorical,synthetic,svmsyn,synmc5,svmsyn,svm,svmpred,svm,Accuracy,0.8339959576880649
Adult,Categorical,original,NA,NA,original,NA,bnpred,bn,F1,0.8893809930154937
Adult,Categorical,original,NA,NA,original,NA,cartpred,cart,F1,0.9061066843827918
Adult,Categorical,original,NA,NA,original,NA,parmpred,parm,F1,0.9009840986832458
Adult,Categorical,original,NA,NA,original,NA,svmpred,svm,F1,0.9012413092343875
Adult,Categorical,synthetic,bnsyn,synmc1,bnsyn,bn,bnpred,bn,F1,0.6390348313591482
Adult,Categorical,synthetic,bnsyn,synmc1,bnsyn,bn,cartpred,cart,F1,0.8923751862543876
Adult,Categorical,synthetic,bnsyn,synmc1,bnsyn,bn,parmpred,parm,F1,0.8967748950157243
Adult,Categorical,synthetic,bnsyn,synmc1,bnsyn,bn,svmpred,svm,F1,0.8920512029250812
Adult,Categorical,synthetic,bnsyn,synmc2,bnsyn,bn,bnpred,bn,F1,0.6536105171156624
Adult,Categorical,synthetic,bnsyn,synmc2,bnsyn,bn,cartpred,cart,F1,0.8933057496151893
Adult,Categorical,synthetic,bnsyn,synmc2,bnsyn,bn,parmpred,parm,F1,0.8969677606045897
Adult,Categorical,synthetic,bnsyn,synmc2,bnsyn,bn,svmpred,svm,F1,0.8915443037736674
Adult,Categorical,synthetic,bnsyn,synmc3,bnsyn,bn,bnpred,bn,F1,0.8991679772541988
Adult,Categorical,synthetic,bnsyn,synmc3,bnsyn,bn,cartpred,cart,F1,0.8949950542792374
Adult,Categorical,synthetic,bnsyn,synmc3,bnsyn,bn,parmpred,parm,F1,0.8984996662925873
Adult,Categorical,synthetic,bnsyn,synmc3,bnsyn,bn,svmpred,svm,F1,0.897556375923363
Adult,Categorical,synthetic,bnsyn,synmc4,bnsyn,bn,bnpred,bn,F1,0.897854172474019
Adult,Categorical,synthetic,bnsyn,synmc4,bnsyn,bn,cartpred,cart,F1,0.8929825941915779
Adult,Categorical,synthetic,bnsyn,synmc4,bnsyn,bn,parmpred,parm,F1,0.8978204196811261
Adult,Categorical,synthetic,bnsyn,synmc4,bnsyn,bn,svmpred,svm,F1,0.8921192344893114
Adult,Categorical,synthetic,bnsyn,synmc5,bnsyn,bn,bnpred,bn,F1,0.8988591335873964
Adult,Categorical,synthetic,bnsyn,synmc5,bnsyn,bn,cartpred,cart,F1,0.8944162253421739
Adult,Categorical,synthetic,bnsyn,synmc5,bnsyn,bn,parmpred,parm,F1,0.8980264302889291
Adult,Categorical,synthetic,bnsyn,synmc5,bnsyn,bn,svmpred,svm,F1,0.892728071311921
Adult,Categorical,synthetic,cartsyn,synmc1,cartsyn,cart,bnpred,bn,F1,0.8861201608427188
Adult,Categorical,synthetic,cartsyn,synmc1,cartsyn,cart,cartpred,cart,F1,0.9047164816210161
Adult,Categorical,synthetic,cartsyn,synmc1,cartsyn,cart,parmpred,parm,F1,0.8990313831659067
Adult,Categorical,synthetic,cartsyn,synmc1,cartsyn,cart,svmpred,svm,F1,0.898790850030679
Adult,Categorical,synthetic,cartsyn,synmc2,cartsyn,cart,bnpred,bn,F1,0.885069492324566
Adult,Categorical,synthetic,cartsyn,synmc2,cartsyn,cart,cartpred,cart,F1,0.9036922814925309
Adult,Categorical,synthetic,cartsyn,synmc2,cartsyn,cart,parmpred,parm,F1,0.8977854404030999
Adult,Categorical,synthetic,cartsyn,synmc2,cartsyn,cart,svmpred,svm,F1,0.9039724990412674
Adult,Categorical,synthetic,cartsyn,synmc3,cartsyn,cart,bnpred,bn,F1,0.6362876966590851
Adult,Categorical,synthetic,cartsyn,synmc3,cartsyn,cart,cartpred,cart,F1,0.906572301356275
Adult,Categorical,synthetic,cartsyn,synmc3,cartsyn,cart,parmpred,parm,F1,0.9002573814487991
Adult,Categorical,synthetic,cartsyn,synmc3,cartsyn,cart,svmpred,svm,F1,0.9007150391826879
Adult,Categorical,synthetic,cartsyn,synmc4,cartsyn,cart,bnpred,bn,F1,0.8891683271110682
Adult,Categorical,synthetic,cartsyn,synmc4,cartsyn,cart,cartpred,cart,F1,0.9070287707050908
Adult,Categorical,synthetic,cartsyn,synmc4,cartsyn,cart,parmpred,parm,F1,0.9000040033781973
Adult,Categorical,synthetic,cartsyn,synmc4,cartsyn,cart,svmpred,svm,F1,0.9022671194395548
Adult,Categorical,synthetic,cartsyn,synmc5,cartsyn,cart,bnpred,bn,F1,0.8895524632221044
Adult,Categorical,synthetic,cartsyn,synmc5,cartsyn,cart,cartpred,cart,F1,0.9057198656360619
Adult,Categorical,synthetic,cartsyn,synmc5,cartsyn,cart,parmpred,parm,F1,0.9013769141540972
Adult,Categorical,synthetic,cartsyn,synmc5,cartsyn,cart,svmpred,svm,F1,0.9088143757782483
Adult,Categorical,synthetic,parmsyn,synmc1,parmsyn,parm,bnpred,bn,F1,0.8815118506420137
Adult,Categorical,synthetic,parmsyn,synmc1,parmsyn,parm,cartpred,cart,F1,0.8904733964234328
Adult,Categorical,synthetic,parmsyn,synmc1,parmsyn,parm,parmpred,parm,F1,0.905361581913495
Adult,Categorical,synthetic,parmsyn,synmc1,parmsyn,parm,svmpred,svm,F1,0.8981979729011018
Adult,Categorical,synthetic,parmsyn,synmc2,parmsyn,parm,bnpred,bn,F1,0.8762047756043492
Adult,Categorical,synthetic,parmsyn,synmc2,parmsyn,parm,cartpred,cart,F1,0.8897027104787286
Adult,Categorical,synthetic,parmsyn,synmc2,parmsyn,parm,parmpred,parm,F1,0.9064585347140883
Adult,Categorical,synthetic,parmsyn,synmc2,parmsyn,parm,svmpred,svm,F1,0.8909991740167881
Adult,Categorical,synthetic,parmsyn,synmc3,parmsyn,parm,bnpred,bn,F1,0.7664199138969003
Adult,Categorical,synthetic,parmsyn,synmc3,parmsyn,parm,cartpred,cart,F1,0.8931663025401574
Adult,Categorical,synthetic,parmsyn,synmc3,parmsyn,parm,parmpred,parm,F1,0.9077772263240023
Adult,Categorical,synthetic,parmsyn,synmc3,parmsyn,parm,svmpred,svm,F1,0.8628608353149204
Adult,Categorical,synthetic,parmsyn,synmc4,parmsyn,parm,bnpred,bn,F1,0.88479605754637
Adult,Categorical,synthetic,parmsyn,synmc4,parmsyn,parm,cartpred,cart,F1,0.8940226150555822
Adult,Categorical,synthetic,parmsyn,synmc4,parmsyn,parm,parmpred,parm,F1,0.9081613839996087
Adult,Categorical,synthetic,parmsyn,synmc4,parmsyn,parm,svmpred,svm,F1,0.862118258156868
Adult,Categorical,synthetic,parmsyn,synmc5,parmsyn,parm,bnpred,bn,F1,0.8817626190890547
Adult,Categorical,synthetic,parmsyn,synmc5,parmsyn,parm,cartpred,cart,F1,0.8923043322350817
Adult,Categorical,synthetic,parmsyn,synmc5,parmsyn,parm,parmpred,parm,F1,0.9067061254735663
Adult,Categorical,synthetic,parmsyn,synmc5,parmsyn,parm,svmpred,svm,F1,0.8907668575800333
Adult,Categorical,synthetic,svmsyn,synmc1,svmsyn,svm,bnpred,bn,F1,0.8851464510626597
Adult,Categorical,synthetic,svmsyn,synmc1,svmsyn,svm,cartpred,cart,F1,0.9021471541575272
Adult,Categorical,synthetic,svmsyn,synmc1,svmsyn,svm,parmpred,parm,F1,0.894461277276361
Adult,Categorical,synthetic,svmsyn,synmc1,svmsyn,svm,svmpred,svm,F1,0.8963084744951549
Adult,Categorical,synthetic,svmsyn,synmc2,svmsyn,svm,bnpred,bn,F1,0.8794683003315962
Adult,Categorical,synthetic,svmsyn,synmc2,svmsyn,svm,cartpred,cart,F1,0.8972540163006069
Adult,Categorical,synthetic,svmsyn,synmc2,svmsyn,svm,parmpred,parm,F1,0.8923537030480357
Adult,Categorical,synthetic,svmsyn,synmc2,svmsyn,svm,svmpred,svm,F1,0.8932267466633124
Adult,Categorical,synthetic,svmsyn,synmc3,svmsyn,svm,bnpred,bn,F1,0.5343778380969184
Adult,Categorical,synthetic,svmsyn,synmc3,svmsyn,svm,cartpred,cart,F1,0.895547719295714
Adult,Categorical,synthetic,svmsyn,synmc3,svmsyn,svm,parmpred,parm,F1,0.8929743889420083
Adult,Categorical,synthetic,svmsyn,synmc3,svmsyn,svm,svmpred,svm,F1,0.8942079703471445
Adult,Categorical,synthetic,svmsyn,synmc4,svmsyn,svm,bnpred,bn,F1,0.8801701389787898
Adult,Categorical,synthetic,svmsyn,synmc4,svmsyn,svm,cartpred,cart,F1,0.8961030044380456
Adult,Categorical,synthetic,svmsyn,synmc4,svmsyn,svm,parmpred,parm,F1,0.8915255167381352
Adult,Categorical,synthetic,svmsyn,synmc4,svmsyn,svm,svmpred,svm,F1,0.8935610257057071
Adult,Categorical,synthetic,svmsyn,synmc5,svmsyn,svm,bnpred,bn,F1,0.8774670795111352
Adult,Categorical,synthetic,svmsyn,synmc5,svmsyn,svm,cartpred,cart,F1,0.8978499088013521
Adult,Categorical,synthetic,svmsyn,synmc5,svmsyn,svm,parmpred,parm,F1,0.893968906336502
Adult,Categorical,synthetic,svmsyn,synmc5,svmsyn,svm,svmpred,svm,F1,0.8954048854714391
Adult,Categorical,original,NA,NA,original,NA,bnpred,bn,Sensitivity,0.9194989559281488
Adult,Categorical,original,NA,NA,original,NA,cartpred,cart,Sensitivity,0.9418647599587439
Adult,Categorical,original,NA,NA,original,NA,parmpred,parm,Sensitivity,0.9330802521554968
Adult,Categorical,original,NA,NA,original,NA,svmpred,svm,Sensitivity,0.9300787267306946
Adult,Categorical,synthetic,bnsyn,synmc1,bnsyn,bn,bnpred,bn,Sensitivity,0.5774048716878164
Adult,Categorical,synthetic,bnsyn,synmc1,bnsyn,bn,cartpred,cart,Sensitivity,0.926346603864082
Adult,Categorical,synthetic,bnsyn,synmc1,bnsyn,bn,parmpred,parm,Sensitivity,0.9282382026148062
Adult,Categorical,synthetic,bnsyn,synmc1,bnsyn,bn,svmpred,svm,Sensitivity,0.9344420583721372
Adult,Categorical,synthetic,bnsyn,synmc2,bnsyn,bn,bnpred,bn,Sensitivity,0.6029274301718941
Adult,Categorical,synthetic,bnsyn,synmc2,bnsyn,bn,cartpred,cart,Sensitivity,0.9290940868418289
Adult,Categorical,synthetic,bnsyn,synmc2,bnsyn,bn,parmpred,parm,Sensitivity,0.9257910242129758
Adult,Categorical,synthetic,bnsyn,synmc2,bnsyn,bn,svmpred,svm,Sensitivity,0.9317365311267922
Adult,Categorical,synthetic,bnsyn,synmc3,bnsyn,bn,bnpred,bn,Sensitivity,0.9237699121823316
Adult,Categorical,synthetic,bnsyn,synmc3,bnsyn,bn,cartpred,cart,Sensitivity,0.9260061919504644
Adult,Categorical,synthetic,bnsyn,synmc3,bnsyn,bn,parmpred,parm,Sensitivity,0.9257408226448475
Adult,Categorical,synthetic,bnsyn,synmc3,bnsyn,bn,svmpred,svm,Sensitivity,0.9346749226006192
Adult,Categorical,synthetic,bnsyn,synmc4,bnsyn,bn,bnpred,bn,Sensitivity,0.9231646126152323
Adult,Categorical,synthetic,bnsyn,synmc4,bnsyn,bn,cartpred,cart,Sensitivity,0.9323240487531808
Adult,Categorical,synthetic,bnsyn,synmc4,bnsyn,bn,parmpred,parm,Sensitivity,0.9274677412361154
Adult,Categorical,synthetic,bnsyn,synmc4,bnsyn,bn,svmpred,svm,Sensitivity,0.9377980095910292
Adult,Categorical,synthetic,bnsyn,synmc5,bnsyn,bn,bnpred,bn,Sensitivity,0.9289635390103839
Adult,Categorical,synthetic,bnsyn,synmc5,bnsyn,bn,cartpred,cart,Sensitivity,0.9382802548078433
Adult,Categorical,synthetic,bnsyn,synmc5,bnsyn,bn,parmpred,parm,Sensitivity,0.9308511036117103
Adult,Categorical,synthetic,bnsyn,synmc5,bnsyn,bn,svmpred,svm,Sensitivity,0.9363900772781846
Adult,Categorical,synthetic,cartsyn,synmc1,cartsyn,cart,bnpred,bn,Sensitivity,0.9068593733745076
Adult,Categorical,synthetic,cartsyn,synmc1,cartsyn,cart,cartpred,cart,Sensitivity,0.9376819741173295
Adult,Categorical,synthetic,cartsyn,synmc1,cartsyn,cart,parmpred,parm,Sensitivity,0.9351646768723273
Adult,Categorical,synthetic,cartsyn,synmc1,cartsyn,cart,svmpred,svm,Sensitivity,0.9294229687440265
Adult,Categorical,synthetic,cartsyn,synmc2,cartsyn,cart,bnpred,bn,Sensitivity,0.9053360172932187
Adult,Categorical,synthetic,cartsyn,synmc2,cartsyn,cart,cartpred,cart,Sensitivity,0.9465259053872255
Adult,Categorical,synthetic,cartsyn,synmc2,cartsyn,cart,parmpred,parm,Sensitivity,0.9331355479411991
Adult,Categorical,synthetic,cartsyn,synmc2,cartsyn,cart,svmpred,svm,Sensitivity,0.9295880628825031
Adult,Categorical,synthetic,cartsyn,synmc3,cartsyn,cart,bnpred,bn,Sensitivity,0.5974253035818455
Adult,Categorical,synthetic,cartsyn,synmc3,cartsyn,cart,cartpred,cart,Sensitivity,0.943491190424108
Adult,Categorical,synthetic,cartsyn,synmc3,cartsyn,cart,parmpred,parm,Sensitivity,0.9364610157378155
Adult,Categorical,synthetic,cartsyn,synmc3,cartsyn,cart,svmpred,svm,Sensitivity,0.9364613285119204
Adult,Categorical,synthetic,cartsyn,synmc4,cartsyn,cart,bnpred,bn,Sensitivity,0.9134621399784753
Adult,Categorical,synthetic,cartsyn,synmc4,cartsyn,cart,cartpred,cart,Sensitivity,0.9391640613619301
Adult,Categorical,synthetic,cartsyn,synmc4,cartsyn,cart,parmpred,parm,Sensitivity,0.9336011669426657
Adult,Categorical,synthetic,cartsyn,synmc4,cartsyn,cart,svmpred,svm,Sensitivity,0.9344402139200007
Adult,Categorical,synthetic,cartsyn,synmc5,cartsyn,cart,bnpred,bn,Sensitivity,0.9103190291166519
Adult,Categorical,synthetic,cartsyn,synmc5,cartsyn,cart,cartpred,cart,Sensitivity,0.9389598942265315
Adult,Categorical,synthetic,cartsyn,synmc5,cartsyn,cart,parmpred,parm,Sensitivity,0.9367122080211547
Adult,Categorical,synthetic,cartsyn,synmc5,cartsyn,cart,svmpred,svm,Sensitivity,0.9369325694138387
Adult,Categorical,synthetic,parmsyn,synmc1,parmsyn,parm,bnpred,bn,Sensitivity,0.903534068510458
Adult,Categorical,synthetic,parmsyn,synmc1,parmsyn,parm,cartpred,cart,Sensitivity,0.9029075587693796
Adult,Categorical,synthetic,parmsyn,synmc1,parmsyn,parm,parmpred,parm,Sensitivity,0.9167633542828457
Adult,Categorical,synthetic,parmsyn,synmc1,parmsyn,parm,svmpred,svm,Sensitivity,0.9137400876947477
Adult,Categorical,synthetic,parmsyn,synmc2,parmsyn,parm,bnpred,bn,Sensitivity,0.8861367637809479
Adult,Categorical,synthetic,parmsyn,synmc2,parmsyn,parm,cartpred,cart,Sensitivity,0.9002416079782039
Adult,Categorical,synthetic,parmsyn,synmc2,parmsyn,parm,parmpred,parm,Sensitivity,0.9185813099379131
Adult,Categorical,synthetic,parmsyn,synmc2,parmsyn,parm,svmpred,svm,Sensitivity,0.9085545344175547
Adult,Categorical,synthetic,parmsyn,synmc3,parmsyn,parm,bnpred,bn,Sensitivity,0.751671944196648
Adult,Categorical,synthetic,parmsyn,synmc3,parmsyn,parm,cartpred,cart,Sensitivity,0.899713162594787
Adult,Categorical,synthetic,parmsyn,synmc3,parmsyn,parm,parmpred,parm,Sensitivity,0.9196189318021115
Adult,Categorical,synthetic,parmsyn,synmc3,parmsyn,parm,svmpred,svm,Sensitivity,0.8869126989206674
Adult,Categorical,synthetic,parmsyn,synmc4,parmsyn,parm,bnpred,bn,Sensitivity,0.9041062266720492
Adult,Categorical,synthetic,parmsyn,synmc4,parmsyn,parm,cartpred,cart,Sensitivity,0.9076553755911463
Adult,Categorical,synthetic,parmsyn,synmc4,parmsyn,parm,parmpred,parm,Sensitivity,0.9203892408383707
Adult,Categorical,synthetic,parmsyn,synmc4,parmsyn,parm,svmpred,svm,Sensitivity,0.8911114838990181
Adult,Categorical,synthetic,parmsyn,synmc5,parmsyn,parm,bnpred,bn,Sensitivity,0.900883000665795
Adult,Categorical,synthetic,parmsyn,synmc5,parmsyn,parm,cartpred,cart,Sensitivity,0.9060322858774368
Adult,Categorical,synthetic,parmsyn,synmc5,parmsyn,parm,parmpred,parm,Sensitivity,0.9191193409760492
Adult,Categorical,synthetic,parmsyn,synmc5,parmsyn,parm,svmpred,svm,Sensitivity,0.9069338247884793
Adult,Categorical,synthetic,svmsyn,synmc1,svmsyn,svm,bnpred,bn,Sensitivity,0.9233531196138651
Adult,Categorical,synthetic,svmsyn,synmc1,svmsyn,svm,cartpred,cart,Sensitivity,0.9387032114860068
Adult,Categorical,synthetic,svmsyn,synmc1,svmsyn,svm,parmpred,parm,Sensitivity,0.9541040524605174
Adult,Categorical,synthetic,svmsyn,synmc1,svmsyn,svm,svmpred,svm,Sensitivity,0.9392282032892902
Adult,Categorical,synthetic,svmsyn,synmc2,svmsyn,svm,bnpred,bn,Sensitivity,0.9156348245350081
Adult,Categorical,synthetic,svmsyn,synmc2,svmsyn,svm,cartpred,cart,Sensitivity,0.9297374677977185
Adult,Categorical,synthetic,svmsyn,synmc2,svmsyn,svm,parmpred,parm,Sensitivity,0.9495249624458441
Adult,Categorical,synthetic,svmsyn,synmc2,svmsyn,svm,svmpred,svm,Sensitivity,0.9356034097142127
Adult,Categorical,synthetic,svmsyn,synmc3,svmsyn,svm,bnpred,bn,Sensitivity,0.45515858962353556
Adult,Categorical,synthetic,svmsyn,synmc3,svmsyn,svm,cartpred,cart,Sensitivity,0.9243516463384491
Adult,Categorical,synthetic,svmsyn,synmc3,svmsyn,svm,parmpred,parm,Sensitivity,0.9535178201819753
Adult,Categorical,synthetic,svmsyn,synmc3,svmsyn,svm,svmpred,svm,Sensitivity,0.9387817947418791
Adult,Categorical,synthetic,svmsyn,synmc4,svmsyn,svm,bnpred,bn,Sensitivity,0.924350387388987
Adult,Categorical,synthetic,svmsyn,synmc4,svmsyn,svm,cartpred,cart,Sensitivity,0.9317491749174918
Adult,Categorical,synthetic,svmsyn,synmc4,svmsyn,svm,parmpred,parm,Sensitivity,0.9513751375137514
Adult,Categorical,synthetic,svmsyn,synmc4,svmsyn,svm,svmpred,svm,Sensitivity,0.94002200220022
Adult,Categorical,synthetic,svmsyn,synmc5,svmsyn,svm,bnpred,bn,Sensitivity,0.9154220750274572
Adult,Categorical,synthetic,svmsyn,synmc5,svmsyn,svm,cartpred,cart,Sensitivity,0.9340661847005751
Adult,Categorical,synthetic,svmsyn,synmc5,svmsyn,svm,parmpred,parm,Sensitivity,0.9519405252115858
Adult,Categorical,synthetic,svmsyn,synmc5,svmsyn,svm,svmpred,svm,Sensitivity,0.9389727779832746
Adult,Categorical,original,NA,NA,original,NA,bnpred,bn,Specificity,0.554059938390221
Adult,Categorical,original,NA,NA,original,NA,cartpred,cart,Specificity,0.5864427709534079
Adult,Categorical,original,NA,NA,original,NA,parmpred,parm,Specificity,0.5831103276909934
Adult,Categorical,original,NA,NA,original,NA,svmpred,svm,Specificity,0.5958931950381947
Adult,Categorical,synthetic,bnsyn,synmc1,bnsyn,bn,bnpred,bn,Specificity,0.9248410029655401
Adult,Categorical,synthetic,bnsyn,synmc1,bnsyn,bn,cartpred,cart,Specificity,0.5421052441029977
Adult,Categorical,synthetic,bnsyn,synmc1,bnsyn,bn,parmpred,parm,Specificity,0.5660464265898894
Adult,Categorical,synthetic,bnsyn,synmc1,bnsyn,bn,svmpred,svm,Specificity,0.5090129710971987
Adult,Categorical,synthetic,bnsyn,synmc2,bnsyn,bn,bnpred,bn,Specificity,0.9204740764718908
Adult,Categorical,synthetic,bnsyn,synmc2,bnsyn,bn,cartpred,cart,Specificity,0.5400989493709352
Adult,Categorical,synthetic,bnsyn,synmc2,bnsyn,bn,parmpred,parm,Specificity,0.5783235606669508
Adult,Categorical,synthetic,bnsyn,synmc2,bnsyn,bn,svmpred,svm,Specificity,0.5175711103079603
Adult,Categorical,synthetic,bnsyn,synmc3,bnsyn,bn,bnpred,bn,Specificity,0.6082525931171366
Adult,Categorical,synthetic,bnsyn,synmc3,bnsyn,bn,cartpred,cart,Specificity,0.5709719890778879
Adult,Categorical,synthetic,bnsyn,synmc3,bnsyn,bn,parmpred,parm,Specificity,0.5961311530016086
Adult,Categorical,synthetic,bnsyn,synmc3,bnsyn,bn,svmpred,svm,Specificity,0.556805326063613
Adult,Categorical,synthetic,bnsyn,synmc4,bnsyn,bn,bnpred,bn,Specificity,0.5986655610743244
Adult,Categorical,synthetic,bnsyn,synmc4,bnsyn,bn,cartpred,cart,Specificity,0.5300932090545939
Adult,Categorical,synthetic,bnsyn,synmc4,bnsyn,bn,parmpred,parm,Specificity,0.5820239680426098
Adult,Categorical,synthetic,bnsyn,synmc4,bnsyn,bn,svmpred,svm,Specificity,0.5034620505992011
Adult,Categorical,synthetic,bnsyn,synmc5,bnsyn,bn,bnpred,bn,Specificity,0.5766046603518243
Adult,Categorical,synthetic,bnsyn,synmc5,bnsyn,bn,cartpred,cart,Specificity,0.5097114121992569
Adult,Categorical,synthetic,bnsyn,synmc5,bnsyn,bn,parmpred,parm,Specificity,0.5635276270972052
Adult,Categorical,synthetic,bnsyn,synmc5,bnsyn,bn,svmpred,svm,Specificity,0.5047211628323883
Adult,Categorical,synthetic,cartsyn,synmc1,cartsyn,cart,bnpred,bn,Specificity,0.5792851479504165
Adult,Categorical,synthetic,cartsyn,synmc1,cartsyn,cart,cartpred,cart,Specificity,0.5929521276595745
Adult,Categorical,synthetic,cartsyn,synmc1,cartsyn,cart,parmpred,parm,Specificity,0.5627659574468085
Adult,Categorical,synthetic,cartsyn,synmc1,cartsyn,cart,svmpred,svm,Specificity,0.5821808510638298
Adult,Categorical,synthetic,cartsyn,synmc2,cartsyn,cart,bnpred,bn,Specificity,0.5840560916009467
Adult,Categorical,synthetic,cartsyn,synmc2,cartsyn,cart,cartpred,cart,Specificity,0.5605190063594997
Adult,Categorical,synthetic,cartsyn,synmc2,cartsyn,cart,parmpred,parm,Specificity,0.568405615297357
Adult,Categorical,synthetic,cartsyn,synmc2,cartsyn,cart,svmpred,svm,Specificity,0.6233390440102257
Adult,Categorical,synthetic,cartsyn,synmc3,cartsyn,cart,bnpred,bn,Specificity,0.9063586357268526
Adult,Categorical,synthetic,cartsyn,synmc3,cartsyn,cart,cartpred,cart,Specificity,0.586537112863657
Adult,Categorical,synthetic,cartsyn,synmc3,cartsyn,cart,parmpred,parm,Specificity,0.5685111406615495
Adult,Categorical,synthetic,cartsyn,synmc3,cartsyn,cart,svmpred,svm,Specificity,0.5716923184952097
Adult,Categorical,synthetic,cartsyn,synmc4,cartsyn,cart,bnpred,bn,Specificity,0.5750978193146418
Adult,Categorical,synthetic,cartsyn,synmc4,cartsyn,cart,cartpred,cart,Specificity,0.6028459725023987
Adult,Categorical,synthetic,cartsyn,synmc4,cartsyn,cart,parmpred,parm,Specificity,0.5746235890402949
Adult,Categorical,synthetic,cartsyn,synmc4,cartsyn,cart,svmpred,svm,Specificity,0.587136955560694
Adult,Categorical,synthetic,cartsyn,synmc5,cartsyn,cart,bnpred,bn,Specificity,0.5863961865469209
Adult,Categorical,synthetic,cartsyn,synmc5,cartsyn,cart,cartpred,cart,Specificity,0.5918060648390664
Adult,Categorical,synthetic,cartsyn,synmc5,cartsyn,cart,parmpred,parm,Specificity,0.5697289044696064
Adult,Categorical,synthetic,cartsyn,synmc5,cartsyn,cart,svmpred,svm,Specificity,0.6205863364270907
Adult,Categorical,synthetic,parmsyn,synmc1,parmsyn,parm,bnpred,bn,Specificity,0.7182949997886133
Adult,Categorical,synthetic,parmsyn,synmc1,parmsyn,parm,cartpred,cart,Specificity,0.759476490547746
Adult,Categorical,synthetic,parmsyn,synmc1,parmsyn,parm,parmpred,parm,Specificity,0.7913717886572952
Adult,Categorical,synthetic,parmsyn,synmc1,parmsyn,parm,svmpred,svm,Specificity,0.7674260785264179
Adult,Categorical,synthetic,parmsyn,synmc2,parmsyn,parm,bnpred,bn,Specificity,0.7374763795878031
Adult,Categorical,synthetic,parmsyn,synmc2,parmsyn,parm,cartpred,cart,Specificity,0.76245685729774
Adult,Categorical,synthetic,parmsyn,synmc2,parmsyn,parm,parmpred,parm,Specificity,0.7918361618709957
Adult,Categorical,synthetic,parmsyn,synmc2,parmsyn,parm,svmpred,svm,Specificity,0.7477225871939812
Adult,Categorical,synthetic,parmsyn,synmc3,parmsyn,parm,bnpred,bn,Specificity,0.8908693779065251
Adult,Categorical,synthetic,parmsyn,synmc3,parmsyn,parm,cartpred,cart,Specificity,0.7789517786620673
Adult,Categorical,synthetic,parmsyn,synmc3,parmsyn,parm,parmpred,parm,Specificity,0.7952317408605666
Adult,Categorical,synthetic,parmsyn,synmc3,parmsyn,parm,svmpred,svm,Specificity,0.6753554224111045
Adult,Categorical,synthetic,parmsyn,synmc4,parmsyn,parm,bnpred,bn,Specificity,0.7275395036867599
Adult,Categorical,synthetic,parmsyn,synmc4,parmsyn,parm,cartpred,cart,Specificity,0.7601566324033284
Adult,Categorical,synthetic,parmsyn,synmc4,parmsyn,parm,parmpred,parm,Specificity,0.7919725893294175
Adult,Categorical,synthetic,parmsyn,synmc4,parmsyn,parm,svmpred,svm,Specificity,0.6559960841899167
Adult,Categorical,synthetic,parmsyn,synmc5,parmsyn,parm,bnpred,bn,Specificity,0.7220435633871757
Adult,Categorical,synthetic,parmsyn,synmc5,parmsyn,parm,cartpred,cart,Specificity,0.7566300086304913
Adult,Categorical,synthetic,parmsyn,synmc5,parmsyn,parm,parmpred,parm,Specificity,0.7887261931103582
Adult,Categorical,synthetic,parmsyn,synmc5,parmsyn,parm,svmpred,svm,Specificity,0.7472367580387616
Adult,Categorical,synthetic,svmsyn,synmc1,svmsyn,svm,bnpred,bn,Specificity,0.4896827766782912
Adult,Categorical,synthetic,svmsyn,synmc1,svmsyn,svm,cartpred,cart,Specificity,0.5547498059440577
Adult,Categorical,synthetic,svmsyn,synmc1,svmsyn,svm,parmpred,parm,Specificity,0.439228045929226
Adult,Categorical,synthetic,svmsyn,synmc1,svmsyn,svm,svmpred,svm,Specificity,0.5102658168467712
Adult,Categorical,synthetic,svmsyn,synmc2,svmsyn,svm,bnpred,bn,Specificity,0.47997289958504724
Adult,Categorical,synthetic,svmsyn,synmc2,svmsyn,svm,cartpred,cart,Specificity,0.5547203515495146
Adult,Categorical,synthetic,svmsyn,synmc2,svmsyn,svm,parmpred,parm,Specificity,0.4425481550373699
Adult,Categorical,synthetic,svmsyn,synmc2,svmsyn,svm,svmpred,svm,Specificity,0.5029386992070339
Adult,Categorical,synthetic,svmsyn,synmc3,svmsyn,svm,bnpred,bn,Specificity,0.9229463847443458
Adult,Categorical,synthetic,svmsyn,synmc3,svmsyn,svm,cartpred,cart,Specificity,0.5610865250547428
Adult,Categorical,synthetic,svmsyn,synmc3,svmsyn,svm,parmpred,parm,Specificity,0.4290420087795256
Adult,Categorical,synthetic,svmsyn,synmc3,svmsyn,svm,svmpred,svm,Specificity,0.49540640328089874
Adult,Categorical,synthetic,svmsyn,synmc4,svmsyn,svm,bnpred,bn,Specificity,0.4612807077383274
Adult,Categorical,synthetic,svmsyn,synmc4,svmsyn,svm,cartpred,cart,Specificity,0.548340184827646
Adult,Categorical,synthetic,svmsyn,synmc4,svmsyn,svm,parmpred,parm,Specificity,0.44117377486604337
Adult,Categorical,synthetic,svmsyn,synmc4,svmsyn,svm,svmpred,svm,Specificity,0.4989932461259229
Adult,Categorical,synthetic,svmsyn,synmc5,svmsyn,svm,bnpred,bn,Specificity,0.4669950580263163
Adult,Categorical,synthetic,svmsyn,synmc5,svmsyn,svm,cartpred,cart,Specificity,0.5438928915709644
Adult,Categorical,synthetic,svmsyn,synmc5,svmsyn,svm,parmpred,parm,Specificity,0.4469740280726389
Adult,Categorical,synthetic,svmsyn,synmc5,svmsyn,svm,svmpred,svm,Specificity,0.5073603844060707
BankMarketing,Categorical,original,NA,NA,original,NA,bnpred,bn,Accuracy,0.8936463733665547
BankMarketing,Categorical,original,NA,NA,original,NA,cartpred,cart,Accuracy,0.896041167554882
BankMarketing,Categorical,original,NA,NA,original,NA,parmpred,parm,Accuracy,0.9002442184520608
BankMarketing,Categorical,original,NA,NA,original,NA,svmpred,svm,Accuracy,0.894050506038234
BankMarketing,Categorical,synthetic,bnsyn,synmc1,bnsyn,bn,bnpred,bn,Accuracy,0.89092718844927
BankMarketing,Categorical,synthetic,bnsyn,synmc1,bnsyn,bn,cartpred,cart,Accuracy,0.8878560602356622
BankMarketing,Categorical,synthetic,bnsyn,synmc1,bnsyn,bn,parmpred,parm,Accuracy,0.8896269495917469
BankMarketing,Categorical,synthetic,bnsyn,synmc1,bnsyn,bn,svmpred,svm,Accuracy,0.8882987825746834
BankMarketing,Categorical,synthetic,bnsyn,synmc2,bnsyn,bn,bnpred,bn,Accuracy,0.8934267689034355
BankMarketing,Categorical,synthetic,bnsyn,synmc2,bnsyn,bn,cartpred,cart,Accuracy,0.8907330933860789
BankMarketing,Categorical,synthetic,bnsyn,synmc2,bnsyn,bn,parmpred,parm,Accuracy,0.8911750807120168
BankMarketing,Categorical,synthetic,bnsyn,synmc2,bnsyn,bn,svmpred,svm,Accuracy,0.8902918362002092
BankMarketing,Categorical,synthetic,bnsyn,synmc3,bnsyn,bn,bnpred,bn,Accuracy,0.8989679351733002
BankMarketing,Categorical,synthetic,bnsyn,synmc3,bnsyn,bn,cartpred,cart,Accuracy,0.9004646768955581
BankMarketing,Categorical,synthetic,bnsyn,synmc3,bnsyn,bn,parmpred,parm,Accuracy,0.9011281492468025
BankMarketing,Categorical,synthetic,bnsyn,synmc3,bnsyn,bn,svmpred,svm,Accuracy,0.8995799645233685
BankMarketing,Categorical,synthetic,bnsyn,synmc4,bnsyn,bn,bnpred,bn,Accuracy,0.8964293001711795
BankMarketing,Categorical,synthetic,bnsyn,synmc4,bnsyn,bn,cartpred,cart,Accuracy,0.8955982007529458
BankMarketing,Categorical,synthetic,bnsyn,synmc4,bnsyn,bn,parmpred,parm,Accuracy,0.8973678677944555
BankMarketing,Categorical,synthetic,bnsyn,synmc4,bnsyn,bn,svmpred,svm,Accuracy,0.8958194396909989
BankMarketing,Categorical,synthetic,bnsyn,synmc5,bnsyn,bn,bnpred,bn,Accuracy,0.8900333538508673
BankMarketing,Categorical,synthetic,bnsyn,synmc5,bnsyn,bn,cartpred,cart,Accuracy,0.8911738573145497
BankMarketing,Categorical,synthetic,bnsyn,synmc5,bnsyn,bn,parmpred,parm,Accuracy,0.890728931019171
BankMarketing,Categorical,synthetic,bnsyn,synmc5,bnsyn,bn,svmpred,svm,Accuracy,0.8907289299362788
BankMarketing,Categorical,synthetic,cartsyn,synmc1,cartsyn,cart,bnpred,bn,Accuracy,0.8851879558919219
BankMarketing,Categorical,synthetic,cartsyn,synmc1,cartsyn,cart,cartpred,cart,Accuracy,0.8942748726396943
BankMarketing,Categorical,synthetic,cartsyn,synmc1,cartsyn,cart,parmpred,parm,Accuracy,0.8880765078502375
BankMarketing,Categorical,synthetic,cartsyn,synmc1,cartsyn,cart,svmpred,svm,Accuracy,0.8838746803505257
BankMarketing,Categorical,synthetic,cartsyn,synmc2,cartsyn,cart,bnpred,bn,Accuracy,0.8830576504354491
BankMarketing,Categorical,synthetic,cartsyn,synmc2,cartsyn,cart,cartpred,cart,Accuracy,0.8960416564807119
BankMarketing,Categorical,synthetic,cartsyn,synmc2,cartsyn,cart,parmpred,parm,Accuracy,0.8880782770253752
BankMarketing,Categorical,synthetic,cartsyn,synmc2,cartsyn,cart,svmpred,svm,Accuracy,0.880555908668655
BankMarketing,Categorical,synthetic,cartsyn,synmc3,cartsyn,cart,bnpred,bn,Accuracy,0.887585941422199
BankMarketing,Categorical,synthetic,cartsyn,synmc3,cartsyn,cart,cartpred,cart,Accuracy,0.8936070503104678
BankMarketing,Categorical,synthetic,cartsyn,synmc3,cartsyn,cart,parmpred,parm,Accuracy,0.8889634772405026
BankMarketing,Categorical,synthetic,cartsyn,synmc3,cartsyn,cart,svmpred,svm,Accuracy,0.8874148046741309
BankMarketing,Categorical,synthetic,cartsyn,synmc4,cartsyn,cart,bnpred,bn,Accuracy,0.8812782448046995
BankMarketing,Categorical,synthetic,cartsyn,synmc4,cartsyn,cart,cartpred,cart,Accuracy,0.8867527444143202
BankMarketing,Categorical,synthetic,cartsyn,synmc4,cartsyn,cart,parmpred,parm,Accuracy,0.8812200564739113
BankMarketing,Categorical,synthetic,cartsyn,synmc4,cartsyn,cart,svmpred,svm,Accuracy,0.8792320840493281
BankMarketing,Categorical,synthetic,cartsyn,synmc5,cartsyn,cart,bnpred,bn,Accuracy,0.8881544299628399
BankMarketing,Categorical,synthetic,cartsyn,synmc5,cartsyn,cart,cartpred,cart,Accuracy,0.8953781299848573
BankMarketing,Categorical,synthetic,cartsyn,synmc5,cartsyn,cart,parmpred,parm,Accuracy,0.8907311333511903
BankMarketing,Categorical,synthetic,cartsyn,synmc5,cartsyn,cart,svmpred,svm,Accuracy,0.884318870549929
BankMarketing,Categorical,synthetic,parmsyn,synmc1,parmsyn,parm,bnpred,bn,Accuracy,0.8924456889823362
BankMarketing,Categorical,synthetic,parmsyn,synmc1,parmsyn,parm,cartpred,cart,Accuracy,0.891618292518314
BankMarketing,Categorical,synthetic,parmsyn,synmc1,parmsyn,parm,parmpred,parm,Accuracy,0.8984737655015342
BankMarketing,Categorical,synthetic,parmsyn,synmc1,parmsyn,parm,svmpred,svm,Accuracy,0.8889609768424044
BankMarketing,Categorical,synthetic,parmsyn,synmc2,parmsyn,parm,bnpred,bn,Accuracy,0.8888110925240102
BankMarketing,Categorical,synthetic,parmsyn,synmc2,parmsyn,parm,cartpred,cart,Accuracy,0.8889629883146727
BankMarketing,Categorical,synthetic,parmsyn,synmc2,parmsyn,parm,parmpred,parm,Accuracy,0.8905111719552145
BankMarketing,Categorical,synthetic,parmsyn,synmc2,parmsyn,parm,svmpred,svm,Accuracy,0.8827690314379308
BankMarketing,Categorical,synthetic,parmsyn,synmc3,parmsyn,parm,bnpred,bn,Accuracy,0.8935165203642442
BankMarketing,Categorical,synthetic,parmsyn,synmc3,parmsyn,parm,cartpred,cart,Accuracy,0.8920573446649339
BankMarketing,Categorical,synthetic,parmsyn,synmc3,parmsyn,parm,parmpred,parm,Accuracy,0.9013479165343508
BankMarketing,Categorical,synthetic,parmsyn,synmc3,parmsyn,parm,svmpred,svm,Accuracy,0.89360650832292
BankMarketing,Categorical,synthetic,parmsyn,synmc4,parmsyn,parm,bnpred,bn,Accuracy,0.8909825224445038
BankMarketing,Categorical,synthetic,parmsyn,synmc4,parmsyn,parm,cartpred,cart,Accuracy,0.8951532782476899
BankMarketing,Categorical,synthetic,parmsyn,synmc4,parmsyn,parm,parmpred,parm,Accuracy,0.9009054906370704
BankMarketing,Categorical,synthetic,parmsyn,synmc4,parmsyn,parm,svmpred,svm,Accuracy,0.8960397007773921
BankMarketing,Categorical,synthetic,parmsyn,synmc5,parmsyn,parm,bnpred,bn,Accuracy,0.8846795071190686
BankMarketing,Categorical,synthetic,parmsyn,synmc5,parmsyn,parm,cartpred,cart,Accuracy,0.8805548674678011
BankMarketing,Categorical,synthetic,parmsyn,synmc5,parmsyn,parm,parmpred,parm,Accuracy,0.8891841758153461
BankMarketing,Categorical,synthetic,parmsyn,synmc5,parmsyn,parm,svmpred,svm,Accuracy,0.8801143507094757
BankMarketing,Categorical,synthetic,svmsyn,synmc1,svmsyn,svm,bnpred,bn,Accuracy,0.8855392544139872
BankMarketing,Categorical,synthetic,svmsyn,synmc1,svmsyn,svm,cartpred,cart,Accuracy,0.8823272295572828
BankMarketing,Categorical,synthetic,svmsyn,synmc1,svmsyn,svm,parmpred,parm,Accuracy,0.8838756587436317
BankMarketing,Categorical,synthetic,svmsyn,synmc1,svmsyn,svm,svmpred,svm,Accuracy,0.8845383977061311
BankMarketing,Categorical,synthetic,svmsyn,synmc2,svmsyn,svm,bnpred,bn,Accuracy,0.8754155901450286
BankMarketing,Categorical,synthetic,svmsyn,synmc2,svmsyn,svm,cartpred,cart,Accuracy,0.8770184696469917
BankMarketing,Categorical,synthetic,svmsyn,synmc2,svmsyn,svm,parmpred,parm,Accuracy,0.8776826764698732
BankMarketing,Categorical,synthetic,svmsyn,synmc2,svmsyn,svm,svmpred,svm,Accuracy,0.873920388418273
BankMarketing,Categorical,synthetic,svmsyn,synmc3,svmsyn,svm,bnpred,bn,Accuracy,0.8880512977459523
BankMarketing,Categorical,synthetic,svmsyn,synmc3,svmsyn,svm,cartpred,cart,Accuracy,0.8905114164181294
BankMarketing,Categorical,synthetic,svmsyn,synmc3,svmsyn,svm,parmpred,parm,Accuracy,0.8878570380873222
BankMarketing,Categorical,synthetic,svmsyn,synmc3,svmsyn,svm,svmpred,svm,Accuracy,0.8889624993888426
BankMarketing,Categorical,synthetic,svmsyn,synmc4,svmsyn,svm,bnpred,bn,Accuracy,0.8877069952192598
BankMarketing,Categorical,synthetic,svmsyn,synmc4,svmsyn,svm,cartpred,cart,Accuracy,0.8847640418496687
BankMarketing,Categorical,synthetic,svmsyn,synmc4,svmsyn,svm,parmpred,parm,Accuracy,0.886088783678692
BankMarketing,Categorical,synthetic,svmsyn,synmc4,svmsyn,svm,svmpred,svm,Accuracy,0.8832136537113233
BankMarketing,Categorical,synthetic,svmsyn,synmc5,svmsyn,svm,bnpred,bn,Accuracy,0.8882799373091822
BankMarketing,Categorical,synthetic,svmsyn,synmc5,svmsyn,svm,cartpred,cart,Accuracy,0.889407370456719
BankMarketing,Categorical,synthetic,svmsyn,synmc5,svmsyn,svm,parmpred,parm,Accuracy,0.887857717872903
BankMarketing,Categorical,synthetic,svmsyn,synmc5,svmsyn,svm,svmpred,svm,Accuracy,0.8860885381328849
BankMarketing,Categorical,original,NA,NA,original,NA,bnpred,bn,F1,0.9424278635035274
BankMarketing,Categorical,original,NA,NA,original,NA,cartpred,cart,F1,0.9425544705259774
BankMarketing,Categorical,original,NA,NA,original,NA,parmpred,parm,F1,0.945651151223194
BankMarketing,Categorical,original,NA,NA,original,NA,svmpred,svm,F1,0.9421544885658606
BankMarketing,Categorical,synthetic,bnsyn,synmc1,bnsyn,bn,bnpred,bn,F1,0.9411205231002867
BankMarketing,Categorical,synthetic,bnsyn,synmc1,bnsyn,bn,cartpred,cart,F1,0.9393076787452188
BankMarketing,Categorical,synthetic,bnsyn,synmc1,bnsyn,bn,parmpred,parm,F1,0.9408387015738694
BankMarketing,Categorical,synthetic,bnsyn,synmc1,bnsyn,bn,svmpred,svm,F1,0.9398142517497758
BankMarketing,Categorical,synthetic,bnsyn,synmc2,bnsyn,bn,bnpred,bn,F1,0.9422127477479348
BankMarketing,Categorical,synthetic,bnsyn,synmc2,bnsyn,bn,cartpred,cart,F1,0.940416164081985
BankMarketing,Categorical,synthetic,bnsyn,synmc2,bnsyn,bn,parmpred,parm,F1,0.9412897893621913
BankMarketing,Categorical,synthetic,bnsyn,synmc2,bnsyn,bn,svmpred,svm,F1,0.9407859978334878
BankMarketing,Categorical,synthetic,bnsyn,synmc3,bnsyn,bn,bnpred,bn,F1,0.945423871209773
BankMarketing,Categorical,synthetic,bnsyn,synmc3,bnsyn,bn,cartpred,cart,F1,0.9463793518521386
BankMarketing,Categorical,synthetic,bnsyn,synmc3,bnsyn,bn,parmpred,parm,F1,0.9466294559373083
BankMarketing,Categorical,synthetic,bnsyn,synmc3,bnsyn,bn,svmpred,svm,F1,0.9459430432352587
BankMarketing,Categorical,synthetic,bnsyn,synmc4,bnsyn,bn,bnpred,bn,F1,0.9441177992040853
BankMarketing,Categorical,synthetic,bnsyn,synmc4,bnsyn,bn,cartpred,cart,F1,0.9435923663335141
BankMarketing,Categorical,synthetic,bnsyn,synmc4,bnsyn,bn,parmpred,parm,F1,0.9448952185593399
BankMarketing,Categorical,synthetic,bnsyn,synmc4,bnsyn,bn,svmpred,svm,F1,0.9439477423869204
BankMarketing,Categorical,synthetic,bnsyn,synmc5,bnsyn,bn,bnpred,bn,F1,0.9406510024264109
BankMarketing,Categorical,synthetic,bnsyn,synmc5,bnsyn,bn,cartpred,cart,F1,0.9409427098435231
BankMarketing,Categorical,synthetic,bnsyn,synmc5,bnsyn,bn,parmpred,parm,F1,0.9415086579229655
BankMarketing,Categorical,synthetic,bnsyn,synmc5,bnsyn,bn,svmpred,svm,F1,0.9412345740698966
BankMarketing,Categorical,synthetic,cartsyn,synmc1,cartsyn,cart,bnpred,bn,F1,0.9380111005275747
BankMarketing,Categorical,synthetic,cartsyn,synmc1,cartsyn,cart,cartpred,cart,F1,0.9418269767531092
BankMarketing,Categorical,synthetic,cartsyn,synmc1,cartsyn,cart,parmpred,parm,F1,0.9393995687550019
BankMarketing,Categorical,synthetic,cartsyn,synmc1,cartsyn,cart,svmpred,svm,F1,0.9376101223704232
BankMarketing,Categorical,synthetic,cartsyn,synmc2,cartsyn,cart,bnpred,bn,F1,0.9372655392147641
BankMarketing,Categorical,synthetic,cartsyn,synmc2,cartsyn,cart,cartpred,cart,F1,0.9426882075445318
BankMarketing,Categorical,synthetic,cartsyn,synmc2,cartsyn,cart,parmpred,parm,F1,0.9392757105297903
BankMarketing,Categorical,synthetic,cartsyn,synmc2,cartsyn,cart,svmpred,svm,F1,0.935738066362139
BankMarketing,Categorical,synthetic,cartsyn,synmc3,cartsyn,cart,bnpred,bn,F1,0.9396214903649205
BankMarketing,Categorical,synthetic,cartsyn,synmc3,cartsyn,cart,cartpred,cart,F1,0.9418070859025618
BankMarketing,Categorical,synthetic,cartsyn,synmc3,cartsyn,cart,parmpred,parm,F1,0.9398449174237166
BankMarketing,Categorical,synthetic,cartsyn,synmc3,cartsyn,cart,svmpred,svm,F1,0.9393126617759778
BankMarketing,Categorical,synthetic,cartsyn,synmc4,cartsyn,cart,bnpred,bn,F1,0.9363591067430944
BankMarketing,Categorical,synthetic,cartsyn,synmc4,cartsyn,cart,cartpred,cart,F1,0.9374684949649938
BankMarketing,Categorical,synthetic,cartsyn,synmc4,cartsyn,cart,parmpred,parm,F1,0.9356483818358519
BankMarketing,Categorical,synthetic,cartsyn,synmc4,cartsyn,cart,svmpred,svm,F1,0.9354655087248911
BankMarketing,Categorical,synthetic,cartsyn,synmc5,cartsyn,cart,bnpred,bn,F1,0.9399279286829124
BankMarketing,Categorical,synthetic,cartsyn,synmc5,cartsyn,cart,cartpred,cart,F1,0.9431376972727928
BankMarketing,Categorical,synthetic,cartsyn,synmc5,cartsyn,cart,parmpred,parm,F1,0.9410088946891356
BankMarketing,Categorical,synthetic,cartsyn,synmc5,cartsyn,cart,svmpred,svm,F1,0.9382824731116907
BankMarketing,Categorical,synthetic,parmsyn,synmc1,parmsyn,parm,bnpred,bn,F1,0.942117083879493
BankMarketing,Categorical,synthetic,parmsyn,synmc1,parmsyn,parm,cartpred,cart,F1,0.9413892459867789
BankMarketing,Categorical,synthetic,parmsyn,synmc1,parmsyn,parm,parmpred,parm,F1,0.9449260506846566
BankMarketing,Categorical,synthetic,parmsyn,synmc1,parmsyn,parm,svmpred,svm,F1,0.9404215120642896
BankMarketing,Categorical,synthetic,parmsyn,synmc2,parmsyn,parm,bnpred,bn,F1,0.9399054581603268
BankMarketing,Categorical,synthetic,parmsyn,synmc2,parmsyn,parm,cartpred,cart,F1,0.9399067512013061
BankMarketing,Categorical,synthetic,parmsyn,synmc2,parmsyn,parm,parmpred,parm,F1,0.9404535692139274
BankMarketing,Categorical,synthetic,parmsyn,synmc2,parmsyn,parm,svmpred,svm,F1,0.9370280119959439
BankMarketing,Categorical,synthetic,parmsyn,synmc3,parmsyn,parm,bnpred,bn,F1,0.9425679747612478
BankMarketing,Categorical,synthetic,parmsyn,synmc3,parmsyn,parm,cartpred,cart,F1,0.9418693911670182
BankMarketing,Categorical,synthetic,parmsyn,synmc3,parmsyn,parm,parmpred,parm,F1,0.9464872203441873
BankMarketing,Categorical,synthetic,parmsyn,synmc3,parmsyn,parm,svmpred,svm,F1,0.9426357136619999
BankMarketing,Categorical,synthetic,parmsyn,synmc4,parmsyn,parm,bnpred,bn,F1,0.9409797337520697
BankMarketing,Categorical,synthetic,parmsyn,synmc4,parmsyn,parm,cartpred,cart,F1,0.9431475865996167
BankMarketing,Categorical,synthetic,parmsyn,synmc4,parmsyn,parm,parmpred,parm,F1,0.9460290280027666
BankMarketing,Categorical,synthetic,parmsyn,synmc4,parmsyn,parm,svmpred,svm,F1,0.9436893086469468
BankMarketing,Categorical,synthetic,parmsyn,synmc5,parmsyn,parm,bnpred,bn,F1,0.9380795558933586
BankMarketing,Categorical,synthetic,parmsyn,synmc5,parmsyn,parm,cartpred,cart,F1,0.9355358984961452
BankMarketing,Categorical,synthetic,parmsyn,synmc5,parmsyn,parm,parmpred,parm,F1,0.9399961113528976
BankMarketing,Categorical,synthetic,parmsyn,synmc5,parmsyn,parm,svmpred,svm,F1,0.935197810235577
BankMarketing,Categorical,synthetic,svmsyn,synmc1,svmsyn,svm,bnpred,bn,F1,0.9386052236714557
BankMarketing,Categorical,synthetic,svmsyn,synmc1,svmsyn,svm,cartpred,cart,F1,0.9364262565943403
BankMarketing,Categorical,synthetic,svmsyn,synmc1,svmsyn,svm,parmpred,parm,F1,0.9376133525663028
BankMarketing,Categorical,synthetic,svmsyn,synmc1,svmsyn,svm,svmpred,svm,F1,0.9378420772087687
BankMarketing,Categorical,synthetic,svmsyn,synmc2,svmsyn,svm,bnpred,bn,F1,0.9326443672284072
BankMarketing,Categorical,synthetic,svmsyn,synmc2,svmsyn,svm,cartpred,cart,F1,0.9327666048752614
BankMarketing,Categorical,synthetic,svmsyn,synmc2,svmsyn,svm,parmpred,parm,F1,0.9337487622439649
BankMarketing,Categorical,synthetic,svmsyn,synmc2,svmsyn,svm,svmpred,svm,F1,0.931617461916046
BankMarketing,Categorical,synthetic,svmsyn,synmc3,svmsyn,svm,bnpred,bn,F1,0.940017053750774
BankMarketing,Categorical,synthetic,svmsyn,synmc3,svmsyn,svm,cartpred,cart,F1,0.9409659348800944
BankMarketing,Categorical,synthetic,svmsyn,synmc3,svmsyn,svm,parmpred,parm,F1,0.9399511852579051
BankMarketing,Categorical,synthetic,svmsyn,synmc3,svmsyn,svm,svmpred,svm,F1,0.9404658116693436
BankMarketing,Categorical,synthetic,svmsyn,synmc4,svmsyn,svm,bnpred,bn,F1,0.9396247179476652
BankMarketing,Categorical,synthetic,svmsyn,synmc4,svmsyn,svm,cartpred,cart,F1,0.9377923378253729
BankMarketing,Categorical,synthetic,svmsyn,synmc4,svmsyn,svm,parmpred,parm,F1,0.9389190283459184
BankMarketing,Categorical,synthetic,svmsyn,synmc4,svmsyn,svm,svmpred,svm,F1,0.937248297128996
BankMarketing,Categorical,synthetic,svmsyn,synmc5,svmsyn,svm,bnpred,bn,F1,0.9403717998529759
BankMarketing,Categorical,synthetic,svmsyn,synmc5,svmsyn,svm,cartpred,cart,F1,0.940746242917525
BankMarketing,Categorical,synthetic,svmsyn,synmc5,svmsyn,svm,parmpred,parm,F1,0.9401363890672962
BankMarketing,Categorical,synthetic,svmsyn,synmc5,svmsyn,svm,svmpred,svm,F1,0.9390473356502205
BankMarketing,Categorical,original,NA,NA,original,NA,bnpred,bn,Sensitivity,0.9818898587840538
BankMarketing,Categorical,original,NA,NA,original,NA,cartpred,cart,Sensitivity,0.9645
BankMarketing,Categorical,original,NA,NA,original,NA,parmpred,parm,Sensitivity,0.981
BankMarketing,Categorical,original,NA,NA,original,NA,svmpred,svm,Sensitivity,0.975
BankMarketing,Categorical,synthetic,bnsyn,synmc1,bnsyn,bn,bnpred,bn,Sensitivity,0.9873796244639422
BankMarketing,Categorical,synthetic,bnsyn,synmc1,bnsyn,bn,cartpred,cart,Sensitivity,0.9832127251796575
BankMarketing,Categorical,synthetic,bnsyn,synmc1,bnsyn,bn,parmpred,parm,Sensitivity,0.9942393530760568
BankMarketing,Categorical,synthetic,bnsyn,synmc1,bnsyn,bn,svmpred,svm,Sensitivity,0.9879724342144472
BankMarketing,Categorical,synthetic,bnsyn,synmc2,bnsyn,bn,bnpred,bn,Sensitivity,0.9823467130077409
BankMarketing,Categorical,synthetic,bnsyn,synmc2,bnsyn,bn,cartpred,cart,Sensitivity,0.9762077283320943
BankMarketing,Categorical,synthetic,bnsyn,synmc2,bnsyn,bn,parmpred,parm,Sensitivity,0.9877283948293764
BankMarketing,Categorical,synthetic,bnsyn,synmc2,bnsyn,bn,svmpred,svm,Sensitivity,0.9867262022390143
BankMarketing,Categorical,synthetic,bnsyn,synmc3,bnsyn,bn,bnpred,bn,Sensitivity,0.9862126290259896
BankMarketing,Categorical,synthetic,bnsyn,synmc3,bnsyn,bn,cartpred,cart,Sensitivity,0.9905208887892628
BankMarketing,Categorical,synthetic,bnsyn,synmc3,bnsyn,bn,parmpred,parm,Sensitivity,0.9887746302159707
BankMarketing,Categorical,synthetic,bnsyn,synmc3,bnsyn,bn,svmpred,svm,Sensitivity,0.9907711993424678
BankMarketing,Categorical,synthetic,bnsyn,synmc4,bnsyn,bn,bnpred,bn,Sensitivity,0.9839383978188831
BankMarketing,Categorical,synthetic,bnsyn,synmc4,bnsyn,bn,cartpred,cart,Sensitivity,0.9825762222511354
BankMarketing,Categorical,synthetic,bnsyn,synmc4,bnsyn,bn,parmpred,parm,Sensitivity,0.9900444849228329
BankMarketing,Categorical,synthetic,bnsyn,synmc4,bnsyn,bn,svmpred,svm,Sensitivity,0.9870578613780413
BankMarketing,Categorical,synthetic,bnsyn,synmc5,bnsyn,bn,bnpred,bn,Sensitivity,0.9826587542671799
BankMarketing,Categorical,synthetic,bnsyn,synmc5,bnsyn,bn,cartpred,cart,Sensitivity,0.9782858708409998
BankMarketing,Categorical,synthetic,bnsyn,synmc5,bnsyn,bn,parmpred,parm,Sensitivity,0.9925106086220156
BankMarketing,Categorical,synthetic,bnsyn,synmc5,bnsyn,bn,svmpred,svm,Sensitivity,0.9875199641346073
BankMarketing,Categorical,synthetic,cartsyn,synmc1,cartsyn,cart,bnpred,bn,Sensitivity,0.9821041942948406
BankMarketing,Categorical,synthetic,cartsyn,synmc1,cartsyn,cart,cartpred,cart,Sensitivity,0.969189870797143
BankMarketing,Categorical,synthetic,cartsyn,synmc1,cartsyn,cart,parmpred,parm,Sensitivity,0.9824674326617545
BankMarketing,Categorical,synthetic,cartsyn,synmc1,cartsyn,cart,svmpred,svm,Sensitivity,0.9882296479622084
BankMarketing,Categorical,synthetic,cartsyn,synmc2,cartsyn,cart,bnpred,bn,Sensitivity,0.9894218879114204
BankMarketing,Categorical,synthetic,cartsyn,synmc2,cartsyn,cart,cartpred,cart,Sensitivity,0.9698870765370138
BankMarketing,Categorical,synthetic,cartsyn,synmc2,cartsyn,cart,parmpred,parm,Sensitivity,0.9819322459222083
BankMarketing,Categorical,synthetic,cartsyn,synmc2,cartsyn,cart,svmpred,svm,Sensitivity,0.9867001254705144
BankMarketing,Categorical,synthetic,cartsyn,synmc3,cartsyn,cart,bnpred,bn,Sensitivity,0.9896730819976813
BankMarketing,Categorical,synthetic,cartsyn,synmc3,cartsyn,cart,cartpred,cart,Sensitivity,0.9742212140175219
BankMarketing,Categorical,synthetic,cartsyn,synmc3,cartsyn,cart,parmpred,parm,Sensitivity,0.9812309136420526
BankMarketing,Categorical,synthetic,cartsyn,synmc3,cartsyn,cart,svmpred,svm,Sensitivity,0.985735607008761
BankMarketing,Categorical,synthetic,cartsyn,synmc4,cartsyn,cart,bnpred,bn,Sensitivity,0.9914118519927165
BankMarketing,Categorical,synthetic,cartsyn,synmc4,cartsyn,cart,cartpred,cart,Sensitivity,0.9638503054797198
BankMarketing,Categorical,synthetic,cartsyn,synmc4,cartsyn,cart,parmpred,parm,Sensitivity,0.9801643096284434
BankMarketing,Categorical,synthetic,cartsyn,synmc4,cartsyn,cart,svmpred,svm,Sensitivity,0.9937261590259957
BankMarketing,Categorical,synthetic,cartsyn,synmc5,cartsyn,cart,bnpred,bn,Sensitivity,0.9878843902201401
BankMarketing,Categorical,synthetic,cartsyn,synmc5,cartsyn,cart,cartpred,cart,Sensitivity,0.980016229712859
BankMarketing,Categorical,synthetic,cartsyn,synmc5,cartsyn,cart,parmpred,parm,Sensitivity,0.9842621722846442
BankMarketing,Categorical,synthetic,cartsyn,synmc5,cartsyn,cart,svmpred,svm,Sensitivity,0.9932581148564295
BankMarketing,Categorical,synthetic,parmsyn,synmc1,parmsyn,parm,bnpred,bn,Sensitivity,0.9899427028815626
BankMarketing,Categorical,synthetic,parmsyn,synmc1,parmsyn,parm,cartpred,cart,Sensitivity,0.984241239048811
BankMarketing,Categorical,synthetic,parmsyn,synmc1,parmsyn,parm,parmpred,parm,Sensitivity,0.985241239048811
BankMarketing,Categorical,synthetic,parmsyn,synmc1,parmsyn,parm,svmpred,svm,Sensitivity,0.9909937421777222
BankMarketing,Categorical,synthetic,parmsyn,synmc2,parmsyn,parm,bnpred,bn,Sensitivity,0.9886292362552549
BankMarketing,Categorical,synthetic,parmsyn,synmc2,parmsyn,parm,cartpred,cart,Sensitivity,0.9876701043993473
BankMarketing,Categorical,synthetic,parmsyn,synmc2,parmsyn,parm,parmpred,parm,Sensitivity,0.9836439966414777
BankMarketing,Categorical,synthetic,parmsyn,synmc2,parmsyn,parm,svmpred,svm,Sensitivity,0.9922006241781918
BankMarketing,Categorical,synthetic,parmsyn,synmc3,parmsyn,parm,bnpred,bn,Sensitivity,0.9869400207847122
BankMarketing,Categorical,synthetic,parmsyn,synmc3,parmsyn,parm,cartpred,cart,Sensitivity,0.9887449937421777
BankMarketing,Categorical,synthetic,parmsyn,synmc3,parmsyn,parm,parmpred,parm,Sensitivity,0.9864937421777221
BankMarketing,Categorical,synthetic,parmsyn,synmc3,parmsyn,parm,svmpred,svm,Sensitivity,0.9884956195244055
BankMarketing,Categorical,synthetic,parmsyn,synmc4,parmsyn,parm,bnpred,bn,Sensitivity,0.983600340086724
BankMarketing,Categorical,synthetic,parmsyn,synmc4,parmsyn,parm,cartpred,cart,Sensitivity,0.9852130325814537
BankMarketing,Categorical,synthetic,parmsyn,synmc4,parmsyn,parm,parmpred,parm,Sensitivity,0.9842105263157894
BankMarketing,Categorical,synthetic,parmsyn,synmc4,parmsyn,parm,svmpred,svm,Sensitivity,0.9872180451127819
BankMarketing,Categorical,synthetic,parmsyn,synmc5,parmsyn,parm,bnpred,bn,Sensitivity,0.9941640130884891
BankMarketing,Categorical,synthetic,parmsyn,synmc5,parmsyn,parm,cartpred,cart,Sensitivity,0.9873995063861687
BankMarketing,Categorical,synthetic,parmsyn,synmc5,parmsyn,parm,parmpred,parm,Sensitivity,0.9886624462789967
BankMarketing,Categorical,synthetic,parmsyn,synmc5,parmsyn,parm,svmpred,svm,Sensitivity,0.9853862988809514
BankMarketing,Categorical,synthetic,svmsyn,synmc1,svmsyn,svm,bnpred,bn,Sensitivity,0.9962098727385769
BankMarketing,Categorical,synthetic,svmsyn,synmc1,svmsyn,svm,cartpred,cart,Sensitivity,0.9883959392156114
BankMarketing,Categorical,synthetic,svmsyn,synmc1,svmsyn,svm,parmpred,parm,Sensitivity,0.9952064784031998
BankMarketing,Categorical,synthetic,svmsyn,synmc1,svmsyn,svm,svmpred,svm,Sensitivity,0.9934403938502299
BankMarketing,Categorical,synthetic,svmsyn,synmc2,svmsyn,svm,bnpred,bn,Sensitivity,0.9936159312967232
BankMarketing,Categorical,synthetic,svmsyn,synmc2,svmsyn,svm,cartpred,cart,Sensitivity,0.9834274665280125
BankMarketing,Categorical,synthetic,svmsyn,synmc2,svmsyn,svm,parmpred,parm,Sensitivity,0.9936263486286234
BankMarketing,Categorical,synthetic,svmsyn,synmc2,svmsyn,svm,svmpred,svm,Sensitivity,0.9900562199402054
BankMarketing,Categorical,synthetic,svmsyn,synmc3,svmsyn,svm,bnpred,bn,Sensitivity,0.9934685770553104
BankMarketing,Categorical,synthetic,svmsyn,synmc3,svmsyn,svm,cartpred,cart,Sensitivity,0.9887218045112782
BankMarketing,Categorical,synthetic,svmsyn,synmc3,svmsyn,svm,parmpred,parm,Sensitivity,0.9944862155388471
BankMarketing,Categorical,synthetic,svmsyn,synmc3,svmsyn,svm,svmpred,svm,Sensitivity,0.993734335839599
BankMarketing,Categorical,synthetic,svmsyn,synmc4,svmsyn,svm,bnpred,bn,Sensitivity,0.9921716487166713
BankMarketing,Categorical,synthetic,svmsyn,synmc4,svmsyn,svm,cartpred,cart,Sensitivity,0.9871786605985905
BankMarketing,Categorical,synthetic,svmsyn,synmc4,svmsyn,svm,parmpred,parm,Sensitivity,0.9949710818242155
BankMarketing,Categorical,synthetic,svmsyn,synmc4,svmsyn,svm,svmpred,svm,Sensitivity,0.9912019215574729
BankMarketing,Categorical,synthetic,svmsyn,synmc5,svmsyn,svm,bnpred,bn,Sensitivity,0.9969868018567078
BankMarketing,Categorical,synthetic,svmsyn,synmc5,svmsyn,svm,cartpred,cart,Sensitivity,0.994237784699546
BankMarketing,Categorical,synthetic,svmsyn,synmc5,svmsyn,svm,parmpred,parm,Sensitivity,0.9972434214447257
BankMarketing,Categorical,synthetic,svmsyn,synmc5,svmsyn,svm,svmpred,svm,Sensitivity,0.9937377862679226
BankMarketing,Categorical,original,NA,NA,original,NA,bnpred,bn,Specificity,0.20259462688350283
BankMarketing,Categorical,original,NA,NA,original,NA,cartpred,cart,Specificity,0.3704761904761905
BankMarketing,Categorical,original,NA,NA,original,NA,parmpred,parm,Specificity,0.2802197802197802
BankMarketing,Categorical,original,NA,NA,original,NA,svmpred,svm,Specificity,0.27263736263736266
BankMarketing,Categorical,synthetic,bnsyn,synmc1,bnsyn,bn,bnpred,bn,Specificity,0.16354862119013064
BankMarketing,Categorical,synthetic,bnsyn,synmc1,bnsyn,bn,cartpred,cart,Specificity,0.169811320754717
BankMarketing,Categorical,synthetic,bnsyn,synmc1,bnsyn,bn,parmpred,parm,Specificity,0.1018867924528302
BankMarketing,Categorical,synthetic,bnsyn,synmc1,bnsyn,bn,svmpred,svm,Specificity,0.13773584905660377
BankMarketing,Categorical,synthetic,bnsyn,synmc2,bnsyn,bn,bnpred,bn,Specificity,0.21242324864055842
BankMarketing,Categorical,synthetic,bnsyn,synmc2,bnsyn,bn,cartpred,cart,Specificity,0.24442048517520215
BankMarketing,Categorical,synthetic,bnsyn,synmc2,bnsyn,bn,parmpred,parm,Specificity,0.16104222821203953
BankMarketing,Categorical,synthetic,bnsyn,synmc2,bnsyn,bn,svmpred,svm,Specificity,0.16107816711590295
BankMarketing,Categorical,synthetic,bnsyn,synmc3,bnsyn,bn,bnpred,bn,Specificity,0.2114482686278395
BankMarketing,Categorical,synthetic,bnsyn,synmc3,bnsyn,bn,cartpred,cart,Specificity,0.19527888825433087
BankMarketing,Categorical,synthetic,bnsyn,synmc3,bnsyn,bn,parmpred,parm,Specificity,0.21479154768703598
BankMarketing,Categorical,synthetic,bnsyn,synmc3,bnsyn,bn,svmpred,svm,Specificity,0.18543689320388348
BankMarketing,Categorical,synthetic,bnsyn,synmc4,bnsyn,bn,bnpred,bn,Specificity,0.1931164616461646
BankMarketing,Categorical,synthetic,bnsyn,synmc4,bnsyn,bn,cartpred,cart,Specificity,0.20087128712871288
BankMarketing,Categorical,synthetic,bnsyn,synmc4,bnsyn,bn,parmpred,parm,Specificity,0.15722772277227723
BankMarketing,Categorical,synthetic,bnsyn,synmc4,bnsyn,bn,svmpred,svm,Specificity,0.16710891089108912
BankMarketing,Categorical,synthetic,bnsyn,synmc5,bnsyn,bn,bnpred,bn,Specificity,0.1636626084081852
BankMarketing,Categorical,synthetic,bnsyn,synmc5,bnsyn,bn,cartpred,cart,Specificity,0.21222158766419189
BankMarketing,Categorical,synthetic,bnsyn,synmc5,bnsyn,bn,parmpred,parm,Specificity,0.09739196649533599
BankMarketing,Categorical,synthetic,bnsyn,synmc5,bnsyn,bn,svmpred,svm,Specificity,0.13624595469255663
BankMarketing,Categorical,synthetic,cartsyn,synmc1,cartsyn,cart,bnpred,bn,Specificity,0.1423758888762714
BankMarketing,Categorical,synthetic,cartsyn,synmc1,cartsyn,cart,cartpred,cart,Specificity,0.3290386343216532
BankMarketing,Categorical,synthetic,cartsyn,synmc1,cartsyn,cart,parmpred,parm,Specificity,0.17570530098831985
BankMarketing,Categorical,synthetic,cartsyn,synmc1,cartsyn,cart,svmpred,svm,Specificity,0.0963162623539982
BankMarketing,Categorical,synthetic,cartsyn,synmc2,cartsyn,cart,bnpred,bn,Specificity,0.08146097715838502
BankMarketing,Categorical,synthetic,cartsyn,synmc2,cartsyn,cart,cartpred,cart,Specificity,0.34710972654897887
BankMarketing,Categorical,synthetic,cartsyn,synmc2,cartsyn,cart,parmpred,parm,Specificity,0.19032537210107303
BankMarketing,Categorical,synthetic,cartsyn,synmc2,cartsyn,cart,svmpred,svm,Specificity,0.09134648667358948
BankMarketing,Categorical,synthetic,cartsyn,synmc3,cartsyn,cart,bnpred,bn,Specificity,0.11120879120879121
BankMarketing,Categorical,synthetic,cartsyn,synmc3,cartsyn,cart,cartpred,cart,Specificity,0.28
BankMarketing,Categorical,synthetic,cartsyn,synmc3,cartsyn,cart,parmpred,parm,Specificity,0.18666666666666665
BankMarketing,Categorical,synthetic,cartsyn,synmc3,cartsyn,cart,svmpred,svm,Specificity,0.13904761904761903
BankMarketing,Categorical,synthetic,cartsyn,synmc4,cartsyn,cart,bnpred,bn,Specificity,0.06549305433100178
BankMarketing,Categorical,synthetic,cartsyn,synmc4,cartsyn,cart,cartpred,cart,Specificity,0.3161301488404292
BankMarketing,Categorical,synthetic,cartsyn,synmc4,cartsyn,cart,parmpred,parm,Specificity,0.14866735894773278
BankMarketing,Categorical,synthetic,cartsyn,synmc4,cartsyn,cart,svmpred,svm,Specificity,0.03148148148148148
BankMarketing,Categorical,synthetic,cartsyn,synmc5,cartsyn,cart,bnpred,bn,Specificity,0.11396719911854121
BankMarketing,Categorical,synthetic,cartsyn,synmc5,cartsyn,cart,cartpred,cart,Specificity,0.2412808065720687
BankMarketing,Categorical,synthetic,cartsyn,synmc5,cartsyn,cart,parmpred,parm,Specificity,0.16794249439880507
BankMarketing,Categorical,synthetic,cartsyn,synmc5,cartsyn,cart,svmpred,svm,Specificity,0.04232636295743092
BankMarketing,Categorical,synthetic,parmsyn,synmc1,parmsyn,parm,bnpred,bn,Specificity,0.14767826025107578
BankMarketing,Categorical,synthetic,parmsyn,synmc1,parmsyn,parm,cartpred,cart,Specificity,0.18371794871794872
BankMarketing,Categorical,synthetic,parmsyn,synmc1,parmsyn,parm,parmpred,parm,Specificity,0.23514652014652015
BankMarketing,Categorical,synthetic,parmsyn,synmc1,parmsyn,parm,svmpred,svm,Specificity,0.10891941391941393
BankMarketing,Categorical,synthetic,parmsyn,synmc2,parmsyn,parm,bnpred,bn,Specificity,0.16028891619905938
BankMarketing,Categorical,synthetic,parmsyn,synmc2,parmsyn,parm,cartpred,cart,Specificity,0.1716930775646372
BankMarketing,Categorical,synthetic,parmsyn,synmc2,parmsyn,parm,parmpred,parm,Specificity,0.21374478732276897
BankMarketing,Categorical,synthetic,parmsyn,synmc2,parmsyn,parm,svmpred,svm,Specificity,0.08777314428690576
BankMarketing,Categorical,synthetic,parmsyn,synmc3,parmsyn,parm,bnpred,bn,Specificity,0.17311995447917777
BankMarketing,Categorical,synthetic,parmsyn,synmc3,parmsyn,parm,cartpred,cart,Specificity,0.15274725274725276
BankMarketing,Categorical,synthetic,parmsyn,synmc3,parmsyn,parm,parmpred,parm,Specificity,0.25036630036630036
BankMarketing,Categorical,synthetic,parmsyn,synmc3,parmsyn,parm,svmpred,svm,Specificity,0.1682051282051282
BankMarketing,Categorical,synthetic,parmsyn,synmc4,parmsyn,parm,bnpred,bn,Specificity,0.18773070246600196
BankMarketing,Categorical,synthetic,parmsyn,synmc4,parmsyn,parm,cartpred,cart,Specificity,0.21828601657555985
BankMarketing,Categorical,synthetic,parmsyn,synmc4,parmsyn,parm,parmpred,parm,Specificity,0.27492505730911654
BankMarketing,Categorical,synthetic,parmsyn,synmc4,parmsyn,parm,svmpred,svm,Specificity,0.21089754893316875
BankMarketing,Categorical,synthetic,parmsyn,synmc5,parmsyn,parm,bnpred,bn,Specificity,0.09220036431045606
BankMarketing,Categorical,synthetic,parmsyn,synmc5,parmsyn,parm,cartpred,cart,Specificity,0.11228501228501228
BankMarketing,Categorical,synthetic,parmsyn,synmc5,parmsyn,parm,parmpred,parm,Specificity,0.1738083538083538
BankMarketing,Categorical,synthetic,parmsyn,synmc5,parmsyn,parm,svmpred,svm,Specificity,0.12316134316134315
BankMarketing,Categorical,synthetic,svmsyn,synmc1,svmsyn,svm,bnpred,bn,Specificity,0.08745801681581498
BankMarketing,Categorical,synthetic,svmsyn,synmc1,svmsyn,svm,cartpred,cart,Specificity,0.12750965250965252
BankMarketing,Categorical,synthetic,svmsyn,synmc1,svmsyn,svm,parmpred,parm,Specificity,0.09152187902187903
BankMarketing,Categorical,synthetic,svmsyn,synmc1,svmsyn,svm,svmpred,svm,Specificity,0.109507722007722
BankMarketing,Categorical,synthetic,svmsyn,synmc2,svmsyn,svm,bnpred,bn,Specificity,0.09755835667600374
BankMarketing,Categorical,synthetic,svmsyn,synmc2,svmsyn,svm,cartpred,cart,Specificity,0.18032212885154061
BankMarketing,Categorical,synthetic,svmsyn,synmc2,svmsyn,svm,parmpred,parm,Specificity,0.11854341736694678
BankMarketing,Categorical,synthetic,svmsyn,synmc2,svmsyn,svm,svmpred,svm,Specificity,0.11352941176470588
BankMarketing,Categorical,synthetic,svmsyn,synmc3,svmsyn,svm,bnpred,bn,Specificity,0.09273020372914571
BankMarketing,Categorical,synthetic,svmsyn,synmc3,svmsyn,svm,cartpred,cart,Specificity,0.15254805149003703
BankMarketing,Categorical,synthetic,svmsyn,synmc3,svmsyn,svm,parmpred,parm,Specificity,0.08661611708693352
BankMarketing,Categorical,synthetic,svmsyn,synmc3,svmsyn,svm,svmpred,svm,Specificity,0.10165755598659848
BankMarketing,Categorical,synthetic,svmsyn,synmc4,svmsyn,svm,bnpred,bn,Specificity,0.11740708804977522
BankMarketing,Categorical,synthetic,svmsyn,synmc4,svmsyn,svm,cartpred,cart,Specificity,0.1345565749235474
BankMarketing,Categorical,synthetic,svmsyn,synmc4,svmsyn,svm,parmpred,parm,Specificity,0.08853211009174312
BankMarketing,Categorical,synthetic,svmsyn,synmc4,svmsyn,svm,svmpred,svm,Specificity,0.09215086646279307
BankMarketing,Categorical,synthetic,svmsyn,synmc5,svmsyn,svm,bnpred,bn,Specificity,0.06325334310313244
BankMarketing,Categorical,synthetic,svmsyn,synmc5,svmsyn,svm,cartpred,cart,Specificity,0.09836477987421384
BankMarketing,Categorical,synthetic,svmsyn,synmc5,svmsyn,svm,parmpred,parm,Specificity,0.06242587601078167
BankMarketing,Categorical,synthetic,svmsyn,synmc5,svmsyn,svm,svmpred,svm,Specificity,0.0737286612758311
BikeSharing,Continuous,original,NA,NA,original,NA,cartpred,cart,MAE,10.462142354890867
BikeSharing,Continuous,original,NA,NA,original,NA,parmpred,parm,MAE,4.272895074429231
BikeSharing,Continuous,original,NA,NA,original,NA,svmpred,svm,MAE,7.740144028949741
BikeSharing,Continuous,synthetic,cartsyn,synmc1,cartsyn,cart,cartpred,cart,MAE,10.101380941848458
BikeSharing,Continuous,synthetic,cartsyn,synmc1,cartsyn,cart,parmpred,parm,MAE,4.257822517405953
BikeSharing,Continuous,synthetic,cartsyn,synmc1,cartsyn,cart,svmpred,svm,MAE,8.155603000501822
BikeSharing,Continuous,synthetic,cartsyn,synmc2,cartsyn,cart,cartpred,cart,MAE,10.21640538227406
BikeSharing,Continuous,synthetic,cartsyn,synmc2,cartsyn,cart,parmpred,parm,MAE,4.214761542283495
BikeSharing,Continuous,synthetic,cartsyn,synmc2,cartsyn,cart,svmpred,svm,MAE,8.483867981148808
BikeSharing,Continuous,synthetic,cartsyn,synmc3,cartsyn,cart,cartpred,cart,MAE,10.364233574825226
BikeSharing,Continuous,synthetic,cartsyn,synmc3,cartsyn,cart,parmpred,parm,MAE,4.211623661598835
BikeSharing,Continuous,synthetic,cartsyn,synmc3,cartsyn,cart,svmpred,svm,MAE,8.133524714272545
BikeSharing,Continuous,synthetic,cartsyn,synmc4,cartsyn,cart,cartpred,cart,MAE,10.38288080795591
BikeSharing,Continuous,synthetic,cartsyn,synmc4,cartsyn,cart,parmpred,parm,MAE,4.200735825953613
BikeSharing,Continuous,synthetic,cartsyn,synmc4,cartsyn,cart,svmpred,svm,MAE,8.236562009066395
BikeSharing,Continuous,synthetic,cartsyn,synmc5,cartsyn,cart,cartpred,cart,MAE,10.441521331389783
BikeSharing,Continuous,synthetic,cartsyn,synmc5,cartsyn,cart,parmpred,parm,MAE,4.139526147118396
BikeSharing,Continuous,synthetic,cartsyn,synmc5,cartsyn,cart,svmpred,svm,MAE,8.233548293408198
BikeSharing,Continuous,synthetic,parmsyn,synmc1,parmsyn,parm,cartpred,cart,MAE,13.8729731061394
BikeSharing,Continuous,synthetic,parmsyn,synmc1,parmsyn,parm,parmpred,parm,MAE,4.342514847845375
BikeSharing,Continuous,synthetic,parmsyn,synmc1,parmsyn,parm,svmpred,svm,MAE,7.755165650903538
BikeSharing,Continuous,synthetic,parmsyn,synmc2,parmsyn,parm,cartpred,cart,MAE,14.352018778201295
BikeSharing,Continuous,synthetic,parmsyn,synmc2,parmsyn,parm,parmpred,parm,MAE,4.404468884537049
BikeSharing,Continuous,synthetic,parmsyn,synmc2,parmsyn,parm,svmpred,svm,MAE,8.031956650570216
BikeSharing,Continuous,synthetic,parmsyn,synmc3,parmsyn,parm,cartpred,cart,MAE,14.35247651083785
BikeSharing,Continuous,synthetic,parmsyn,synmc3,parmsyn,parm,parmpred,parm,MAE,4.377109947816827
BikeSharing,Continuous,synthetic,parmsyn,synmc3,parmsyn,parm,svmpred,svm,MAE,7.737839908935986
BikeSharing,Continuous,synthetic,parmsyn,synmc4,parmsyn,parm,cartpred,cart,MAE,14.312426195221262
BikeSharing,Continuous,synthetic,parmsyn,synmc4,parmsyn,parm,parmpred,parm,MAE,4.412787321460876
BikeSharing,Continuous,synthetic,parmsyn,synmc4,parmsyn,parm,svmpred,svm,MAE,8.0153940709698
BikeSharing,Continuous,synthetic,parmsyn,synmc5,parmsyn,parm,cartpred,cart,MAE,13.86557610812732
BikeSharing,Continuous,synthetic,parmsyn,synmc5,parmsyn,parm,parmpred,parm,MAE,4.329335982437654
BikeSharing,Continuous,synthetic,parmsyn,synmc5,parmsyn,parm,svmpred,svm,MAE,7.787105341225961
BikeSharing,Continuous,synthetic,svmsyn,synmc1,svmsyn,svm,cartpred,cart,MAE,10.529962497197888
BikeSharing,Continuous,synthetic,svmsyn,synmc1,svmsyn,svm,parmpred,parm,MAE,13.76809448871696
BikeSharing,Continuous,synthetic,svmsyn,synmc1,svmsyn,svm,svmpred,svm,MAE,8.565567358925849
BikeSharing,Continuous,synthetic,svmsyn,synmc2,svmsyn,svm,cartpred,cart,MAE,10.431304591293411
BikeSharing,Continuous,synthetic,svmsyn,synmc2,svmsyn,svm,parmpred,parm,MAE,14.032775027319895
BikeSharing,Continuous,synthetic,svmsyn,synmc2,svmsyn,svm,svmpred,svm,MAE,10.062992295951682
BikeSharing,Continuous,synthetic,svmsyn,synmc3,svmsyn,svm,cartpred,cart,MAE,10.514304354253484
BikeSharing,Continuous,synthetic,svmsyn,synmc3,svmsyn,svm,parmpred,parm,MAE,14.07934145820641
BikeSharing,Continuous,synthetic,svmsyn,synmc3,svmsyn,svm,svmpred,svm,MAE,7.9983083002301205
BikeSharing,Continuous,synthetic,svmsyn,synmc4,svmsyn,svm,cartpred,cart,MAE,10.348308537759154
BikeSharing,Continuous,synthetic,svmsyn,synmc4,svmsyn,svm,parmpred,parm,MAE,14.01163544292766
BikeSharing,Continuous,synthetic,svmsyn,synmc4,svmsyn,svm,svmpred,svm,MAE,8.975225112344726
BikeSharing,Continuous,synthetic,svmsyn,synmc5,svmsyn,svm,cartpred,cart,MAE,10.474030927098493
BikeSharing,Continuous,synthetic,svmsyn,synmc5,svmsyn,svm,parmpred,parm,MAE,13.897274430769546
BikeSharing,Continuous,synthetic,svmsyn,synmc5,svmsyn,svm,svmpred,svm,MAE,7.931162790467225
BikeSharing,Continuous,original,NA,NA,original,NA,cartpred,cart,RMSE,14.98901997198783
BikeSharing,Continuous,original,NA,NA,original,NA,parmpred,parm,RMSE,5.450648130756346
BikeSharing,Continuous,original,NA,NA,original,NA,svmpred,svm,RMSE,9.823605555219633
BikeSharing,Continuous,synthetic,cartsyn,synmc1,cartsyn,cart,cartpred,cart,RMSE,14.887420696296749
BikeSharing,Continuous,synthetic,cartsyn,synmc1,cartsyn,cart,parmpred,parm,RMSE,7.131328558978688
BikeSharing,Continuous,synthetic,cartsyn,synmc1,cartsyn,cart,svmpred,svm,RMSE,10.970629813080649
BikeSharing,Continuous,synthetic,cartsyn,synmc2,cartsyn,cart,cartpred,cart,RMSE,14.754663315417119
BikeSharing,Continuous,synthetic,cartsyn,synmc2,cartsyn,cart,parmpred,parm,RMSE,7.277970500472493
BikeSharing,Continuous,synthetic,cartsyn,synmc2,cartsyn,cart,svmpred,svm,RMSE,11.39206069081617
BikeSharing,Continuous,synthetic,cartsyn,synmc3,cartsyn,cart,cartpred,cart,RMSE,14.830131045780705
BikeSharing,Continuous,synthetic,cartsyn,synmc3,cartsyn,cart,parmpred,parm,RMSE,7.490313418586276
BikeSharing,Continuous,synthetic,cartsyn,synmc3,cartsyn,cart,svmpred,svm,RMSE,11.100605101685487
BikeSharing,Continuous,synthetic,cartsyn,synmc4,cartsyn,cart,cartpred,cart,RMSE,14.70229283769005
BikeSharing,Continuous,synthetic,cartsyn,synmc4,cartsyn,cart,parmpred,parm,RMSE,7.222326618987407
BikeSharing,Continuous,synthetic,cartsyn,synmc4,cartsyn,cart,svmpred,svm,RMSE,11.204896219378359
BikeSharing,Continuous,synthetic,cartsyn,synmc5,cartsyn,cart,cartpred,cart,RMSE,15.095181141481286
BikeSharing,Continuous,synthetic,cartsyn,synmc5,cartsyn,cart,parmpred,parm,RMSE,7.060544262125631
BikeSharing,Continuous,synthetic,cartsyn,synmc5,cartsyn,cart,svmpred,svm,RMSE,11.128834765100272
BikeSharing,Continuous,synthetic,parmsyn,synmc1,parmsyn,parm,cartpred,cart,RMSE,18.014229560684573
BikeSharing,Continuous,synthetic,parmsyn,synmc1,parmsyn,parm,parmpred,parm,RMSE,5.422030617961299
BikeSharing,Continuous,synthetic,parmsyn,synmc1,parmsyn,parm,svmpred,svm,RMSE,10.766091126244982
BikeSharing,Continuous,synthetic,parmsyn,synmc2,parmsyn,parm,cartpred,cart,RMSE,18.5697068701898
BikeSharing,Continuous,synthetic,parmsyn,synmc2,parmsyn,parm,parmpred,parm,RMSE,5.500936223286536
BikeSharing,Continuous,synthetic,parmsyn,synmc2,parmsyn,parm,svmpred,svm,RMSE,10.723969868182822
BikeSharing,Continuous,synthetic,parmsyn,synmc3,parmsyn,parm,cartpred,cart,RMSE,18.564348764312825
BikeSharing,Continuous,synthetic,parmsyn,synmc3,parmsyn,parm,parmpred,parm,RMSE,5.467048474432424
BikeSharing,Continuous,synthetic,parmsyn,synmc3,parmsyn,parm,svmpred,svm,RMSE,10.347115179130489
BikeSharing,Continuous,synthetic,parmsyn,synmc4,parmsyn,parm,cartpred,cart,RMSE,18.6009996625044
BikeSharing,Continuous,synthetic,parmsyn,synmc4,parmsyn,parm,parmpred,parm,RMSE,5.496333243562695
BikeSharing,Continuous,synthetic,parmsyn,synmc4,parmsyn,parm,svmpred,svm,RMSE,10.78234805489718
BikeSharing,Continuous,synthetic,parmsyn,synmc5,parmsyn,parm,cartpred,cart,RMSE,17.853138151473885
BikeSharing,Continuous,synthetic,parmsyn,synmc5,parmsyn,parm,parmpred,parm,RMSE,5.405552571848535
BikeSharing,Continuous,synthetic,parmsyn,synmc5,parmsyn,parm,svmpred,svm,RMSE,11.365288168156566
BikeSharing,Continuous,synthetic,svmsyn,synmc1,svmsyn,svm,cartpred,cart,RMSE,14.328072242984373
BikeSharing,Continuous,synthetic,svmsyn,synmc1,svmsyn,svm,parmpred,parm,RMSE,18.417462747905038
BikeSharing,Continuous,synthetic,svmsyn,synmc1,svmsyn,svm,svmpred,svm,RMSE,14.93930373809161
BikeSharing,Continuous,synthetic,svmsyn,synmc2,svmsyn,svm,cartpred,cart,RMSE,14.289408848072313
BikeSharing,Continuous,synthetic,svmsyn,synmc2,svmsyn,svm,parmpred,parm,RMSE,18.87978060614846
BikeSharing,Continuous,synthetic,svmsyn,synmc2,svmsyn,svm,svmpred,svm,RMSE,16.10234377697647
BikeSharing,Continuous,synthetic,svmsyn,synmc3,svmsyn,svm,cartpred,cart,RMSE,14.511561459577182
BikeSharing,Continuous,synthetic,svmsyn,synmc3,svmsyn,svm,parmpred,parm,RMSE,18.909946315586083
BikeSharing,Continuous,synthetic,svmsyn,synmc3,svmsyn,svm,svmpred,svm,RMSE,13.84174430053038
BikeSharing,Continuous,synthetic,svmsyn,synmc4,svmsyn,svm,cartpred,cart,RMSE,14.507907199325128
BikeSharing,Continuous,synthetic,svmsyn,synmc4,svmsyn,svm,parmpred,parm,RMSE,18.816501238384177
BikeSharing,Continuous,synthetic,svmsyn,synmc4,svmsyn,svm,svmpred,svm,RMSE,15.026421937402672
BikeSharing,Continuous,synthetic,svmsyn,synmc5,svmsyn,svm,cartpred,cart,RMSE,14.433958219453023
BikeSharing,Continuous,synthetic,svmsyn,synmc5,svmsyn,svm,parmpred,parm,RMSE,18.604561886295357
BikeSharing,Continuous,synthetic,svmsyn,synmc5,svmsyn,svm,svmpred,svm,RMSE,14.242437479610405
BikeSharing,Continuous,original,NA,NA,original,NA,cartpred,cart,R_squared,0.9931657430548586
BikeSharing,Continuous,original,NA,NA,original,NA,parmpred,parm,R_squared,0.9990968193606733
BikeSharing,Continuous,original,NA,NA,original,NA,svmpred,svm,R_squared,0.9970645394147465
BikeSharing,Continuous,synthetic,cartsyn,synmc1,cartsyn,cart,cartpred,cart,R_squared,0.9934031310009901
BikeSharing,Continuous,synthetic,cartsyn,synmc1,cartsyn,cart,parmpred,parm,R_squared,0.9984826127749433
BikeSharing,Continuous,synthetic,cartsyn,synmc1,cartsyn,cart,svmpred,svm,R_squared,0.9964121255449544
BikeSharing,Continuous,synthetic,cartsyn,synmc2,cartsyn,cart,cartpred,cart,R_squared,0.9934431793368138
BikeSharing,Continuous,synthetic,cartsyn,synmc2,cartsyn,cart,parmpred,parm,R_squared,0.9983972680499702
BikeSharing,Continuous,synthetic,cartsyn,synmc2,cartsyn,cart,svmpred,svm,R_squared,0.9960910254553634
BikeSharing,Continuous,synthetic,cartsyn,synmc3,cartsyn,cart,cartpred,cart,R_squared,0.9933166572003203
BikeSharing,Continuous,synthetic,cartsyn,synmc3,cartsyn,cart,parmpred,parm,R_squared,0.9982874950645083
BikeSharing,Continuous,synthetic,cartsyn,synmc3,cartsyn,cart,svmpred,svm,R_squared,0.9962529101686662
BikeSharing,Continuous,synthetic,cartsyn,synmc4,cartsyn,cart,cartpred,cart,R_squared,0.9936107384208976
BikeSharing,Continuous,synthetic,cartsyn,synmc4,cartsyn,cart,parmpred,parm,R_squared,0.9984576614775912
BikeSharing,Continuous,synthetic,cartsyn,synmc4,cartsyn,cart,svmpred,svm,R_squared,0.996288918131698
BikeSharing,Continuous,synthetic,cartsyn,synmc5,cartsyn,cart,cartpred,cart,R_squared,0.9931174063902065
BikeSharing,Continuous,synthetic,cartsyn,synmc5,cartsyn,cart,parmpred,parm,R_squared,0.9984917968699122
BikeSharing,Continuous,synthetic,cartsyn,synmc5,cartsyn,cart,svmpred,svm,R_squared,0.9962594163954299
BikeSharing,Continuous,synthetic,parmsyn,synmc1,parmsyn,parm,cartpred,cart,R_squared,0.9900245836783922
BikeSharing,Continuous,synthetic,parmsyn,synmc1,parmsyn,parm,parmpred,parm,R_squared,0.999097594818865
BikeSharing,Continuous,synthetic,parmsyn,synmc1,parmsyn,parm,svmpred,svm,R_squared,0.9964291357022684
BikeSharing,Continuous,synthetic,parmsyn,synmc2,parmsyn,parm,cartpred,cart,R_squared,0.9896821268106145
BikeSharing,Continuous,synthetic,parmsyn,synmc2,parmsyn,parm,parmpred,parm,R_squared,0.9990955246527669
BikeSharing,Continuous,synthetic,parmsyn,synmc2,parmsyn,parm,svmpred,svm,R_squared,0.9965594304870681
BikeSharing,Continuous,synthetic,parmsyn,synmc3,parmsyn,parm,cartpred,cart,R_squared,0.9895697290048966
BikeSharing,Continuous,synthetic,parmsyn,synmc3,parmsyn,parm,parmpred,parm,R_squared,0.9990963100909717
BikeSharing,Continuous,synthetic,parmsyn,synmc3,parmsyn,parm,svmpred,svm,R_squared,0.9967614019131302
BikeSharing,Continuous,synthetic,parmsyn,synmc4,parmsyn,parm,cartpred,cart,R_squared,0.9895704834697641
BikeSharing,Continuous,synthetic,parmsyn,synmc4,parmsyn,parm,parmpred,parm,R_squared,0.9990897092218304
BikeSharing,Continuous,synthetic,parmsyn,synmc4,parmsyn,parm,svmpred,svm,R_squared,0.9964884851423346
BikeSharing,Continuous,synthetic,parmsyn,synmc5,parmsyn,parm,cartpred,cart,R_squared,0.9900972162920183
BikeSharing,Continuous,synthetic,parmsyn,synmc5,parmsyn,parm,parmpred,parm,R_squared,0.9990942363259175
BikeSharing,Continuous,synthetic,parmsyn,synmc5,parmsyn,parm,svmpred,svm,R_squared,0.9959287878891759
BikeSharing,Continuous,synthetic,svmsyn,synmc1,svmsyn,svm,cartpred,cart,R_squared,0.9851357553310804
BikeSharing,Continuous,synthetic,svmsyn,synmc1,svmsyn,svm,parmpred,parm,R_squared,0.9754483673551954
BikeSharing,Continuous,synthetic,svmsyn,synmc1,svmsyn,svm,svmpred,svm,R_squared,0.9834543030114595
BikeSharing,Continuous,synthetic,svmsyn,synmc2,svmsyn,svm,cartpred,cart,R_squared,0.9848885337388702
BikeSharing,Continuous,synthetic,svmsyn,synmc2,svmsyn,svm,parmpred,parm,R_squared,0.9736639337432459
BikeSharing,Continuous,synthetic,svmsyn,synmc2,svmsyn,svm,svmpred,svm,R_squared,0.9807349278812206
BikeSharing,Continuous,synthetic,svmsyn,synmc3,svmsyn,svm,cartpred,cart,R_squared,0.9850578148397655
BikeSharing,Continuous,synthetic,svmsyn,synmc3,svmsyn,svm,parmpred,parm,R_squared,0.9746561334018817
BikeSharing,Continuous,synthetic,svmsyn,synmc3,svmsyn,svm,svmpred,svm,R_squared,0.9862292090175295
BikeSharing,Continuous,synthetic,svmsyn,synmc4,svmsyn,svm,cartpred,cart,R_squared,0.9846588649014248
BikeSharing,Continuous,synthetic,svmsyn,synmc4,svmsyn,svm,parmpred,parm,R_squared,0.9741532740579948
BikeSharing,Continuous,synthetic,svmsyn,synmc4,svmsyn,svm,svmpred,svm,R_squared,0.9833912867900872
BikeSharing,Continuous,synthetic,svmsyn,synmc5,svmsyn,svm,cartpred,cart,R_squared,0.9848549135006759
BikeSharing,Continuous,synthetic,svmsyn,synmc5,svmsyn,svm,parmpred,parm,R_squared,0.9749676681738854
BikeSharing,Continuous,synthetic,svmsyn,synmc5,svmsyn,svm,svmpred,svm,R_squared,0.9852130785734801
GermanCredit,Categorical,original,NA,NA,original,NA,bnpred,bn,Accuracy,0.7344461071218723
GermanCredit,Categorical,original,NA,NA,original,NA,cartpred,cart,Accuracy,0.71
GermanCredit,Categorical,original,NA,NA,original,NA,parmpred,parm,Accuracy,0.752
GermanCredit,Categorical,original,NA,NA,original,NA,svmpred,svm,Accuracy,0.698
GermanCredit,Categorical,synthetic,bnsyn,synmc1,bnsyn,bn,bnpred,bn,Accuracy,0.7451724329171755
GermanCredit,Categorical,synthetic,bnsyn,synmc1,bnsyn,bn,cartpred,cart,Accuracy,0.6970539013475336
GermanCredit,Categorical,synthetic,bnsyn,synmc1,bnsyn,bn,parmpred,parm,Accuracy,0.7280494262356559
GermanCredit,Categorical,synthetic,bnsyn,synmc1,bnsyn,bn,svmpred,svm,Accuracy,0.7350694767369185
GermanCredit,Categorical,synthetic,bnsyn,synmc2,bnsyn,bn,bnpred,bn,Accuracy,0.7477599944544386
GermanCredit,Categorical,synthetic,bnsyn,synmc2,bnsyn,bn,cartpred,cart,Accuracy,0.716
GermanCredit,Categorical,synthetic,bnsyn,synmc2,bnsyn,bn,parmpred,parm,Accuracy,0.759
GermanCredit,Categorical,synthetic,bnsyn,synmc2,bnsyn,bn,svmpred,svm,Accuracy,0.732
GermanCredit,Categorical,synthetic,bnsyn,synmc3,bnsyn,bn,bnpred,bn,Accuracy,0.7551552304336292
GermanCredit,Categorical,synthetic,bnsyn,synmc3,bnsyn,bn,cartpred,cart,Accuracy,0.7140443011075277
GermanCredit,Categorical,synthetic,bnsyn,synmc3,bnsyn,bn,parmpred,parm,Accuracy,0.7599751993799845
GermanCredit,Categorical,synthetic,bnsyn,synmc3,bnsyn,bn,svmpred,svm,Accuracy,0.7430098752468812
GermanCredit,Categorical,synthetic,bnsyn,synmc4,bnsyn,bn,bnpred,bn,Accuracy,0.7294168621703142
GermanCredit,Categorical,synthetic,bnsyn,synmc4,bnsyn,bn,cartpred,cart,Accuracy,0.6949691242281058
GermanCredit,Categorical,synthetic,bnsyn,synmc4,bnsyn,bn,parmpred,parm,Accuracy,0.7480150503762594
GermanCredit,Categorical,synthetic,bnsyn,synmc4,bnsyn,bn,svmpred,svm,Accuracy,0.715049476236906
GermanCredit,Categorical,synthetic,bnsyn,synmc5,bnsyn,bn,bnpred,bn,Accuracy,0.755573384616558
GermanCredit,Categorical,synthetic,bnsyn,synmc5,bnsyn,bn,cartpred,cart,Accuracy,0.733
GermanCredit,Categorical,synthetic,bnsyn,synmc5,bnsyn,bn,parmpred,parm,Accuracy,0.75
GermanCredit,Categorical,synthetic,bnsyn,synmc5,bnsyn,bn,svmpred,svm,Accuracy,0.729
GermanCredit,Categorical,synthetic,cartsyn,synmc1,cartsyn,cart,bnpred,bn,Accuracy,0.7338298464766498
GermanCredit,Categorical,synthetic,cartsyn,synmc1,cartsyn,cart,cartpred,cart,Accuracy,0.726
GermanCredit,Categorical,synthetic,cartsyn,synmc1,cartsyn,cart,parmpred,parm,Accuracy,0.722
GermanCredit,Categorical,synthetic,cartsyn,synmc1,cartsyn,cart,svmpred,svm,Accuracy,0.693
GermanCredit,Categorical,synthetic,cartsyn,synmc2,cartsyn,cart,bnpred,bn,Accuracy,0.7342889863249393
GermanCredit,Categorical,synthetic,cartsyn,synmc2,cartsyn,cart,cartpred,cart,Accuracy,0.7490375009375234
GermanCredit,Categorical,synthetic,cartsyn,synmc2,cartsyn,cart,parmpred,parm,Accuracy,0.7340471511787795
GermanCredit,Categorical,synthetic,cartsyn,synmc2,cartsyn,cart,svmpred,svm,Accuracy,0.6870020250506262
GermanCredit,Categorical,synthetic,cartsyn,synmc3,cartsyn,cart,bnpred,bn,Accuracy,0.7287830483009055
GermanCredit,Categorical,synthetic,cartsyn,synmc3,cartsyn,cart,cartpred,cart,Accuracy,0.7569528238205955
GermanCredit,Categorical,synthetic,cartsyn,synmc3,cartsyn,cart,parmpred,parm,Accuracy,0.7340275006875172
GermanCredit,Categorical,synthetic,cartsyn,synmc3,cartsyn,cart,svmpred,svm,Accuracy,0.7260173004325108
GermanCredit,Categorical,synthetic,cartsyn,synmc4,cartsyn,cart,bnpred,bn,Accuracy,0.7408814481124796
GermanCredit,Categorical,synthetic,cartsyn,synmc4,cartsyn,cart,cartpred,cart,Accuracy,0.759
GermanCredit,Categorical,synthetic,cartsyn,synmc4,cartsyn,cart,parmpred,parm,Accuracy,0.766
GermanCredit,Categorical,synthetic,cartsyn,synmc4,cartsyn,cart,svmpred,svm,Accuracy,0.725
GermanCredit,Categorical,synthetic,cartsyn,synmc5,cartsyn,cart,bnpred,bn,Accuracy,0.7328750727119251
GermanCredit,Categorical,synthetic,cartsyn,synmc5,cartsyn,cart,cartpred,cart,Accuracy,0.753
GermanCredit,Categorical,synthetic,cartsyn,synmc5,cartsyn,cart,parmpred,parm,Accuracy,0.735
GermanCredit,Categorical,synthetic,cartsyn,synmc5,cartsyn,cart,svmpred,svm,Accuracy,0.71
GermanCredit,Categorical,synthetic,parmsyn,synmc1,parmsyn,parm,bnpred,bn,Accuracy,0.7051579362543829
GermanCredit,Categorical,synthetic,parmsyn,synmc1,parmsyn,parm,cartpred,cart,Accuracy,0.6809769994249856
GermanCredit,Categorical,synthetic,parmsyn,synmc1,parmsyn,parm,parmpred,parm,Accuracy,0.7380024250606265
GermanCredit,Categorical,synthetic,parmsyn,synmc1,parmsyn,parm,svmpred,svm,Accuracy,0.6950019750493762
GermanCredit,Categorical,synthetic,parmsyn,synmc2,parmsyn,parm,bnpred,bn,Accuracy,0.717958477621217
GermanCredit,Categorical,synthetic,parmsyn,synmc2,parmsyn,parm,cartpred,cart,Accuracy,0.7050918772969323
GermanCredit,Categorical,synthetic,parmsyn,synmc2,parmsyn,parm,parmpred,parm,Accuracy,0.7290074001850047
GermanCredit,Categorical,synthetic,parmsyn,synmc2,parmsyn,parm,svmpred,svm,Accuracy,0.6920220255506387
GermanCredit,Categorical,synthetic,parmsyn,synmc3,parmsyn,parm,bnpred,bn,Accuracy,0.7056104634397806
GermanCredit,Categorical,synthetic,parmsyn,synmc3,parmsyn,parm,cartpred,cart,Accuracy,0.7009821245531138
GermanCredit,Categorical,synthetic,parmsyn,synmc3,parmsyn,parm,parmpred,parm,Accuracy,0.7299869996749919
GermanCredit,Categorical,synthetic,parmsyn,synmc3,parmsyn,parm,svmpred,svm,Accuracy,0.6920019250481262
GermanCredit,Categorical,synthetic,parmsyn,synmc4,parmsyn,parm,bnpred,bn,Accuracy,0.7234803204165156
GermanCredit,Categorical,synthetic,parmsyn,synmc4,parmsyn,parm,cartpred,cart,Accuracy,0.6709821245531139
GermanCredit,Categorical,synthetic,parmsyn,synmc4,parmsyn,parm,parmpred,parm,Accuracy,0.7620129753243831
GermanCredit,Categorical,synthetic,parmsyn,synmc4,parmsyn,parm,svmpred,svm,Accuracy,0.670996699917498
GermanCredit,Categorical,synthetic,parmsyn,synmc5,parmsyn,parm,bnpred,bn,Accuracy,0.711143327439092
GermanCredit,Categorical,synthetic,parmsyn,synmc5,parmsyn,parm,cartpred,cart,Accuracy,0.7140619265481637
GermanCredit,Categorical,synthetic,parmsyn,synmc5,parmsyn,parm,parmpred,parm,Accuracy,0.7320170004250106
GermanCredit,Categorical,synthetic,parmsyn,synmc5,parmsyn,parm,svmpred,svm,Accuracy,0.7080071001775045
GermanCredit,Categorical,synthetic,svmsyn,synmc1,svmsyn,svm,bnpred,bn,Accuracy,0.7096195507451789
GermanCredit,Categorical,synthetic,svmsyn,synmc1,svmsyn,svm,cartpred,cart,Accuracy,0.6949969999249981
GermanCredit,Categorical,synthetic,svmsyn,synmc1,svmsyn,svm,parmpred,parm,Accuracy,0.7209971999299982
GermanCredit,Categorical,synthetic,svmsyn,synmc1,svmsyn,svm,svmpred,svm,Accuracy,0.7190021750543764
GermanCredit,Categorical,synthetic,svmsyn,synmc2,svmsyn,svm,bnpred,bn,Accuracy,0.7074509116286531
GermanCredit,Categorical,synthetic,svmsyn,synmc2,svmsyn,svm,cartpred,cart,Accuracy,0.6920000000000001
GermanCredit,Categorical,synthetic,svmsyn,synmc2,svmsyn,svm,parmpred,parm,Accuracy,0.713
GermanCredit,Categorical,synthetic,svmsyn,synmc2,svmsyn,svm,svmpred,svm,Accuracy,0.717
GermanCredit,Categorical,synthetic,svmsyn,synmc3,svmsyn,svm,bnpred,bn,Accuracy,0.7150261498231041
GermanCredit,Categorical,synthetic,svmsyn,synmc3,svmsyn,svm,cartpred,cart,Accuracy,0.6610664516612915
GermanCredit,Categorical,synthetic,svmsyn,synmc3,svmsyn,svm,parmpred,parm,Accuracy,0.7119971499287482
GermanCredit,Categorical,synthetic,svmsyn,synmc3,svmsyn,svm,svmpred,svm,Accuracy,0.7099970999274982
GermanCredit,Categorical,synthetic,svmsyn,synmc4,svmsyn,svm,bnpred,bn,Accuracy,0.6947236260588737
GermanCredit,Categorical,synthetic,svmsyn,synmc4,svmsyn,svm,cartpred,cart,Accuracy,0.6620167504187605
GermanCredit,Categorical,synthetic,svmsyn,synmc4,svmsyn,svm,parmpred,parm,Accuracy,0.6939768994224855
GermanCredit,Categorical,synthetic,svmsyn,synmc4,svmsyn,svm,svmpred,svm,Accuracy,0.6960019750493762
GermanCredit,Categorical,synthetic,svmsyn,synmc5,svmsyn,svm,bnpred,bn,Accuracy,0.7078354972833711
GermanCredit,Categorical,synthetic,svmsyn,synmc5,svmsyn,svm,cartpred,cart,Accuracy,0.6799670991774794
GermanCredit,Categorical,synthetic,svmsyn,synmc5,svmsyn,svm,parmpred,parm,Accuracy,0.7090071001775045
GermanCredit,Categorical,synthetic,svmsyn,synmc5,svmsyn,svm,svmpred,svm,Accuracy,0.7040020250506263
GermanCredit,Categorical,original,NA,NA,original,NA,bnpred,bn,F1,0.8247093190131327
GermanCredit,Categorical,original,NA,NA,original,NA,cartpred,cart,F1,0.4774133855664488
GermanCredit,Categorical,original,NA,NA,original,NA,parmpred,parm,F1,0.8351740191677298
GermanCredit,Categorical,original,NA,NA,original,NA,svmpred,svm,F1,0.8205519244734931
GermanCredit,Categorical,synthetic,bnsyn,synmc1,bnsyn,bn,bnpred,bn,F1,0.8208961433880977
GermanCredit,Categorical,synthetic,bnsyn,synmc1,bnsyn,bn,cartpred,cart,F1,0.4820809487348429
GermanCredit,Categorical,synthetic,bnsyn,synmc1,bnsyn,bn,parmpred,parm,F1,0.81087464309580215
GermanCredit,Categorical,synthetic,bnsyn,synmc1,bnsyn,bn,svmpred,svm,F1,0.8129990422809703
GermanCredit,Categorical,synthetic,bnsyn,synmc2,bnsyn,bn,bnpred,bn,F1,0.8272954638998923
GermanCredit,Categorical,synthetic,bnsyn,synmc2,bnsyn,bn,cartpred,cart,F1,0.4765121219337937
GermanCredit,Categorical,synthetic,bnsyn,synmc2,bnsyn,bn,parmpred,parm,F1,0.838096682629035
GermanCredit,Categorical,synthetic,bnsyn,synmc2,bnsyn,bn,svmpred,svm,F1,0.8163889562956612
GermanCredit,Categorical,synthetic,bnsyn,synmc3,bnsyn,bn,bnpred,bn,F1,0.8392049524883402
GermanCredit,Categorical,synthetic,bnsyn,synmc3,bnsyn,bn,cartpred,cart,F1,0.4255088477704329
GermanCredit,Categorical,synthetic,bnsyn,synmc3,bnsyn,bn,parmpred,parm,F1,0.8457883596454872
GermanCredit,Categorical,synthetic,bnsyn,synmc3,bnsyn,bn,svmpred,svm,F1,0.832769788652475
GermanCredit,Categorical,synthetic,bnsyn,synmc4,bnsyn,bn,bnpred,bn,F1,0.8195334090377611
GermanCredit,Categorical,synthetic,bnsyn,synmc4,bnsyn,bn,cartpred,cart,F1,0.41661699776259586
GermanCredit,Categorical,synthetic,bnsyn,synmc4,bnsyn,bn,parmpred,parm,F1,0.8359907633187121
GermanCredit,Categorical,synthetic,bnsyn,synmc4,bnsyn,bn,svmpred,svm,F1,0.8112143174332417
GermanCredit,Categorical,synthetic,bnsyn,synmc5,bnsyn,bn,bnpred,bn,F1,0.5141551960074056
GermanCredit,Categorical,synthetic,bnsyn,synmc5,bnsyn,bn,cartpred,cart,F1,0.46592502689248505
GermanCredit,Categorical,synthetic,bnsyn,synmc5,bnsyn,bn,parmpred,parm,F1,0.8361929432373781
GermanCredit,Categorical,synthetic,bnsyn,synmc5,bnsyn,bn,svmpred,svm,F1,0.821915522220442
GermanCredit,Categorical,synthetic,cartsyn,synmc1,cartsyn,cart,bnpred,bn,F1,0.4757580270564019
GermanCredit,Categorical,synthetic,cartsyn,synmc1,cartsyn,cart,cartpred,cart,F1,0.4657972266787984
GermanCredit,Categorical,synthetic,cartsyn,synmc1,cartsyn,cart,parmpred,parm,F1,0.8228823959123635
GermanCredit,Categorical,synthetic,cartsyn,synmc1,cartsyn,cart,svmpred,svm,F1,0.8170694711295378
GermanCredit,Categorical,synthetic,cartsyn,synmc2,cartsyn,cart,bnpred,bn,F1,0.810373710274451
GermanCredit,Categorical,synthetic,cartsyn,synmc2,cartsyn,cart,cartpred,cart,F1,0.5507302403251932
GermanCredit,Categorical,synthetic,cartsyn,synmc2,cartsyn,cart,parmpred,parm,F1,0.8234541510471689
GermanCredit,Categorical,synthetic,cartsyn,synmc2,cartsyn,cart,svmpred,svm,F1,0.8042925427566843
GermanCredit,Categorical,synthetic,cartsyn,synmc3,cartsyn,cart,bnpred,bn,F1,0.8218941405740847
GermanCredit,Categorical,synthetic,cartsyn,synmc3,cartsyn,cart,cartpred,cart,F1,0.5208428369718692
GermanCredit,Categorical,synthetic,cartsyn,synmc3,cartsyn,cart,parmpred,parm,F1,0.8289234848516028
GermanCredit,Categorical,synthetic,cartsyn,synmc3,cartsyn,cart,svmpred,svm,F1,0.8353594682260616
GermanCredit,Categorical,synthetic,cartsyn,synmc4,cartsyn,cart,bnpred,bn,F1,0.34172964853573184
GermanCredit,Categorical,synthetic,cartsyn,synmc4,cartsyn,cart,cartpred,cart,F1,0.45846656595960134
GermanCredit,Categorical,synthetic,cartsyn,synmc4,cartsyn,cart,parmpred,parm,F1,0.854303551874436
GermanCredit,Categorical,synthetic,cartsyn,synmc4,cartsyn,cart,svmpred,svm,F1,0.8386703678239982
GermanCredit,Categorical,synthetic,cartsyn,synmc5,cartsyn,cart,bnpred,bn,F1,0.8310647608457216
GermanCredit,Categorical,synthetic,cartsyn,synmc5,cartsyn,cart,cartpred,cart,F1,0.48334665768191576
GermanCredit,Categorical,synthetic,cartsyn,synmc5,cartsyn,cart,parmpred,parm,F1,0.8343218334633131
GermanCredit,Categorical,synthetic,cartsyn,synmc5,cartsyn,cart,svmpred,svm,F1,0.8292012955628776
GermanCredit,Categorical,synthetic,parmsyn,synmc1,parmsyn,parm,bnpred,bn,F1,0.8140004800691633
GermanCredit,Categorical,synthetic,parmsyn,synmc1,parmsyn,parm,cartpred,cart,F1,0.41832005057623894
GermanCredit,Categorical,synthetic,parmsyn,synmc1,parmsyn,parm,parmpred,parm,F1,0.8290548291655687
GermanCredit,Categorical,synthetic,parmsyn,synmc1,parmsyn,parm,svmpred,svm,F1,0.8200571236079263
GermanCredit,Categorical,synthetic,parmsyn,synmc2,parmsyn,parm,bnpred,bn,F1,0.8140096124671867
GermanCredit,Categorical,synthetic,parmsyn,synmc2,parmsyn,parm,cartpred,cart,F1,0.4788079206655058
GermanCredit,Categorical,synthetic,parmsyn,synmc2,parmsyn,parm,parmpred,parm,F1,0.8237625587523468
GermanCredit,Categorical,synthetic,parmsyn,synmc2,parmsyn,parm,svmpred,svm,F1,0.8159826140514737
GermanCredit,Categorical,synthetic,parmsyn,synmc3,parmsyn,parm,bnpred,bn,F1,0.34793996192235915
GermanCredit,Categorical,synthetic,parmsyn,synmc3,parmsyn,parm,cartpred,cart,F1,0.4162513421206581
GermanCredit,Categorical,synthetic,parmsyn,synmc3,parmsyn,parm,parmpred,parm,F1,0.8243928616569277
GermanCredit,Categorical,synthetic,parmsyn,synmc3,parmsyn,parm,svmpred,svm,F1,0.8175133923314968
GermanCredit,Categorical,synthetic,parmsyn,synmc4,parmsyn,parm,bnpred,bn,F1,0.8053376263722158
GermanCredit,Categorical,synthetic,parmsyn,synmc4,parmsyn,parm,cartpred,cart,F1,0.393950829963403
GermanCredit,Categorical,synthetic,parmsyn,synmc4,parmsyn,parm,parmpred,parm,F1,0.8365707553252282
GermanCredit,Categorical,synthetic,parmsyn,synmc4,parmsyn,parm,svmpred,svm,F1,0.8011746796118054
GermanCredit,Categorical,synthetic,parmsyn,synmc5,parmsyn,parm,bnpred,bn,F1,0.8238939778171509
GermanCredit,Categorical,synthetic,parmsyn,synmc5,parmsyn,parm,cartpred,cart,F1,0.38583356744057434
GermanCredit,Categorical,synthetic,parmsyn,synmc5,parmsyn,parm,parmpred,parm,F1,0.8329635604567263
GermanCredit,Categorical,synthetic,parmsyn,synmc5,parmsyn,parm,svmpred,svm,F1,0.8285877442724052
GermanCredit,Categorical,synthetic,svmsyn,synmc1,svmsyn,svm,bnpred,bn,F1,0.8280847646583689
GermanCredit,Categorical,synthetic,svmsyn,synmc1,svmsyn,svm,cartpred,cart,F1,0.35781721585707044
GermanCredit,Categorical,synthetic,svmsyn,synmc1,svmsyn,svm,parmpred,parm,F1,0.8375070725381718
GermanCredit,Categorical,synthetic,svmsyn,synmc1,svmsyn,svm,svmpred,svm,F1,0.8365335651227833
GermanCredit,Categorical,synthetic,svmsyn,synmc2,svmsyn,svm,bnpred,bn,F1,0.8215786142299989
GermanCredit,Categorical,synthetic,svmsyn,synmc2,svmsyn,svm,cartpred,cart,F1,0.29349206349206347
GermanCredit,Categorical,synthetic,svmsyn,synmc2,svmsyn,svm,parmpred,parm,F1,0.830872956184774
GermanCredit,Categorical,synthetic,svmsyn,synmc2,svmsyn,svm,svmpred,svm,F1,0.8351752661197369
GermanCredit,Categorical,synthetic,svmsyn,synmc3,svmsyn,svm,bnpred,bn,F1,0.8338243766910362
GermanCredit,Categorical,synthetic,svmsyn,synmc3,svmsyn,svm,cartpred,cart,F1,0.2365809618255074
GermanCredit,Categorical,synthetic,svmsyn,synmc3,svmsyn,svm,parmpred,parm,F1,0.8301321843223141
GermanCredit,Categorical,synthetic,svmsyn,synmc3,svmsyn,svm,svmpred,svm,F1,0.8267372166793007
GermanCredit,Categorical,synthetic,svmsyn,synmc4,svmsyn,svm,bnpred,bn,F1,0.13857243299214714
GermanCredit,Categorical,synthetic,svmsyn,synmc4,svmsyn,svm,cartpred,cart,F1,0.3696318850632583
GermanCredit,Categorical,synthetic,svmsyn,synmc4,svmsyn,svm,parmpred,parm,F1,0.8177491390866771
GermanCredit,Categorical,synthetic,svmsyn,synmc4,svmsyn,svm,svmpred,svm,F1,0.8207553135505001
GermanCredit,Categorical,synthetic,svmsyn,synmc5,svmsyn,svm,bnpred,bn,F1,0.2597402597402597
GermanCredit,Categorical,synthetic,svmsyn,synmc5,svmsyn,svm,cartpred,cart,F1,0.33359926937350104
GermanCredit,Categorical,synthetic,svmsyn,synmc5,svmsyn,svm,parmpred,parm,F1,0.8276959876465514
GermanCredit,Categorical,synthetic,svmsyn,synmc5,svmsyn,svm,svmpred,svm,F1,0.8262917043991912
GermanCredit,Categorical,original,NA,NA,original,NA,bnpred,bn,Sensitivity,0.8856633570597391
GermanCredit,Categorical,original,NA,NA,original,NA,cartpred,cart,Sensitivity,0.44333333333333336
GermanCredit,Categorical,original,NA,NA,original,NA,parmpred,parm,Sensitivity,0.8985714285714286
GermanCredit,Categorical,original,NA,NA,original,NA,svmpred,svm,Sensitivity,0.9871428571428571
GermanCredit,Categorical,synthetic,bnsyn,synmc1,bnsyn,bn,bnpred,bn,Sensitivity,0.8712213453710669
GermanCredit,Categorical,synthetic,bnsyn,synmc1,bnsyn,bn,cartpred,cart,Sensitivity,0.42903663500678424
GermanCredit,Categorical,synthetic,bnsyn,synmc1,bnsyn,bn,parmpred,parm,Sensitivity,0.8756592974974751
GermanCredit,Categorical,synthetic,bnsyn,synmc1,bnsyn,bn,svmpred,svm,Sensitivity,0.8651442037930648
GermanCredit,Categorical,synthetic,bnsyn,synmc2,bnsyn,bn,bnpred,bn,Sensitivity,0.873246639979818
GermanCredit,Categorical,synthetic,bnsyn,synmc2,bnsyn,bn,cartpred,cart,Sensitivity,0.42950819672131146
GermanCredit,Categorical,synthetic,bnsyn,synmc2,bnsyn,bn,parmpred,parm,Sensitivity,0.8992805755395683
GermanCredit,Categorical,synthetic,bnsyn,synmc2,bnsyn,bn,svmpred,svm,Sensitivity,0.860431654676259
GermanCredit,Categorical,synthetic,bnsyn,synmc3,bnsyn,bn,bnpred,bn,Sensitivity,0.9007656208850813
GermanCredit,Categorical,synthetic,bnsyn,synmc3,bnsyn,bn,cartpred,cart,Sensitivity,0.37381648158971365
GermanCredit,Categorical,synthetic,bnsyn,synmc3,bnsyn,bn,parmpred,parm,Sensitivity,0.9293976625711717
GermanCredit,Categorical,synthetic,bnsyn,synmc3,bnsyn,bn,svmpred,svm,Sensitivity,0.9039756268105085
GermanCredit,Categorical,synthetic,bnsyn,synmc4,bnsyn,bn,bnpred,bn,Sensitivity,0.884307279849562
GermanCredit,Categorical,synthetic,bnsyn,synmc4,bnsyn,bn,cartpred,cart,Sensitivity,0.3663141195134849
GermanCredit,Categorical,synthetic,bnsyn,synmc4,bnsyn,bn,parmpred,parm,Sensitivity,0.9277864664789907
GermanCredit,Categorical,synthetic,bnsyn,synmc4,bnsyn,bn,svmpred,svm,Sensitivity,0.8858825982692107
GermanCredit,Categorical,synthetic,bnsyn,synmc5,bnsyn,bn,bnpred,bn,Sensitivity,0.43842023234591443
GermanCredit,Categorical,synthetic,bnsyn,synmc5,bnsyn,bn,cartpred,cart,Sensitivity,0.38666666666666666
GermanCredit,Categorical,synthetic,bnsyn,synmc5,bnsyn,bn,parmpred,parm,Sensitivity,0.9114285714285715
GermanCredit,Categorical,synthetic,bnsyn,synmc5,bnsyn,bn,svmpred,svm,Sensitivity,0.9
GermanCredit,Categorical,synthetic,cartsyn,synmc1,cartsyn,cart,bnpred,bn,Sensitivity,0.41683574139109525
GermanCredit,Categorical,synthetic,cartsyn,synmc1,cartsyn,cart,cartpred,cart,Sensitivity,0.4067796610169491
GermanCredit,Categorical,synthetic,cartsyn,synmc1,cartsyn,cart,parmpred,parm,Sensitivity,0.9163120567375886
GermanCredit,Categorical,synthetic,cartsyn,synmc1,cartsyn,cart,svmpred,svm,Sensitivity,0.975886524822695
GermanCredit,Categorical,synthetic,cartsyn,synmc2,cartsyn,cart,bnpred,bn,Sensitivity,0.8315900863269284
GermanCredit,Categorical,synthetic,cartsyn,synmc2,cartsyn,cart,cartpred,cart,Sensitivity,0.49260912698412695
GermanCredit,Categorical,synthetic,cartsyn,synmc2,cartsyn,cart,parmpred,parm,Sensitivity,0.9134607127522542
GermanCredit,Categorical,synthetic,cartsyn,synmc2,cartsyn,cart,svmpred,svm,Sensitivity,0.944182052382997
GermanCredit,Categorical,synthetic,cartsyn,synmc3,cartsyn,cart,bnpred,bn,Sensitivity,0.8785209396577286
GermanCredit,Categorical,synthetic,cartsyn,synmc3,cartsyn,cart,cartpred,cart,Sensitivity,0.45983061101028433
GermanCredit,Categorical,synthetic,cartsyn,synmc3,cartsyn,cart,parmpred,parm,Sensitivity,0.9060868708756032
GermanCredit,Categorical,synthetic,cartsyn,synmc3,cartsyn,cart,svmpred,svm,Sensitivity,0.9747562296858072
GermanCredit,Categorical,synthetic,cartsyn,synmc4,cartsyn,cart,bnpred,bn,Sensitivity,0.2598282290735121
GermanCredit,Categorical,synthetic,cartsyn,synmc4,cartsyn,cart,cartpred,cart,Sensitivity,0.3709090909090909
GermanCredit,Categorical,synthetic,cartsyn,synmc4,cartsyn,cart,parmpred,parm,Sensitivity,0.9462068965517241
GermanCredit,Categorical,synthetic,cartsyn,synmc4,cartsyn,cart,svmpred,svm,Sensitivity,0.9862068965517241
GermanCredit,Categorical,synthetic,cartsyn,synmc5,cartsyn,cart,bnpred,bn,Sensitivity,0.9042412786494297
GermanCredit,Categorical,synthetic,cartsyn,synmc5,cartsyn,cart,cartpred,cart,Sensitivity,0.41171679197994987
GermanCredit,Categorical,synthetic,cartsyn,synmc5,cartsyn,cart,parmpred,parm,Sensitivity,0.933003108003108
GermanCredit,Categorical,synthetic,cartsyn,synmc5,cartsyn,cart,svmpred,svm,Sensitivity,0.9846153846153847
GermanCredit,Categorical,synthetic,parmsyn,synmc1,parmsyn,parm,bnpred,bn,Sensitivity,0.9271832941547149
GermanCredit,Categorical,synthetic,parmsyn,synmc1,parmsyn,parm,cartpred,cart,Sensitivity,0.3820765027322404
GermanCredit,Categorical,synthetic,parmsyn,synmc1,parmsyn,parm,parmpred,parm,Sensitivity,0.9137512846865364
GermanCredit,Categorical,synthetic,parmsyn,synmc1,parmsyn,parm,svmpred,svm,Sensitivity,0.9985611510791367
GermanCredit,Categorical,synthetic,parmsyn,synmc2,parmsyn,parm,bnpred,bn,Sensitivity,0.8944672667662971
GermanCredit,Categorical,synthetic,parmsyn,synmc2,parmsyn,parm,cartpred,cart,Sensitivity,0.4398202009518773
GermanCredit,Categorical,synthetic,parmsyn,synmc2,parmsyn,parm,parmpred,parm,Sensitivity,0.917526848086748
GermanCredit,Categorical,synthetic,parmsyn,synmc2,parmsyn,parm,svmpred,svm,Sensitivity,0.9884057971014493
GermanCredit,Categorical,synthetic,parmsyn,synmc3,parmsyn,parm,bnpred,bn,Sensitivity,0.29583538994424663
GermanCredit,Categorical,synthetic,parmsyn,synmc3,parmsyn,parm,cartpred,cart,Sensitivity,0.3463775780010576
GermanCredit,Categorical,synthetic,parmsyn,synmc3,parmsyn,parm,parmpred,parm,Sensitivity,0.9149098112814097
GermanCredit,Categorical,synthetic,parmsyn,synmc3,parmsyn,parm,svmpred,svm,Sensitivity,0.9942446043165467
GermanCredit,Categorical,synthetic,parmsyn,synmc4,parmsyn,parm,bnpred,bn,Sensitivity,0.8503508553451454
GermanCredit,Categorical,synthetic,parmsyn,synmc4,parmsyn,parm,cartpred,cart,Sensitivity,0.3312820512820513
GermanCredit,Categorical,synthetic,parmsyn,synmc4,parmsyn,parm,parmpred,parm,Sensitivity,0.9090105030403538
GermanCredit,Categorical,synthetic,parmsyn,synmc4,parmsyn,parm,svmpred,svm,Sensitivity,0.9880597014925373
GermanCredit,Categorical,synthetic,parmsyn,synmc5,parmsyn,parm,bnpred,bn,Sensitivity,0.9505133164707633
GermanCredit,Categorical,synthetic,parmsyn,synmc5,parmsyn,parm,cartpred,cart,Sensitivity,0.31857229280096794
GermanCredit,Categorical,synthetic,parmsyn,synmc5,parmsyn,parm,parmpred,parm,Sensitivity,0.9370235398404413
GermanCredit,Categorical,synthetic,parmsyn,synmc5,parmsyn,parm,svmpred,svm,Sensitivity,0.9888111888111888
GermanCredit,Categorical,synthetic,svmsyn,synmc1,svmsyn,svm,bnpred,bn,Sensitivity,0.9718667443667444
GermanCredit,Categorical,synthetic,svmsyn,synmc1,svmsyn,svm,cartpred,cart,Sensitivity,0.3163533834586466
GermanCredit,Categorical,synthetic,svmsyn,synmc1,svmsyn,svm,parmpred,parm,Sensitivity,1
GermanCredit,Categorical,synthetic,svmsyn,synmc1,svmsyn,svm,svmpred,svm,Sensitivity,1
GermanCredit,Categorical,synthetic,svmsyn,synmc2,svmsyn,svm,bnpred,bn,Sensitivity,0.9411541471048513
GermanCredit,Categorical,synthetic,svmsyn,synmc2,svmsyn,svm,cartpred,cart,Sensitivity,0.24028822055137844
GermanCredit,Categorical,synthetic,svmsyn,synmc2,svmsyn,svm,parmpred,parm,Sensitivity,0.9846153846153847
GermanCredit,Categorical,synthetic,svmsyn,synmc2,svmsyn,svm,svmpred,svm,Sensitivity,1
GermanCredit,Categorical,synthetic,svmsyn,synmc3,svmsyn,svm,bnpred,bn,Sensitivity,1
GermanCredit,Categorical,synthetic,svmsyn,synmc3,svmsyn,svm,cartpred,cart,Sensitivity,0.18874773139745915
GermanCredit,Categorical,synthetic,svmsyn,synmc3,svmsyn,svm,parmpred,parm,Sensitivity,0.9860041367083621
GermanCredit,Categorical,synthetic,svmsyn,synmc3,svmsyn,svm,svmpred,svm,Sensitivity,0.970540726878755
GermanCredit,Categorical,synthetic,svmsyn,synmc4,svmsyn,svm,bnpred,bn,Sensitivity,0.0835104259484595
GermanCredit,Categorical,synthetic,svmsyn,synmc4,svmsyn,svm,cartpred,cart,Sensitivity,0.33562841530054643
GermanCredit,Categorical,synthetic,svmsyn,synmc4,svmsyn,svm,parmpred,parm,Sensitivity,0.9870503597122302
GermanCredit,Categorical,synthetic,svmsyn,synmc4,svmsyn,svm,svmpred,svm,Sensitivity,1
GermanCredit,Categorical,synthetic,svmsyn,synmc5,svmsyn,svm,bnpred,bn,Sensitivity,0.03333333333333333
GermanCredit,Categorical,synthetic,svmsyn,synmc5,svmsyn,svm,cartpred,cart,Sensitivity,0.27983050847457624
GermanCredit,Categorical,synthetic,svmsyn,synmc5,svmsyn,svm,parmpred,parm,Sensitivity,0.9929078014184397
GermanCredit,Categorical,synthetic,svmsyn,synmc5,svmsyn,svm,svmpred,svm,Sensitivity,1
GermanCredit,Categorical,original,NA,NA,original,NA,bnpred,bn,Specificity,0.3683704832188329
GermanCredit,Categorical,original,NA,NA,original,NA,cartpred,cart,Specificity,0.8242857142857143
GermanCredit,Categorical,original,NA,NA,original,NA,parmpred,parm,Specificity,0.41
GermanCredit,Categorical,original,NA,NA,original,NA,svmpred,svm,Specificity,0.023333333333333334
GermanCredit,Categorical,synthetic,bnsyn,synmc1,bnsyn,bn,bnpred,bn,Specificity,0.48927301864801864
GermanCredit,Categorical,synthetic,bnsyn,synmc1,bnsyn,bn,cartpred,cart,Specificity,0.8306811805633486
GermanCredit,Categorical,synthetic,bnsyn,synmc1,bnsyn,bn,parmpred,parm,Specificity,0.4324287652645862
GermanCredit,Categorical,synthetic,bnsyn,synmc1,bnsyn,bn,svmpred,svm,Specificity,0.47467209407507915
GermanCredit,Categorical,synthetic,bnsyn,synmc2,bnsyn,bn,bnpred,bn,Specificity,0.4648633879781421
GermanCredit,Categorical,synthetic,bnsyn,synmc2,bnsyn,bn,cartpred,cart,Specificity,0.841726618705036
GermanCredit,Categorical,synthetic,bnsyn,synmc2,bnsyn,bn,parmpred,parm,Specificity,0.439344262295082
GermanCredit,Categorical,synthetic,bnsyn,synmc2,bnsyn,bn,svmpred,svm,Specificity,0.43934426229508194
GermanCredit,Categorical,synthetic,bnsyn,synmc3,bnsyn,bn,bnpred,bn,Specificity,0.39834146494763556
GermanCredit,Categorical,synthetic,bnsyn,synmc3,bnsyn,bn,cartpred,cart,Specificity,0.8545000499450605
GermanCredit,Categorical,synthetic,bnsyn,synmc3,bnsyn,bn,parmpred,parm,Specificity,0.3489187609585038
GermanCredit,Categorical,synthetic,bnsyn,synmc3,bnsyn,bn,svmpred,svm,Specificity,0.3526592635885447
GermanCredit,Categorical,synthetic,bnsyn,synmc4,bnsyn,bn,bnpred,bn,Specificity,0.3763137908678337
GermanCredit,Categorical,synthetic,bnsyn,synmc4,bnsyn,bn,cartpred,cart,Specificity,0.8411010322177042
GermanCredit,Categorical,synthetic,bnsyn,synmc4,bnsyn,bn,parmpred,parm,Specificity,0.3442622950819672
GermanCredit,Categorical,synthetic,bnsyn,synmc4,bnsyn,bn,svmpred,svm,Specificity,0.3312004230565838
GermanCredit,Categorical,synthetic,bnsyn,synmc5,bnsyn,bn,bnpred,bn,Specificity,0.8902552271099655
GermanCredit,Categorical,synthetic,bnsyn,synmc5,bnsyn,bn,cartpred,cart,Specificity,0.8814285714285715
GermanCredit,Categorical,synthetic,bnsyn,synmc5,bnsyn,bn,parmpred,parm,Specificity,0.37333333333333335
GermanCredit,Categorical,synthetic,bnsyn,synmc5,bnsyn,bn,svmpred,svm,Specificity,0.33
GermanCredit,Categorical,synthetic,cartsyn,synmc1,cartsyn,cart,bnpred,bn,Specificity,0.8630741611361133
GermanCredit,Categorical,synthetic,cartsyn,synmc1,cartsyn,cart,cartpred,cart,Specificity,0.8595744680851064
GermanCredit,Categorical,synthetic,cartsyn,synmc1,cartsyn,cart,parmpred,parm,Specificity,0.2576271186440678
GermanCredit,Categorical,synthetic,cartsyn,synmc1,cartsyn,cart,svmpred,svm,Specificity,0.01694915254237288
GermanCredit,Categorical,synthetic,cartsyn,synmc2,cartsyn,cart,bnpred,bn,Specificity,0.5265840489201145
GermanCredit,Categorical,synthetic,cartsyn,synmc2,cartsyn,cart,cartpred,cart,Specificity,0.869332331472735
GermanCredit,Categorical,synthetic,cartsyn,synmc2,cartsyn,cart,parmpred,parm,Specificity,0.3512896825396825
GermanCredit,Categorical,synthetic,cartsyn,synmc2,cartsyn,cart,svmpred,svm,Specificity,0.13804563492063493
GermanCredit,Categorical,synthetic,cartsyn,synmc3,cartsyn,cart,bnpred,bn,Specificity,0.3559375712007291
GermanCredit,Categorical,synthetic,cartsyn,synmc3,cartsyn,cart,cartpred,cart,Specificity,0.8764995567812469
GermanCredit,Categorical,synthetic,cartsyn,synmc3,cartsyn,cart,parmpred,parm,Specificity,0.30695704779189353
GermanCredit,Categorical,synthetic,cartsyn,synmc3,cartsyn,cart,svmpred,svm,Specificity,0.10810647307924985
GermanCredit,Categorical,synthetic,cartsyn,synmc4,cartsyn,cart,bnpred,bn,Specificity,0.9218603044465113
GermanCredit,Categorical,synthetic,cartsyn,synmc4,cartsyn,cart,cartpred,cart,Specificity,0.9062068965517242
GermanCredit,Categorical,synthetic,cartsyn,synmc4,cartsyn,cart,parmpred,parm,Specificity,0.2909090909090909
GermanCredit,Categorical,synthetic,cartsyn,synmc4,cartsyn,cart,svmpred,svm,Specificity,0.03636363636363636
GermanCredit,Categorical,synthetic,cartsyn,synmc5,cartsyn,cart,bnpred,bn,Specificity,0.2773591632193186
GermanCredit,Categorical,synthetic,cartsyn,synmc5,cartsyn,cart,cartpred,cart,Specificity,0.8882478632478632
GermanCredit,Categorical,synthetic,cartsyn,synmc5,cartsyn,cart,parmpred,parm,Specificity,0.23609022556390977
GermanCredit,Categorical,synthetic,cartsyn,synmc5,cartsyn,cart,svmpred,svm,Specificity,0.017543859649122806
GermanCredit,Categorical,synthetic,parmsyn,synmc1,parmsyn,parm,bnpred,bn,Specificity,0.19637769750856718
GermanCredit,Categorical,synthetic,parmsyn,synmc1,parmsyn,parm,cartpred,cart,Specificity,0.8117471736896197
GermanCredit,Categorical,synthetic,parmsyn,synmc1,parmsyn,parm,parmpred,parm,Specificity,0.33557377049180326
GermanCredit,Categorical,synthetic,parmsyn,synmc1,parmsyn,parm,svmpred,svm,Specificity,0
GermanCredit,Categorical,synthetic,parmsyn,synmc2,parmsyn,parm,bnpred,bn,Specificity,0.3273241671073506
GermanCredit,Categorical,synthetic,parmsyn,synmc2,parmsyn,parm,cartpred,cart,Specificity,0.8235741841309561
GermanCredit,Categorical,synthetic,parmsyn,synmc2,parmsyn,parm,parmpred,parm,Specificity,0.3072448439978847
GermanCredit,Categorical,synthetic,parmsyn,synmc2,parmsyn,parm,svmpred,svm,Specificity,0.02924378635642517
GermanCredit,Categorical,synthetic,parmsyn,synmc3,parmsyn,parm,bnpred,bn,Specificity,0.8835337591744514
GermanCredit,Categorical,synthetic,parmsyn,synmc3,parmsyn,parm,cartpred,cart,Specificity,0.8573558544468773
GermanCredit,Categorical,synthetic,parmsyn,synmc3,parmsyn,parm,parmpred,parm,Specificity,0.3107350608143839
GermanCredit,Categorical,synthetic,parmsyn,synmc3,parmsyn,parm,svmpred,svm,Specificity,0.006557377049180328
GermanCredit,Categorical,synthetic,parmsyn,synmc4,parmsyn,parm,bnpred,bn,Specificity,0.4633033633033633
GermanCredit,Categorical,synthetic,parmsyn,synmc4,parmsyn,parm,cartpred,cart,Specificity,0.8375566611387507
GermanCredit,Categorical,synthetic,parmsyn,synmc4,parmsyn,parm,parmpred,parm,Specificity,0.4622843822843823
GermanCredit,Categorical,synthetic,parmsyn,synmc4,parmsyn,parm,svmpred,svm,Specificity,0.02428904428904429
GermanCredit,Categorical,synthetic,parmsyn,synmc5,parmsyn,parm,bnpred,bn,Specificity,0.108128078817734
GermanCredit,Categorical,synthetic,parmsyn,synmc5,parmsyn,parm,cartpred,cart,Specificity,0.8725401359204176
GermanCredit,Categorical,synthetic,parmsyn,synmc5,parmsyn,parm,parmpred,parm,Specificity,0.22014519056261342
GermanCredit,Categorical,synthetic,parmsyn,synmc5,parmsyn,parm,svmpred,svm,Specificity,0.0069570477918935265
GermanCredit,Categorical,synthetic,svmsyn,synmc1,svmsyn,svm,bnpred,bn,Specificity,0.036298701298701296
GermanCredit,Categorical,synthetic,svmsyn,synmc1,svmsyn,svm,cartpred,cart,Specificity,0.8428030303030303
GermanCredit,Categorical,synthetic,svmsyn,synmc1,svmsyn,svm,parmpred,parm,Specificity,0.007080200501253133
GermanCredit,Categorical,synthetic,svmsyn,synmc1,svmsyn,svm,svmpred,svm,Specificity,0
GermanCredit,Categorical,synthetic,svmsyn,synmc2,svmsyn,svm,bnpred,bn,Specificity,0.11334180218986574
GermanCredit,Categorical,synthetic,svmsyn,synmc2,svmsyn,svm,cartpred,cart,Specificity,0.8701825951825952
GermanCredit,Categorical,synthetic,svmsyn,synmc2,svmsyn,svm,parmpred,parm,Specificity,0.02456140350877193
GermanCredit,Categorical,synthetic,svmsyn,synmc2,svmsyn,svm,svmpred,svm,Specificity,0
GermanCredit,Categorical,synthetic,svmsyn,synmc3,svmsyn,svm,bnpred,bn,Specificity,0
GermanCredit,Categorical,synthetic,svmsyn,synmc3,svmsyn,svm,cartpred,cart,Specificity,0.8501428149315473
GermanCredit,Categorical,synthetic,svmsyn,synmc3,svmsyn,svm,parmpred,parm,Specificity,0.028009679370840895
GermanCredit,Categorical,synthetic,svmsyn,synmc3,svmsyn,svm,svmpred,svm,Specificity,0.05964912280701754
GermanCredit,Categorical,synthetic,svmsyn,synmc4,svmsyn,svm,bnpred,bn,Specificity,0.959377664109122
GermanCredit,Categorical,synthetic,svmsyn,synmc4,svmsyn,svm,cartpred,cart,Specificity,0.8046865364850977
GermanCredit,Categorical,synthetic,svmsyn,synmc4,svmsyn,svm,parmpred,parm,Specificity,0.023169398907103827
GermanCredit,Categorical,synthetic,svmsyn,synmc4,svmsyn,svm,svmpred,svm,Specificity,0
GermanCredit,Categorical,synthetic,svmsyn,synmc5,svmsyn,svm,bnpred,bn,Specificity,0.99
GermanCredit,Categorical,synthetic,svmsyn,synmc5,svmsyn,svm,cartpred,cart,Specificity,0.8480547112462006
GermanCredit,Categorical,synthetic,svmsyn,synmc5,svmsyn,svm,parmpred,parm,Specificity,0.033785310734463274
GermanCredit,Categorical,synthetic,svmsyn,synmc5,svmsyn,svm,svmpred,svm,Specificity,0
